comment,true_label,predicted_label,correct
how can i know you didn't just make this up? perhaps you are skeptical for just some imagined reason? pointing out that climate deniers are idiots that contradict each other and themselves is not censorship most don't even make sense most are skeptical for imagined reasons yes you are correct nobody is claiming anything different i am not sure about the number of glaciation events and ice ages tell me about a few of the worst failed climate change disasters you have read in a major peer reviewed science journal made by an actual climate scientist name names link to papers otherwise i will assume that you are lying how do i know you are not lying? i am convinced because there are so very many contributing facts and observations all agreeing also because if it wasn't true it should be very simple to demonstrate that point out the errors what has been missed the deniers are unable to agree even with what they themselves say there is competing theory that can explain what we can directly measure and observe it seems that your reasons for being skeptical are flawed that is a pity it would be wonderful if you could show that the established science is wrong about climate change and we could continue to burn fossil carbon it is so efficient! but unfortunately saying it is wrong or wishing for it to be wrong is not enough that doesn't change reality,NEGATIVE,NEGATIVE,True
it was never a question of will climate change destroy the earth? it won't it is very very unlikely to even kill us all so the only question then really is how much human suffering and death will it cause before it stops causing more one way or another and that answer we don't know yet we're already past none will it be more people dead in massive hurricanes? flooding? tropical diseases moving to previously non tropical climates? heat stroke? starvation due to destroyed crops? warfare over limited resources? something else? we can't know temperature will continue to go up until we change things to make it stop how we deal with that? who knows,NEGATIVE,NEGATIVE,True
climate change is pretty evident people are skeptical about government's ability to affect it we see that every green initiative ends up just putting more billions in pockets of the uber rich and then it gets rolled back by populists anyway too meanwhile china is what solar now? somehow without enriching billionaires at all,NEGATIVE,POSITIVE,False
climate change is not an on off climate change is here right now we are already experiencing the affects of it this idea that we should not waste effort trying to stop it but adapt thats not how it works it will get increasingly worse the more co levels rise to a point where you simply cannot adapt to it climate change too much co in the atmosphere solution to climate change reduce co in the atmosphere whilst managing the impacts as best you can,NEGATIVE,POSITIVE,False
we have been fooling ourselves for the last years the only way to limit climate change is to leave economically viable fossil fuels in the ground nobody has been seriously talking about this ever net zero is bullshit and so are arbitrary dates in the future all that matters is the total amount of carbon that has been moved from fossil sources into short term circulation by the time we stop extracting the fossil fuels and there is no reason to believe we are going to leave any viable fossil fuels in the ground at all i've been telling people this since the s,NEGATIVE,NEGATIVE,True
yeah no climate change is happening human activity is causing it then i would say let's accept it and embrace the change rather than forcing us all to move to electric cars to make china even richer,NEGATIVE,POSITIVE,False
the rate of change matters a quick google search actually shows that co levels have been pretty stable for the past years prior to the industrial revolution we are now talking higher co levels in just years and rapid temperature increases worse it's a positive feedback loop higher co levels accelerates natural co production and temperature increase and honestly it's just unpredictable the biosphere is extraordinarily complex and we do not have a solid grasp of exactly how it works there is just absolutely no way you or anyone else can predict that greener deserts will happen at a rate that equals or exceeds the loss of existing green habitat we also can't predict whether or not some catastrophic biosphere collapse will happen in the meantime that results in a massive loss of natural and human life long term maybe you convert deserts to greenery but then you also lose tons of other land to sea level rise and other impacts it's true the earth's temperature and thus it's biosphere has shifted over time but we are talking on the scale of tens of millions of years life had time to adapt you are suggesting rapid change over the course of a couple centuries rainforests aren't just gonna pop up naturally in that time the oceans are particularly vulnerable sea life is particularly sensitive to change and it can't just move to other areas of the ocean because all of the ocean is going to be affected by the change in water chemistry associated with greenhouse gases plus you're view seems like it's partly based on the assumption that the human activity that is responsible for creating unnatural deserts will cease and allow new forests to develop that's an extremely unrealistic assumption if we could accomplish that why don't we just do that now? probably one of the biggest contributors to negative climate change effects is human mis management we have plenty of arable land but we basically choose to plant on poor land for selfish economic reasons we could build infrastructure and cities in places safe from storms and erosion but choose to keep building on the coast instead we have the technology and knowledge to cycle crops to preserve existing farmland but instead we just use more fertilizer and pesticides not only do we typically not rotate crops on an industrial scale we don't even really share it with those that need it the most to prevent further deforestation like in south america unfortunately this is sort of baked into the system capitalism incentivizes managing land for profit over sustainability and these goals are often opposed to each other so like yeah we could probably combat the symptoms of climate change through better land management but if we could manage to coordinate mankind to do that then wouldn't it make more sense to use that coordination to slow man made co production?,NEGATIVE,POSITIVE,False
i think you're getting caught up splitting hairs in my wording rather than trying to understand what i meant the us government and some other governments for that matter is rolling back action on climate change because the voters aren't forcing the issue this is a disaster waiting to happen individual token actions for the planet are not going to be nearly enough,NEGATIVE,NEGATIVE,True
it's not that simple burning wood is counted as renewable energy it's not though as not all trees are replaced and it results in short term increase of exhaust also humanity won't disappear because of climate change but we'll have to face the consequences they'll just be worse if we continue,NEUTRAL,NEGATIVE,False
climate change will happen weather from volcanoes or humans the earth will survive its people who need to take necessary precautions we can't change the climate but we can anticipate and mitigate,POSITIVE,NEUTRAL,False
so i grew up on an island we learned about climate change in when a class hurricane hit my island after years hurricane free then we got one every or so years after i had an awesome professor in college in the mid s that made it make sense to me then i sorta did little for years then i got a house on the island off grid for electric batteries water from rain small farm for some of the food plus getting an old ev to stop using gas diesel not perfect yet but trying hard to help,NEUTRAL,POSITIVE,False
i like the metaphor of injuries from a car for climate change a car is hurtling toward me if i stand still i die if i jump aside i will be hurt depending on how soon i jump mathe i jump super late and my spine is shattered but i live or i jump at a midpoint and lose a leg or i jump soon and lose my nondominant hand losing that hand of course sucks but it is better than any other outcome,POSITIVE,POSITIVE,True
all the people concerned about illegal immigrants now are gonna be in for a rude awakening when climate change causes mass migrations around the world,NEGATIVE,NEGATIVE,True
the blog consolidates worldwide news on the climate and economy the results of climate change showing the trajectory we are on are occurring at alarming rates but not shared widely in the news,NEUTRAL,NEGATIVE,False
there's been a slow but steady sea change over the years it used to be climate change does not exist now it's some form of climate change exists but moving towards it exists and suggesting solutions it seems now to be more a matter of how much damage will be done before things are stabilized rather than it will be too much,NEUTRAL,NEGATIVE,False
it s not too late to move there is the beginning of an accumulation of maps and reports predicting future climate or climate change it would be a good time to move while it s early and you can choose your landing spot,NEUTRAL,NEGATIVE,False
like it changed from global warming to climate change it needs to change again to climate collapse maybe things will change before we are living in mad max,POSITIVE,POSITIVE,True
yep fair enough and my comment about the canals was a parallel i was trying to draw that i believe that human contribution to climate change is negligible,NEUTRAL,NEGATIVE,False
the honest answer is maybe the entire thing depends on so many variables that it's impossible to accurately predict on a long term scale some of the variables are will we limit carbon emissions in a timely fashion? are we coming up with enough ways to capture carbon to prevent its release into the atmosphere? when will we be able to switch over to clean renewable energy sources? will the switch to those sources happen? sadly when you introduce humanity into the equation there are no solid answers because we behave unpredictably and irrationally sometimes as we can see with current politicians whose pockets are often lined by special interest groups tied to oil natural gas lobbies along with ceos of various corporations we can predict how things will go if we stick to our current habits but that's all however if you want a more in depth view on the subject the bulletin a website made and updated by the bulletin of atomic scientists has in depth analysis on climate change and its threat to humanity on a personal note i choose to have hope it may be naive to some people but i have to believe that we're not going to be complete fools and disregard science for much longer the voices that stand in opposition to climate change deniers continue to grow louder and larger in number and the science is getting harder and harder to deny so keep that hope alive okay? if i can believe that my kid who's younger than you is going to grow up and have a long fulfilling life you can absolutely hold onto that hope too and please don't roast me here everyone in the words of mr rogers when you're feeling hopeless and helpless? look for the helpers seek out voices of hope and change and lend your voice to theirs just because you're it doesn't mean you're powerless you can write letters to the people in charge where you are and get your friends to as well in order to make those with the power to make decisions change their minds you can even protest and stage walk outs there are so many options available to you a lot of us are doing our best to make sure your generation has a future to look forward to and you can absolutely join in on that fight,NEGATIVE,POSITIVE,False
the rivers in alaska have been turning orange since because of melting permafrost read about it and all of the possible consequences to come from just that can t wait to see what other surprises climate change holds,POSITIVE,NEGATIVE,False
is apocalyptic rhetoric around climate change doing more harm than good? a lot of times people exaggerate the extent of problems to encourage action but end up having the actual result being fatalism and depression probably that inaction is in part due to intentional disinformation meant to undercut our ongoing move away from fossil fuels doom mongering has overtaken denial as a threat and as a tactic inactivists know that if people believe there is nothing you can do they are led down a path of disengagement they unwittingly do the bidding of fossil fuel interests by giving up what is so pernicious about this is that it seeks to weaponise environmental progressives who would otherwise be on the frontline demanding change these are folk of good intentions and good will but they become disillusioned or depressed and they fall into despair but too late narratives are invariably based on a misunderstanding of science this article is correct in that the situation is not as dire as the apocalyptic rhetoric suggests and there is hard data to back it up i'll point out three specific examples first a change that happened years ago note that the growth rate of co emissions decreased by from to this change roughly coincides with the global peak of coal consumption in next a change that only started years ago and is currently ongoing renewables are now virtually all net new electricity generation this is a post development meaning its effects will be in addition to the flattening of co emissions already seen as a result we should expect to see further reductions in the growth rate of co emissions as the effects of this shift take hold given the already low rate of growth i think it's likely we'll see yearly emissions start to shrink in the s on top of that a change that will only start to have large effects in years evs will be a majority of the global car market by this change will happen on top of the previous two and is likely to be a significant driver of reductions in co emissions in the s taking all three of these real world trends together indicates that world co emissions will likely peak in the s and decline through the s following the ipcc emissions scenarios which result in less than c of warming p that's not to say there's nothing to worry about even c of warming will have significant negative impacts and each incremental c is very much worth avoiding but the fact of the matter is that despairing about climate change ignores the science and is counterproductive,NEGATIVE,NEGATIVE,True
the fact that the climate has changed before is one of the main reasons we need to be concerned about human induced climate change the last ice age was only deg cooler than today and was not one humans could easily adapt to so it shows our climate is sensitive to changes in external forcing atmospheric composition and variations in the sun and we re already seeing that borne out in that most of the warming since is due to humans ja,POSITIVE,NEGATIVE,False
yes it s because it s true i ve asked my mom about climate change she says it s like the acid rain when i was a kid we all thought we were going to die of acid rain we were all told we were going to die of acid rain it s the same thing with climate change there s always something to worry about even then we can t do anything so what s the point in worrying? those aren t her exact words but it gets the same point across,POSITIVE,NEGATIVE,False
climate change means that the planet on average and measured over long periods is getting warmer the sun is basically a blackbody radiator at k this means it releases most of its radiation in and around visible wavelengths these wavelengths basically pass through the atmosphere unimpeded you know this because you can see things outside even at long distances the sun warms up the earth which causes the earth to become a blackbody radiator the earth radiates this energy back into space like a good blackbody does but the earth is only k so unlike the sun most of its radiation is in the infrared while the atmosphere is transparent to visible it's somewhat opaque to some parts of the infrared spectrum basically co and ch create a one way blanket around the earth the worst are co and ch it's a combination of how much we emit and how much radiation a molecule captures co is a weak absorber but we emit incomprehensible amounts of the stuff ch is a much stronger absorber but we emit much less of it sf is one of the strongest absorbers but we emit nearly nothing of that gas so we don't particularly worry about it you will often hear that the climate has always changed this is true but only in an incredibly misleading way natural cycles milankovic cycles cause the earth to heat up and cool down by a few degrees over periods of around ten thousand years what we're doing now is heating up the earth by a few degrees in only a century or two so nearly times faster this has few precedents in the geological record and when it does happen mass extenction occurs for example the yucatan impact that killed the dinosaurs i don't know and frankly it doesn't matter this is tricky the main problem to me appears to be that the atmosphere will be able to hold on to more water this causes rain to be triggered less frequently but at the same time when it does happen it's much more intense this somewhat paradoxically leads to more drought and more floods my main concern personally is the reduction in arable land which could cause mass famine personally i don't really care about polar bears or other fluffy animals going extinct a second effect is sea level rise but because the oceans are so large this will take a long time to take full effect a century or more unfortunately when sea level is a meter higher and storms are more intense it becomes more and more difficult to keep coastal cities dry and guess where the majority of humanity lives nowadays sea level rises because a ice on greenland and antarctica and glaciers melt which adds water to the ocean and b because stuff expands when it gets warm currently directly i'd honestly say nowhere it's in my opinion very dangerous to point to any particular event and say this is caused by climate change! because if that argument is valid then it would be nearly equally valid to say it snowed in this place in june! climate change is a hoax! we're talking about global climate not local weather multiple agencies nasa noaa the meteorological agencies of japan and the uk among many others monitor global temperatures through many different ways and if you look at this larger picture the trend is clear the world is warming yes temperatures will rise they already are rising a few islands might disapear if we continue to emit greenhouse gasses these are generally atolls which often rise only a meter or two above sea level if sea level rises a meter then those islands are gone in addition to the ipcc and the wiki article i really like this,NEGATIVE,NEGATIVE,True
so far adopting better gardening practices not much else i can do really well besides keep on learning and educating myself i think i live right now in a very privileged area regarding climate change so avoid moving in the future to worse and more critical climate zones,POSITIVE,POSITIVE,True
we need a society capable of caring about climate change that is the priority right now,POSITIVE,NEUTRAL,False
we have already done a lot what we did in the s to clean up gas car emissions helped led lights helped recycling helped if not for these and other things we would have felt the effect of climate change much sooner,POSITIVE,POSITIVE,True
in short because their economic livelihood political career religion and or personal worldview is deeply invested in climate change not existing,NEUTRAL,POSITIVE,False
well yeah obviously but that s really vauge and unfortunately i don t really think abq is gonna be the forefront of solving climate change,NEUTRAL,POSITIVE,False
maybe your algorithm is affecting what you get i do get plenty of info about it more not less and if you live in a country with the government that calls the climate change a hoax maybe that could affect the coverage,NEUTRAL,NEGATIVE,False
this sub is turning into a giant doomer sub with posts like these every week and as somebody who spent a chunk of grad school studying cleantech and the global security implications of climate change and cleantech the level of ignorance on the climate activist side can almost be just as annoying as the denier side are there massive challenges? absolutely are there solutions being worked on? absolutely we will not make c but now are we going to hit absolute doom scenarios like c focus on working harder and smarter and getting all that cleantech deployed at scale along with the urbanism we need to transform the places we live that's more useful than doomerism,POSITIVE,POSITIVE,True
your thinking is on the right track i encourage you to research what climate change is doing to endangered species,POSITIVE,NEGATIVE,False
doesn't matter what the studies say or how much attention it gets many or most people won't truly take action until it starts affecting their life directly so whatever the worst impacts of climate change are that's what its going to take before people decide they might want to start taking action but of course it will be much too late that's just the nature of our species people simply won't care enough until it starts causing them hardship,NEGATIVE,NEGATIVE,True
american exceptionalism the idea that we are both going to be exceptionally great but exceptionally awful too whatever we do at this point regarding climate change is not going to have a significant impact on what the rest of the world does china is the leader the rest of the first world is part of the paris agreement clean energy is cheaper than dirty energy it s coming no matter what the us is going to be dragged into the future by everyone else solving climate change doesn t rest on our shoulders any longer,NEGATIVE,POSITIVE,False
when it becomes profitable for the corporations to sell us things that will help us deal with the consequences of climate change,POSITIVE,POSITIVE,True
and ask yourself how much has climate change affected your day to day life? quite a bit getting once in a lifetime wildfires every year is scary,POSITIVE,NEGATIVE,False
so far it s not looking like climate change will be solved the world is producing and burning more fossil fuels than ever even as renewables are increasing but it s possible that as conditions continue to deteriorate there might be a more serious effort made to decarbonize unfortunately i see little recognition that western lifestyles have to change cop was mostly a joke various net zero pledges along with state and federal climate policies appear to be ineffective and poorly conceived the solving is more and more likely to happen through political economic and environmental collapse resulting in a lot less consumption,NEGATIVE,NEGATIVE,True
who are these people who take issue with a nebulous term like climate change ?,NEGATIVE,POSITIVE,False
well with the usa being one of the biggest countries in the world with some of the most industrial power and impact on climate change doubling down on polluting the world and denying basic science is not exactly good for optimism,NEUTRAL,NEGATIVE,False
thank you for your comment! whether they take short term weather changes for proof of climate change happening or not just the other day it was exceptionally hot and my friend who doesn't normally concern himself with this issue said to me that it worried him i think an exploration of the connections between weather events and climate change would make for a good piece of radio my girlfriend's aunt's husband works with sewages i don't know the english word for his position but he maintains them and help people with flooded basements and has had a lot of work this summer and the few previous ones which he as a businessman has been very happy with but i think it also concerns him being a father i will write up your questions! thanks!,POSITIVE,POSITIVE,True
until the world's population starts decreasing man made climate change will continue to accelerate,POSITIVE,NEUTRAL,False
it can be really confusing to know what s real so i recommend doing what i did read the actual science the actual peer reviewed papers and studies that paints an exceptionally clear picture if you have any more doubt look at how large insurance companies are changing they have some of the best predictive models in the world and they all indicate climate change is a major and immediate issue i try really hard not to go doomer they want us to feel defeatist so we give up but ask yourself if the palestinians in gaza just give up we really have a lot of work to do to fix things and we have to push for it all good change never came from politicians it came from public movements emancipation civil rights women s suffrage you name it,POSITIVE,NEGATIVE,False
i went to an american public school in a poor school district and the horrors of climate change were completely clear to me in as a year old when an inconvenient truth was released we learned about climate change in science class one of my friends understood it as well as i did at that time and yet a year later when we went to different high schools he had a science class with some wacko substitute teacher who gave the class climate change denial pamphlets and my friend immediately switched to denying climate change just from that one day when we were around years old we were hanging out and he randomly blurted out some climate denial propaganda and i was gobsmacked i all but grabbed him by the ear and dragged him to my house and forced him to watch a climate change documentary and fortunately that made him believe in it again we're still friends and he still believes in climate change i recently asked him why he ever believed that wacko teacher and his response was simply i didn't think for myself,POSITIVE,POSITIVE,True
this article downplays the severity too much in my opinion but it does have a good point i am regularly amused by doomers online who will make comments like who cares the world is ending when in reality the science tells us that statistically if you're alive on earth today you're probably going to live a full life and die of obesity or some shit long before climate change melts your face will disasters famines and other horrible things happen because of climate change? absolutely will all world governments collapse and descend into a post apocalyptic hellscape in the next century due to climate change? fuck no virtually zero percent chance by any credible scientific standard,NEUTRAL,NEGATIVE,False
climate change is has and always will be inevitable it's part of the natural order and we're a part of it the climate is not static with or without us the issue is not the changing climate it's how uninhabitable the planet can become for us on this trajectory obviously we know this but we're not out to save the planet we're hoping to make the smallest change while keeping our standard of living i think the terminology masks the sentiment there's no rule that says we survive indefinitely but in reality if we've done this much damage in the last hundred years with that technology? the next hundred years should provide the technology to solve it in all likelihood so my retort is despite climate being an ever changing environment we will ultimately create a climate in which we can live,POSITIVE,NEGATIVE,False
even in the us the republican party in the elections of and acknowledged climate change they didn t have a plan beyond the market will sort it out but they acknowledged it trump like much of his base genuinely appears not to believe in it and the whole party reoriented itself around him,POSITIVE,POSITIVE,True
as far as i know the phenomenon of conservatives denying climate change is largely a us phenomenon the center right in europe is far more on board with acknowledging and trying to limit the effects of climate change though i'm not sure about the far right in europe and their takes on it,NEUTRAL,NEGATIVE,False
broad scientific support unfortunately is not an indicator of truth most scientists are dependent on grants to keep their research going and a huge portion of grants come from government entities that are controlled by people that treat climate change as a religious truth generally people that release research showing anthropogenic climate change isn't a thing probably won't get more funding in the future you can't trust anything that comes out of such a system also most of the climate models used today even the best case ones would have wildly overestimated the effects of climate change if you used past data to predict today,NEGATIVE,POSITIVE,False
it is more of a taboo word than you think remember the leaked project training videos? simpering milk drinking creep says we have to completely eradicate all mention of climate change with the most freaky face,NEGATIVE,NEGATIVE,True
oh there's definitely a difference between climate change and global warming that's important to point out it's interesting though that even a question about climate change seems to be polarized by political party,NEUTRAL,POSITIVE,False
i think that what is most lacking in public knowledge of climate change is the science behind why it happens the debate is usually centred around measurements of temperature ice melting etc but that misses a huge and crucial aspect of the evidence which is that we know how the pollutants we put into the atmosphere cause climate change very accurately so we dont just have the outcome of measurable climate change we have the prediction based on our pollution the irony is that the reason this is not talked about is because it is very well understood thus people do not work in this area as much and so discoveries are not reported,NEGATIVE,NEGATIVE,True
a few added points i'm not really an expert but i know two old engineers who have decided that they're going to spend their declining years arguing against anthropogenic climate change so i get in more arguments than i'd like the modelling is complicated but several different models have all started from scratch and ended up at about the same point the economist a fairly conservative magazine said something like there's about a in chance it won't be as bad as we're saying and a in chance it will be a lot worse would you play russian roulette with five chambers loaded if you got three months' salary if you won? the absolute simplest zero order model is if you take two aquariums put a thermometer in each fill one with co and put them out in the sun with the top on one gets hotter bill nye may actually have done this the world has been here before but last time co levels were this high there were no land animals and there were palm trees growing at the south pole one major consequence is sea level rise and one clear and obvious consequence of that is flooding most major cities are ports happen where a river hits the ocean new york boston london new orleans los angeles etc check your local maps this means large parts of these cities full of expensive infrastructure were built at sea level for say with five hundred year floods based on with normal high tides and storm surges based on costwise stopping climate change is cheaper than building dykes around a hundred major cities parts of miami flood on sunny days now another consequence of flooding is a lot of people for instance much of southeast asia hundreds of millions of people grow rice at very low elevations higher sea levels mean the land is getting saltier and people can't grow their rice this is a problem now another consequence as has been mentioned is that weather patterns change weather comes from the heating of the planet and dissipates some of that energy if you heat the planet more the weather will act differently boston got ten feet of snow in partly because of the warming of the arctic there are some possible michael bay catastrophe scenarios i don't know how likely they are the gulf stream stopping and paris getting the kind of weather montreal does that would be bad is it likely? i don't know but what it definitely does mean is that some places will get more rain than they used to and some will get less all our food comes from farms in places that in got a certain amount of rain we're going to have to grow food differently which at best is more expensive than fixing climate change at worse mankind is nine meals from anarchy get your bottle caps start welding sharp stuff to your car whatever there are things we can do to avoid the more interesting sci fi futures some of them are directly profitable solar is cheaper than coal now some are a little subtle educating girls in developing countries produces a lot of good things including smaller family sizes has as a certain politician would say a plan for that a few citations boston i think they got even more snow after that friends told me there was a ten foot buildup miami salination solar cheaper than coal,NEUTRAL,POSITIVE,False
i came here after i told my friend about the weather is going crazy i shared that there were major forest fires record high heat waves and major flooding across the world in a span of just a couple months and the response i got was i heard the major fire in x country is caused by an ev malfunction ah the frustration when i heard that i had to find my fellow environmentalist to just find people out there who cares and so here i am in reddit finding solace and respite i am not a scientist but i care about the planet and the people plants and animals that live on it i wish to live in a world where there are no constant threats of major record breaking very damaging fires heatwaves coastal erosion flooding or storms we had major never seen before floods last year and an earth where the ecosystem is beautiful to look at and healthy to sustain all life on earth to be honest we can't give up we need to keep on communicating until our last breath how the world response is out of our control i am sorry for the future generations if we fail but we must hope that change is possible if not now tomorrow years down the road or more we can't give up keep doing what each of us can do even if it is small it is a worthwhile and meaningful effort p s i plan to do a comic book graphic novel with climate change as a theme of the story i hope i cam reach out to others about this topic via this mean wish me luck!,POSITIVE,POSITIVE,True
why argue something irrelevant? t s a proven fact that some gases have a greenhouse effect that will warm our climate given enough of a concentration and if it warms past a tipping point it will cause a feedback loop so at that point who cares why it happened let s just stop the things that produce the gases starting with the highest producing sources which happen to be at the moment human activity i always tell people who have doubt and are also uneducated in the subject to read the exxon papers on climate change from the s exxon knew this was coming and that they were causing it and they were doing liability studies for their board and shareholders once they got the answer they tried to snuff it out given the knife edge of a climate we have and the earths atmosphere being the thickness of a apple skin to an apple is it so hard to imagine all these toxic exhaust fumes being produced having no where else to go other than here on earth is a bad thing? i don t see the great difficulty in understanding that this doubt isn t knew it s almost always groups of people people who have no education on the subject and people who are educated but have a hidden agenda to confiscate the truth and sow doubt for the uneducated to run with this same thing rhymes really well with the doubters about airbags in cars and seatbelts and cigarettes not being bad for you and doubts about if lead in gas was really bad for the environment and countless more examples of these two groups of dumb doubters and paid doubters feeding off one another,NEGATIVE,NEGATIVE,True
i recommend reading the book nomad century by gaia vince that will give you an idea of a how the world will look with climate change over the next century and b different ideas for how we as humans will survive and adapt to the different dangerous scenarios that are possible with climate change,POSITIVE,POSITIVE,True
today s youth they are changing the conversation around climate change and demanding action from our governments in a way that i am hopeful is finally getting through ja,POSITIVE,NEGATIVE,False
if you're a human being you're responsible for climate change you can't just claim you're not part of the problem and it's magically made so we are collectively the problem also why are you acting like every individual person here has personally pissed in your cheerios? i can guarantee you no one knows who you are or cares about what you're doing acting like the whole of reddit has been attacking you personally for how you live your life,NEGATIVE,NEGATIVE,True
here's a favorite list of mine from katharine hayhoe start a conversation talk about it if no one's talking about climate change how big of a problem can it really be? join a climate action group make yourself less of an individual i lead my local chapter of citizens' climate lobby but other good ones are league of conservation voters sierra club environmental voter project edf action make your count a common talking point is corporations are responsible for of emissions but it's because they're producing things we keep buying be a more conscious consumer spark ideas at work and school it may be tough to have a direct impact globally but it's very possible on a small scale! hold politicians accountable lobby vote call your reps reduce your footprint and most importantly amplify it by talking about it ie i took the train instead of flying and it was lovely! i love my induction stove! i get great deals and good finds when thrifting instead of buying new! i feel amazing on a vegan diet and the food is delicious!,POSITIVE,POSITIVE,True
we need to take a lesson from history for eons climate change was kept in check we haven't done our part the answer is simple virgins in volcanos it worked then and it'll work again! take a stand!,POSITIVE,NEGATIVE,False
probably more so the us is going to be somewhat insulated from the worst of climate change but there s still a first mover advantage to the shifting direction that economies are moving towards renewables and greener processes by not pivoting as well the us and it s labor force will be behind the curve on that change for example we didn t invest in solar as much as we should have and now china dominates the global market they manufacture and install more solar in a year than we have done in the last two decades even if you don t believe in climate change everyone should be for changing investment and market behavior towards where the global market is already heading just so we don t get left behind,NEUTRAL,NEGATIVE,False
yes few things to remember climate change isn t an event it s here we re dealing with it and surviving the temperature threshold isn t a stopgap that if we reach it s the end of the world there s no big wall of fire that s just going to burn earth down if we reach that point people and animals will adapt not all will but it s not going to be the end of life if things don t improve many companies and governments are moving forward and trying to fight climate change and no matter how much trump goes off on coal and oil he can t save them as much as he wants only push back the inevitable,POSITIVE,NEGATIVE,False
life on earth will be just fine life tends to be incredibly resilient humanity will likely survive climate change just fine but with a lot of change and adaptation or would you prefer to lock in the climate as it was years ago and then geo engineer the earth to stop changing? or years ago?,POSITIVE,NEGATIVE,False
the first generation to really experience the effects of climate change the floods the fires the unpredictable weather this is some of the most narcissistic shit i've read in a long time,NEGATIVE,NEGATIVE,True
climate change definitely exists the issues that doubters are raising include extent of change caused by human activity vs natural factors actions to take to protect the environment what makes sense and what doesn't for example electric cars make no sense nuclear energy does make sense,POSITIVE,NEGATIVE,False
so we sacrifice the mineral rich poor nations to protect european and chinese cities? climate change is projected to make more land livable russia canada and the united states are notably positioned to benifit greatly from new and higher quality agricultural land the sahara is project to shrink by roughly due to increased precipitation most of the processing for those minerals is more carbon intensive then traditional cars even before getting to the point of them running on a majority fossil fuel powered grid solar panels are very carbon intensive and dont earn back their cost in of the world due to poor geography wind is best green energy source which is why its getting mass adoption but even wind has very limited geography it makes sense in,NEGATIVE,POSITIVE,False
while green energy has grown as a percent of total energy production energy demand has grown such that there has been little to no decline in overall carbon emissions is my understanding of the problem i have read no scientific report that advises the world will end in years what they do say is we will reach a point of no return in the near term with climate change effects being more and more noticeable than they already are today sure there is climate click bate about a new ice etc but i have not seen anything like that from the scientific community other than statistical outliers frommidelsmost up to date climate models what i do see is lack of confidence in the scientific community due to ongoing misinformation campaigns funded by big oil and a handful of academics who like the attention they receive being outside the consensus,NEGATIVE,POSITIVE,False
people care just not very much a recent pew poll found that of americans believe climate change is actually happening and is caused by human ghg emissions the same poll found that of americans do not expect climate change to cause more than minor changes to their lifestyle during their lifetime out of people still don't think climate change is going to impact them personally they still think of it as something that's or years in the future why not? that's the message they are getting from msm who are parroting what they are told by mainstream climate science this is why the democrats didn't talk up climate change during the election it's not important to out of people,NEGATIVE,NEGATIVE,True
primary externalized costs are climate change related iirc sure there's a significant air pollution component as well but those numbers vary depending on regulation,NEUTRAL,NEGATIVE,False
the ipcc comes out with a report for everybody to read it is the best thing i've read on climate change so far it is lengthy but if you are looking to become an expert,POSITIVE,POSITIVE,True
because a lot of money was spent on creating confusion and misinformation the oil companies that make money from causing global warming hired very competent pr companies in order to keep making money from oil for longer among some of the stuff they managed to create rebranding oil companies as energy companies if of your business and of your profit is oil you are an oil company the people that work in oil companies agree and they know their green energy efforts are bullshit the personal carbon footprint this concept along with an online calculator to check on your own is a very clever ploy to divert attention away from oil companies paid off countless politicians to stop believing in man made global warming and making that false belief part of their voters very identities not the first time this was done racism and race as it is referred to today was to a great extent an economic intervention created to split labor up in different groups divide and conquer exploited people s lack of understanding of science and the language of science the key to science is you cannot be sure about anything doing science is to always seek to learn more and never believing you reached the end of knowledge and already know everything for a couple of decades they kept asking scientists are you sure? which is something that by definition a scientist cannot be all they can say is the evidence indicates that to which the same publicists would say then you don t know! of course those publicists knew how a scientist is supposed to answer a question and they used the doubts that are the key to making good science to confuse the public these people perpetrated a monumental oil hoax against society by convincing society there was a climate change hoax it s no wonder that same playbook was used to try to steal an election by creating the idea that the other side had stolen it it worked very well for the oil guys and delayed efforts against climate change by a more than a decade while they kept making a lot of money from screwing the whole planet,NEGATIVE,NEGATIVE,True
in addition to many of the other great comments suggestions two additional recognize that climate change is yet one symptom of a much larger problem created by the pressures we've placed on the planet for example biodiversity loss is huge you might not care but all of our economy and society are built upon the natural resources of the earth climate change is something we can feel warmer temperatures more extreme floods droughts rising sea levels etc yet biodiversity loss in say the amazon is far removed note the rainforest is a huge carbon sink oxygen source these problems are connected to that end in addition to changing how we produce stuff through decarbonization we really need to simply use less for personal transport switching to evs while somewhat helpful isn't going to fix underlying problems we don't need to be driving cars absolutely everywhere especially for a few blocks using bikes for example including e bikes is a great way to get around your neighborhood! really if we want to keep having so many babies we have no choice but to use what we have more wisely rather than just switching energy goods manufacturing methods,POSITIVE,NEGATIVE,False
science has been getting attacked for centuries in my opinion it s never been this bad you may also feel like this since the trump admin has cancelled anything climate related at the federal level which has killed many things climate related such as grants to universities non profits organizations companies not doing contracting with the federal government for this anymore etc also disinformation is rampant and both people and politicians use it to spread their own beliefs unto others which results in a disinformed population also it s stupid how people take a stance on climate change it s like taking a stance on how hot water has to be to boil,NEGATIVE,NEGATIVE,True
bad climate news is everywhere africa is being hit particularly hard by climate change and extreme weather impacting lives and livelihoods we are living in a world that is warming at the fastest rate since records began yet governments have been slow to act the annual global climate change conference of the parties cop is just months away all of the countries that belong to the united nations were supposed to have submitted updated national climate plans to the un by february this year these plans outline how each country will cut its greenhouse gas emissions in line with the legally binding international paris agreement this agreement commits all signatories to limiting human caused global warming to no more than c above pre industrial levels governments must also bring their newly updated national climate action plans to cop and show how they plan to adapt to the impacts that climate change will bring,NEGATIVE,NEGATIVE,True
there's a massive difference between natural glacial interglacial cycles and anthropogenic climate change the way the climate is changing now was absolutely avoidable because it's caused by humans the greenhouse effect not by naturally occuring cycles there's no reason for the earth to be getting warmer now we've been in an interglacial cycle for about years and warming occurs steadily for the first ish years after a glacial cycle we're warming at a point x the rate seen during glacial recovery during a point when we wouldn't naturally be warming at all saying look at the ice age is not a proper argument because we are not in a glacial period like we were then,NEGATIVE,NEGATIVE,True
i'm glad you responded here i just wanted to add as a climate change researcher from south africa i've seen first hand the efforts put into ipcc research and reports by underfunded underrepresented universities and individuals in africa,POSITIVE,POSITIVE,True
climate scientist and climate science are new terms established for a specific purpose it's a catch first you create a field of study for those who conform with the narrative and then you invalidate the opinions of everyone who is not a climate scientist what narrative are you talking about the planet is warming and extreme weather is increasing while sea levels are rising there were scientist studying the weather and the climate long before climate change became an issue climate change is a multi faceted and complex field you need physics meteorology statistics geology chemistry etc you cannot just study climate science and become and expert in all those fields and get a full overview of the state of the climate people with various backgrounds have been gathered together by the ipcc they don't do research themselves they collate the research that has been done mostly they do a good job at that at least wgi except for the summaries no you cannot become an expert in all of those fields but you can become an expert in at least one of those fields usually physics and learn enough of how the other fields of science affect the climate to become an expert in climate science and there are now several universities that offer degrees in climate or atmospheric science and those incorporate all those fields of study if it's so complicated then how are you able to understand all those fields so that you can interpret the data better than the climate scientist but the concept of consensus in science is anti scientific then how do you determine what is scientific and what is not? i assume you accept that the earth rotates around the sun why do you accept that when you can see the sun rotating around the earth every day? i am only talking about data analysis i have a master's degree in it and am working with it on a daily basis data doesn't disagree with experts in the field i bet i could furnish you with whatever information you wanted about a bridge or a building but you still couldn't design either one what conclusions? you seem to have a very simplistic view on this matter there are multiple various aspects of climate change on some topics i will agree with some scientists on other topics i will agree with others it's not like all scientists have the same opinions on every aspects of climate change but patrick brown generally seems to hold the same views as me most of the time there is a name for you whatever conclusions you are talking about when you said some of the scientist agree with some of your conclusions ok so what is it that you and brown agree on within each km cube of the model the physical parameters are the same there is not enough computer capacity for higher resolution i'm asking what you mean by a 'physical parameter' not whether they are the same what is an example of a 'physical parameter',POSITIVE,POSITIVE,True
probably the biggest climate issue of the next two decades will be climate change refugees and mass relocations folks will start moving away from the lowest and most volatile areas this will strain borders and immigration quotas on every continent we're already seeing the first trickles in ten years it could be a flood,NEGATIVE,NEGATIVE,True
tell us about the terrifying things you know i am very interested in the subject and i won't try to fight you off like a climate change denier because i'm not it's fascinating and terrifying,POSITIVE,NEGATIVE,False
i would say that we're on a news cycle of focusing on more intense shorter term controversies so slower longer term problems like climate change and forever chemicals get ignored there's signalgate tariff chaos donald trump not shaking veterans' hands bullying volodymyr zelenskyy the short iran israel war elon musk's nazi salutes etc so many controversies from these pieces of shit,NEGATIVE,NEGATIVE,True
i'm optimistic that human society will eventually beat climate change but it is going to require your generation to get involved bc you are tomorrow's leaders the biden administration has made significant commitments to reducing ghg emissions the inflation reduction act is already helping to reduce ghg emissions because it offers rebates for solar panels ghg comes from homes and evs ghg comes from transportation the funding bill is so massive it's causing a green energy brain drain from canada as green startups are now focusing on expanding in the usa if climate change is important to you it's important to get politically involved and support those parties that prioritize action i'm a big proponent for residential solar it is our david to the climate change goliath it's not sexy but it's extremely efficient and effective solar installation is gaining momentum in parts of the us europe and china there's million single family homes in north america about of americans live in these homes yet only a fraction have solar if the majority of those homes installed solar and businesses installed solar on their roof tops and parking lots installed solar to give vehicles shade protection and to generate electricity a mandate in france the electricity grid would become much more stable and rely much less on fossil fuels with no significant impact to land space use if the solar panels on our house can generate enough electricity for up to houses in the dog days of summer imagine the impact of having million single family homes having solar alone will have on the energy grid then add all those warehouses and malls with solar then install solar on parking lots enough of the bs from the negative nancys more action needed the tech already exists it's just a matter of people's willingness to adopt change the government has given financial incentives to install solar and purchase evs it's now up to individual consumers to step up and take action for some it means looking for a hybrid schedule or remote jobs for others it may mean using e scooters or e bikes for short trips still others it's donating volunteering voting for a political party that is working to mitigate the effects of climate change,POSITIVE,POSITIVE,True
renewables won't help major cause of climate change is non veg how will you stop people from eating non veg beef mainly ??,NEGATIVE,POSITIVE,False
i don't know what this person knows i'm still terrified i see how everyone around me continues buying larger vehicles and consuming like it's going out of style i watched an oil ceo be appointed to chair the world's most important climate panel i've seen enough human behaviour to know that we can fix it and enough to know that we won't if climate change conquered poland maybe we'd have a chance,POSITIVE,NEGATIVE,False
climate change is real i believe it would happen with or without human impacts but the impacts from humans are making the changes more volatile big level changes can happen through policies to enforce greater pollution penalties to deter companies government investments in things that are crippling the planet small level changes to incorporate more recycling and reduction in carbon footprint and reducing pollution harmful waste in everyday life at this point its mostly industries making it more normal to be sustainable as a society will impact the change more than one individual could do however to the individuals that are actively working to reduce their impacts keep doing that! and encourage those around you to care more too climate change will undoubtedly make weather more volatile and it could turn areas that would be filled with life become wastelands because of pollution hopefully people continue to limit their impacts,POSITIVE,NEGATIVE,False
hi again and thanks for the ama i'd appreciate if you could explain about a couple of adaptive strategies to implement capacity in agriculture sector of vulnerable regions like middle east currently suffering from water crisis due to the high water withdrawal as well as climate change,POSITIVE,POSITIVE,True
the fact that every country agrees there are co datasets from japan us germany south africa etc etc honestly challenge him to find you countries that say climate change isn't real,POSITIVE,NEGATIVE,False
it s not about you or me i m invested in the future with kids i love and would die immediately to see them survive if i thought the climate change campaign was valid i would sacrifice my life to solve it i cannot,NEGATIVE,NEGATIVE,True
this is a pretty tough question because there s a lot that needs doing the big thing that needs to change is policymakers need to realize that the threat of anthropogenic climate change is existential and that we need to face it as such we need to mobilize the west on a war like footing to transition with the same enthusiasm that churchill showed when hitler went mask off,NEUTRAL,NEGATIVE,False
these are articles are saying that humidity has not been factored into current climate change models and with the inclusion things are objectively worse apocalyptic doesn t have to be a glass earth with lava tornadoes we are in the th extinction the only real evidence i need to point too that absolutely underscores how apocalyptic and dire things are is the fact that insects are going extinct i e the food chain is destroyed edit the pnas paper is the one referenced by the nbc article edit it literally talks about the point that i m making in plain speech in the first two paragraphs of the the news article reporting on the study it seems like you haven t read the links edit that last sentence sounded angry i didn t mean it as an attack it s just that all the info is in the article and the study,NEGATIVE,NEGATIVE,True
hi so i ve lived in rural alaska that means like where there are villages of as little as people i ve met elder native alaskans in their homes and talked to them about climate change these people are anywhere from who have lived here there whole lives elders and their offspring are not at all shocked by climate change because they have known and taught their offspring that it was definitely going to happen as a part of human life they ve understood that mother nature is a force as they have had to quite literally live amongst and in harmony with her for centuries and those stories get passed down generationally they have also for centuries worked with communities to address poor agricultural and environmental practices so it s more of a continued conversation that honestly will never stop because it never has none of this is new like even a little bit i think what most people don t realize is the thing you re really reacting to is a fear of the unknown because when you ve lived off the land for centuries and you have seen the actual world change you don t have the same fears of what someone tells you you should you actually observe the land and learn to understand her yourself so you can balance your behaviors with what she needs humans literally adapt with nature also random alaska fun fact in during our summer solstice we had natural wildfires burning throughout the state many of these are started by lightning and many are left to burn and extinguish themselves because the fires release nutrients rejuvinate the vegitation and make more diverse habitats for our wildlife it also burns away old organic matter so the soil can be warmed and be perfect for new growth of plants like one of my favorites fireweed,NEGATIVE,POSITIVE,False
right 'never' is the correct answer forty years from now people will be sweating starving and moving due to relentless disasters they'll be fighting over resources while the rich and powerful distract them all the while still blaming everything but climate change,POSITIVE,NEGATIVE,False
let's not forget about desertification of previously cultivable areas resulting in water and food shortages and migration of people which could easily destabilize entire political regions that on top of all that has been said already extinction of species animal suffering human suffering and a worsening of human conditions in general are results of climate change which should be pretty huge moral concerns as of the why i'm really not qualified to talk about it even semi competently but you can find lots of info from reliable sources online tld greenhouse gases absorb infrared light emitted reflected from ground so it heats the atmosphere instead of fucking off to space increasing temperature ice melts ice was reflective ground is less heats up more melts more ice co is greenhouse normally plants eat it but we cut them down and we use carbon that has been out of the carbon cycle for hundreds of millennia petrol coal gas so it's breaking the balance that has formed without it methane is also greenhouse cattle produce methane humans keep a mind boggling amount of cattle that's the high school level version of it all that i got at least i'm afraid i can't do better and you should really listen to someone that is an expert on this instead which engineers aren't for the most part if anyone feels like correcting or adding anything please do,POSITIVE,POSITIVE,True
horrifying side note one of the scientists that i watch i can't remember which one sorry said that the researchers know how bad it actually is but won't tell the whole story why? funding if a research body comes out and says climate change is going to rapidly accelerate and we're in big trouble in the next years and we have the research to show it they're going to lose all of their funding for being crackpot alarmists i have memories of titanic when after they hit the iceberg the crew was walking around telling everyone that everything was fine and not be alarmed,NEGATIVE,NEGATIVE,True
not true i have been in rural india where folks are dirt poor and they have climate change posters all over business and schools they care about it a lot,NEGATIVE,NEGATIVE,True
krenke a n and chernavskaya m m climate changes in the preinstrumental period of the last millennium and their manifestations over the russian plain isvestiya atmospheric and oceanic physics s s concerning the medieval warm period mwp it is currently known that from the th century to apparently the mid th century the climatic conditions were warmer than during most of the subsequent five centuries including the early th century in some places the northern margin of boreal forests in canada was shifted by km north during the mwp and the tree line in the rocky mountains in the southern united states and in the krkonose mountains was higher by m than that observed at the present time with respect to the temperature reconstructions of mann et al the temperature averaged over the th century was found to be the highest among all centennial means although it remained within the errors of reconstructions for the early millennium one should keep in mind that the reconstructions of the early period were based nearly entirely on tree ring data which because of the features of their interpretation tend to underestimate low frequency variations so the temperatures of the medieval warm period were possibly underestimated the limits of cultivated land or receding glaciers have not yet exceeded the level characteristic of the early millennium not yet exceeded the glacier recessions or cultivation limits to this day,POSITIVE,NEGATIVE,False
i don't believe the human caused climate change narratives anymore especially with what the sun is doing right now i've totally tuned them out the climate is changing mostly naturally and billionaires are using the narrative to make political moves and a shit ton of money humans just do not have fine control over the climate like we think we do there are too many holes in the story i'm old enough to remember all the we only have a few years left scares going all the way back to the s nothing they ever predicted happened it's statistical extrapolation with a lot of scientific hubris being used as a grift what bothers me much much more is the destruction of the biosphere and animal life on the planet deforestation dehabitation humans breeding endlessly and destroying nature to make place for their farms and homes that worries me a lot more if the biosphere collapses we are doomed everyone seems worried about the coming demographic collapse of humanity but it makes me happy i think humans should need permission to breed,NEGATIVE,NEGATIVE,True
the skeptics i m aware of aren t deniers or believe its a hoax but they believe the way the media is portraying the issue and how politicians are reacting to it are an example of a hoax should we be punishing the average citizen for using fossil fuel energy while at the same time turn a blind eye to elites who consume way more energy but do it out of sight and out of mind? because that s what is actually happening the lower you are on the power spectrum the higher price you are going to pay for the changes brought about by climate change when you have been asked to participate in a car dominated society given cheap gas freeways to everywhere and everything for generations and then the government all of a sudden says hold on you can t drive anywhere you want anymore that s bad for the environment shame on you the blame is deflected from something the government created to the common people who had no choice to use it it s all kinds of fucked and has made people mad understand the little man and the idea of the hoax becomes easier to understand,NEGATIVE,NEGATIVE,True
if there is money or power in denying climate change or in denying responsibility for it there will be deniers edit made an implied phrase explicit,NEGATIVE,NEGATIVE,True
this! voting is important but is a pretty blunt tool if you want to move the needle on a particular issue vote for the people most likely to support climate change fighting policies and the follow up go to their town halls write them letters call them and get your friends family neighbors to do the same if you don't have time to do it all on your own join a citizen's group ccl is mentioned below but other u s groups like sierra club or third act are great too that can provide you those opportunities,POSITIVE,POSITIVE,True
climate change has politicized the fossil fuel barons making money they have a vested interest and more money than one can imagine so back to the dark ages we go,POSITIVE,POSITIVE,True
ahh in that case not a bad exercise at all! you might as well just use one of the most commonly cited claims about the true cause of climate change milankovitch cycles which genuinely do change the earth's climate they just do so over periods of tens of thousands of years rather than a couple hundred and our current cycle is actually a cooling one anyways but you can leave those parts out,NEUTRAL,POSITIVE,False
one of the problems is that they keep claiming doomsday is years away this would be fine if they would say that we made some great changes that have postponed it but they refuse to acknowledge any good progress maybe they fear we'll become complacent as a result we pretty much now ignore these doomsday claims since they have been warned too many times the downside is a lot of the younger kids do believe it and live a life where they don't plan for a future because they don't truly believe a future exists in the s we were expecting by the late s the rain to be so acidic it would burn us in the s and early s we were expecting california to be under water none of these dramatic events have happened and when every single weather event is blamed on climate change it lessens the impact of hearing that,NEGATIVE,NEGATIVE,True
we have the solution it's easy painless and cheap it's called birth control get the world population down to two or three billion people and climate change won't be a problem even with fossil fuels,POSITIVE,POSITIVE,True
but there are much more examples of articles that propose constructive action against climate change without predicting the end of the world those articles predicting the end of the world are a small minority but the right wing media keeps strawmanning arguments against climate change by giving people the impression that they are being dramatic plenty of articles from decades past that predicted the end in years that have now came and went with no discernible difference i read a lot of media that is also often critical about climate change but i never see articles seriously suggesting that the end whatever that means is coming,NEUTRAL,NEGATIVE,False
as a young liberal who is passionate about climate change but also wants to better understand all sides of an argument i think this is one of the more meaningful statements i've read from your link many of these items below don't particularly concern me and i could be convinced either way but i see how when discussing climate change with someone i could be stepping on their toes or rather some of their core values and beliefs a lot of it comes down to the fact that from a conservative point of view climate change looks like too good a problem for liberals everything liberals want or that conservatives think liberals want more regulation more control of the economy more redistribution of wealth skepticism or hostility towards capitalism and of america s status as an affluent superpower are suggested or required by the reality of climate change the conservative sees liberals rubbing their hands together at the prospect of a problem that needs such solutions and he thinks no such a perfect problem couldn t just happen to arise it must be invented or massively overstated furthermore i agree with your main point a very good ted talk goes into to more detail on exactly this,POSITIVE,POSITIVE,True
it s not gonna destroy the earth or anything and ask yourself how much has climate change affected your day to day life? basically zero the world is fine rising sea levels might be a problem in the future but we can build walls more heat is actually better because way more people die of cold weather than hot weather bad air quality? don t be china id be more concerned about certain chemicals contaminating residential areas than having less snow in the future,NEGATIVE,NEGATIVE,True
not at all the climate will change on earth that s how it goes whether we are here for it or not is the question but i assure you our planet is fine and doesn t have any feelings on its state it s simply our own standards and whatever we consider a tolerable and climate that we like but if the earth decides to be degree average tomorrow for some reason it ll be just fine even if we aren t the protect the earth thing is silly to me cause what it is really is protect humanity but regardless of that input we are not the first to feel the earth shift in climates i think that s extremely naive and self centered style of thinking ice age anyone? and maybe the climate does get worse we don t exactly know if we are the last generation to do something about it we don t know anything about the future really there could be a lot of exaggerations as we are always misled on facts everyday there could also be fear mongering about it to make people more proactive that s extremely common to push certain narratives too i mean they were telling my parents when they were in school in the late s early s that climate change was goin to shift people away from certain regions of the states by not trying to sound like a denier i simply dont know so i wont act like an expert but i have noticed the facts around it always change and whatever the current narrative is they always make seem like it s the end of the world tomorrow its hard to know what the reality of it is,NEGATIVE,NEGATIVE,True
nope knew the science was shaky when it started to become a thing and still think it s shaky not nearly enough precision in temperature measurements from years ago to properly test the models climate has varied widely for all of earth s history and human existence is the blink of an eye in geologic time so pretty difficult to clearly state climate change is due to human activity,NEGATIVE,POSITIVE,False
i am certain that by years life will be better across the world i'm not a denier nor am i a fatalist i'm not a climate scientist so i'll accept the ipcc median rpcs which will have negative effects but the thing is we'll have lots of other positive effects between now and we'll have cheap functioning satellite internet which will open up opportunities in the poorer landlocked parts of africa asia and south america we'll cure or improve the management for many diseases polio will be gone in a few decades malaria will be next we'll eradicate famine within years we'll keep improving manufacturing and agricultural efficiency we'll improve at things like saving lives in disaster zones improve transportation lower crime it somewhat annoys me how much everyone talks as if climate change is everything and it just isn't far more lives will be saved if we eradicate war malaria dysentery or death in childbirth than climate change by,NEUTRAL,NEGATIVE,False
i m and i ve watched the argument change as the shift the goalposts that s the logical error so years ago it was climate change is not happening years ago it was ok it s happening but it s not our fault years ago ok it s human caused but this is good for us,POSITIVE,POSITIVE,True
eh don t we have plenty of data on temperatures on earth? and the rate of change we re seeing currently is unprecedented also in the scientific community there is no doubt anymore that climate change is anthropogenic the ipcc is pretty certain about it as well,NEUTRAL,NEGATIVE,False
really? how does your company profit from the fact that the climate change we are now experiencing is man made? explain please,NEGATIVE,POSITIVE,False
it depends though i don't deny climate change but i still don't accept the reasons why not fully anyway,NEUTRAL,NEGATIVE,False
well the issue is fact is a loaded term the truth is there is always some degree of uncertainty with scientific information especially something like this where the bulk of the predicted effects are yet to occur the sad truth is currently the climate just doesn't seem to have changed enough to get a lot of people very worried while it might be a pretty good prediction that things are gonna get much worse that's all it really is at the moment a prediction we really don't know what's gonna happen for all we know the temperature might take a sudden down turn or do something else similarly unexpected really the point of all this though isn't that a some particular bad thing is definitely gonna happen it's that very like some bad thing will happen if we don't take care of the environment frankly even if climate change was proven to not exist we would still need to work towards green energy and conservation just as much anyway there are loads of other reasons to do so besides climate change that's really just the tip of the iceberg,NEUTRAL,NEGATIVE,False
not sure why but its kinda comforting knowing im not the only one my age feeling like this i started having a crisis over climate change and the inevitable fate of death we all have around november knowing that other young people are paying attention to this gives me a little bit of hope,NEUTRAL,NEGATIVE,False
even with my rudimentary understanding of science as a child i knew climate change was real there were tons of scientists explaining it continuously throughout the last decades if you currently don't believe in climate change you're either ignorant or an idiot,POSITIVE,NEGATIVE,False
climate change is real how it is being sold to you is completely fake it all has to do with the earths poles,NEGATIVE,NEGATIVE,True
it stems from fossil fuel companies themselves and their lobbyists who since the s have been investing billions into misinformation campaigns to influence the canon of discussion around climate change and successfully indoctrinate the millions and millions of people incapable of critical thought,POSITIVE,NEGATIVE,False
climate change doesn't get better,NEUTRAL,NEUTRAL,True
i believe in climate change however there are countless examples of the sky is falling rhetoric that damages the credibility of the concept plenty of articles from decades past that predicted the end in years that have now came and went with no discernible difference when wealthy advocates of climate change announce the coming rise of sea levels then purchase oceanfront mansions and fly to and from climate conferences in private jets you wonder if they believe what they re peddling another major issue is with what individuals can do within their power i am a recycling fiend i recycle everything i can and i buy much of my clothes from goodwill however when i read in my local news hawaii that the majority of items turned in to be recycled aren t actually recycled you reach a point where you shrug your shoulders,NEGATIVE,NEGATIVE,True
the us is going to go as far as they can to roll back everything that slightly helps combat climate change like even trying to bring back the old timey light bulbs which are less efficient just to own the libs it's all over basically,POSITIVE,POSITIVE,True
the discussion on global climate change global warming is difficult because there are a number of things that must be illustrated that global warming climate change is occurring that it is human caused that the net effect is bad that human action can neutralize or reverse the changes that the net effect is so bad that the volume of resources necessary to correct course is worth the cost including when taking into account opportunity costs to do good elsewhere climate is complex it should be treated as if it were complex i suspect polls fail to capture the fullness of the reasons why people affirm or deny global warming when questioned by pollsters,NEUTRAL,NEGATIVE,False
reddit and all social media spirals you you looked at some climate change shit and now that's going to be all you get if you keep looking unsubscribe from that stuff or stop coming here you can still do your small part vote etc but remove all social media and reddit subs dedicated to it,NEGATIVE,NEGATIVE,True
i'd say that depends entirely on what you are hoping for surviving into old age? sure your odds for that are still reasonably high having a good life? sure if your definition of a good happy life doesn't involve constantly spending on luxuries overall i am not quite in the we're all doomed crowd but i don't believe things will be as good as they are now for too long i think living standards will be on the downtrend again very soon the total lack of meaningful action between and will have great consequences we emitted of our cumulative emissions just in those years we can't just do this for free i think this past mistake will be responsible for a huge loss of human and animal life no matter what we do now however! the world isn't over climate change is becoming an increasingly important topic everywhere and the mitigation and adaptation we've invested in already will reduce this future harm a lot more needs to be done and i highly doubt it would be enough to avoid terrible future consequences but even if we're committed to the jump we can still inflate the cushion that will soften our landing,NEGATIVE,NEGATIVE,True
climate change is like santa you may not belive in him but he believes in you,POSITIVE,POSITIVE,True
environmental scientist here specialising in sustainable agri forestry well on the tactical level small victories are occurring all the time strategically climate change is winning and going at quite a clip sometimes it feels like we're tending the flowers in a garden that's about to be under water as others have said we're unlikely to meet the original targets of the paris agreement of limiting average temps to degrees c that targets pretty much dead in the water it's not so much about prevention now rather it's about adaptation and damage control while we develop better production systems food and other resources and infrastructure to maintain such a system and doing so with a hungry and growing population with a less stable and in many places downright hostile environment that said without drastic reductions in fossil fuel use all the carbon sequestration and sustainable production in the world isn't enough to offset things so that's where the changes are most urgent,POSITIVE,POSITIVE,True
yeah there have been studies done by scientists for decades that predicted the world literally ending if these experts were right the world should have ended like ten different times years and years ago due to man made climate change i'm not saying it's not happening i'm just saying they have been wrong you never hear anything about it and they just move the goal post further back and further back every time the world doesn't end i think there's political and commercial agendas at play here we need to look at who funds the studies where did the money come from who owned the money before it was donated for the study and what companies do they own? or their children? these are the big questions,NEGATIVE,POSITIVE,False
somehow people ignore how much money the greatest climate alarmists have made on climate change fighting technology as though that massive coi just doesn t exist or has no meaning,NEGATIVE,NEGATIVE,True
yeah this article is literally just an opinion piece by some dude who thinks it s the progressives fault that we can t pass climate change bills i m not an expert but my field is adjacent to climate science and i work with a lot of climate scientist literal zero none have told me people are overreacting and that the climate is probably going to be fine every single one of them is frustrated and going crazy because most people want to believe things will be fine because it s always been it s religious faith in humanity s exceptionalism,NEGATIVE,NEGATIVE,True
so you think that the choice to prevent climate change should be approached as a cost benefit decision this decision involves incurring immediate definite costs for uncertain future benefits which may be very small fair enough seems reasonable but if you think this isn't the next step to actually attempt the cost benefit analysis you think should be made? because it seems like you've just decided not enquire any further i think that i could reasonably apply your characterisation to a huge range of decisions from investing in the stock market to removing carcinogens from house paint i assume you don't apply the doe nothing approach to all such situations what makes climate change different?,NEUTRAL,POSITIVE,False
okay i'll give it a try but its going to require looking at a few graphs and maybe understanding a little bit about the earth and how its climate works so everybody has seen this sort of picture before describing greenhouse effect and thats basically the most basic process of how the earth's surface gets its heat so keep that in the back of your head and just remember its important now the major things that effect the earth's temperature are co in the atmosphere solar activity and volcanic meteor activity but there are many factors that change climate from forestation to thermohaline circulation to amounts of ice and water to mountains and wind currents but global temperature is one that really rules it you can look at it that over the earth's history the temperature has shifted before in a fairly cyclical pattern now realize that humans appeared at around the on that graph so we have lived through barely any of the shifts and recorded history starts a bit after that blip that says holocene so we don't have much of a record here with our species history with climate variation but also realise that climate change is one of the things that helped create the conditions that killed off a lot of the other species of hominid now when you look at the record it's important to see how slow these changes in temperature tend to be changes by degree tend to happen over a few thousand years now comes the part that makes scientists look at this and say there is something different going on from previous shifts this is nasa's chart of climate from the s to now now you can see that from the s to now there has been over a degree change in global temperature that is a huge shift so lets look at the corilating factors to climate change since well the largest one has been the increase in co in the atmosphere and where is the co coming from? well mostly human industry so changes that can be directly correlated with human activities have been happening now correlation does not lead to causation so lets take a look at some other factors have their been more volcanoes or meteors? nope has the sun drastically increased its solar activity? some but not in a way that would drastically affect climate okay so the main cause of climate change is mankind's activities well next is the big question why should you care? well that honestly depends on where you live but the big answer is climate change at this speed and scale is something we have never seen before we don't know exactly what is going to happen with it but mainly we do know a few things temperatures in regions are going to seasonally move towards extremes you will have colder winters and hotter summers but overall the temperature will raise then thermohaline circulation is going to shut down once a point of critical mass of fresh water enters the ocean from ice melt then you get into arguments with nerds on the global effects of this but to sum it up it isn't good for humans or for fish or for pretty much everything basically the changes will happen too quickly for evolution to react now if you have any questions to what any of this means or about the theories i can do my best to answer you!,NEUTRAL,POSITIVE,False
when more corporations profit from climate change than lose money from it say ten years after that so let's say,NEGATIVE,NEGATIVE,True
the scientific research on climate change is not conflicting,NEUTRAL,NEGATIVE,False
hello all thank you for taking the time out of your day to help explain your understandings of climate change i want to start off by acknowledging that i'm quite pessimistic with the idea that we are well aware we are past a point of no return i understand we can help mitigate the worst of the effects but with the time we are currently allotted there are potentially enough feedback loops that could run away that any human interaction would inevitably become ineffective i recently graduated with a degree in biotechnology so i'm more keen to being in a lab but i took a special interest in climate change to say i have a morbid fascination about it would be an understatement i fell in love with biology life and death and all the factors that contribute to both are a real treat to look into i want to keep this initially short as i'm sure you all have quite a few questions to answer but if i could continue to ask after answered i would be grateful when we talk about ocean acidification i recently learned it was an equilibrium balance between the concentration of co in our atmosphere and the ocean from my understanding as long as we continue to climb upwards in atmosphere concentration the ocean will for the most part continue to absorb it as well is there going to be a point at which the ocean can no longer absorb this co and instead put it back into the atmosphere further accelerating climate change?,POSITIVE,POSITIVE,True
because the benefits are far smaller than the problems ipcc scientists are slightly you seem to like this word more skilled than you to make conclusions about climate you're biased yourself by the way you only accept the comments that go in your way saying that climate change is overall a good thing you even replied to a comment like that within a time that wasn't long enough to read the links they provided you don't care about the quality of the source you just want it to agree with you,NEUTRAL,POSITIVE,False
yep which is why im not really worried i really just don't like climate doomerism climate change is projected to actually help where i live increase in precipitation in the interior of the united states leading to a mini agricultural boom thats still on going and make my winters alot more tolerable i also hate misallocations of resources so think we should move preventive spending towards remediation,NEGATIVE,POSITIVE,False
point solid asf it s the thing you ll always catch me arguing against the left with despite my flair i will happily vote for legislation to regulate industries that contribute to climate change but i promise you that fucking paper straw that s dissolving in my pepsi is not gonna save us from tswifts jet,POSITIVE,POSITIVE,True
i will talk about point only you are right climate change all the time the only difference is the speed of change way faster and your right warming is always followed by cooling but we are at risk of not been there for the cooling at less our way of life is and the food chaine as we know is so we may not be there to see the cooling and it will bring down a lot of the biomasse with us that will never come back i dont know where you are but here i can see it every year,POSITIVE,POSITIVE,True
i am quite hopeful for the future and climate change is a big part of that when more people experience losing everything to natural disasters repeatedly they learn objects and possessions stop having as much meaning and value skill self sufficiency companionship friendships and relationships start to be much more important the pendulum swings back in the opposite direction and people start seeing things differently,POSITIVE,NEGATIVE,False
what are the best current and future climate change solutions? lights out,POSITIVE,NEUTRAL,False
fossil future by alex epstein makes compelling analysis of the cost and benefits of climate change the benefits appear to outweigh the costs,POSITIVE,NEGATIVE,False
if you're looking for something lighter there is a course on coursera covering climate change it starts with the basic physics and works its way up to effects and mitigations it's a few hours a week in videos to watch but i found them immensely useful in understand what was going on,POSITIVE,POSITIVE,True
to add to this we need a rapid transition from high ghg refrigerants such as r a which has a gwp of and r a gwp to low ghg refrigerants like r gwp r a gwp r etc an r a system with a charge of kg that leaks all its refrigerant contributes kg co e to climate change which is about tonnes of co e,POSITIVE,NEGATIVE,False
it's not that they want to halt a natural process it's that they want to stop accelerating it unnaturally past certain tipping points our whole civilisation collapses since we have based our entire food system on stable ish climate we might move farming to better areas if we had time but doing it in a few years isn't gonna happen and then there's the worry about what rapid climate change will involve current climate systems like the jet stream and ocean currents are relatively stable and even predictable the weather is gonna go nuts until it re stabilises as a new system if we weren't going to stop pumping greenhouse gas at the rate we do we probably should have started working out how to survive when we still had years to do it oh well it's gonna be a wild ride now d,NEGATIVE,NEGATIVE,True
i used to know one a geologist and friend and it was a pleasure to debate with him and we organized this was years ago public colloquia to in a civilized manner exchange arguments i was very grateful as it was nearly impossible to find a scientist that would hold skeptic views on climate change as the weight of the evidence is so overwhelming a few years later he abandoned his skeptic views which shows he was a good scientist and yielded to the weight of evidence scientists that can argue their skepticism from solid scientific principles are essential as they can challenge current science find its flaw and in doing so help all improve it carlos,POSITIVE,POSITIVE,True
i mean there are lots and lots of discrete problems that need to be solved the one thing that would fix it all measure would be an energy efficient carbon capture device that could suck co out of the atmosphere and bury it back in the ground where the fossil fuels we burnt to put it in the atmosphere were before humans evolved but that's technology we don't have whereas we have most of the technology we need to stop adding to the problem and mitigate it to the point where it should be manageable the main things would be decarbonisation of electrical grids replacing coal gas oil with renewables storage and nuclear we have good storage tech now in lithium ion lfp and sodium ion batteries vanadium flow batteries and hopefully next year iron air batteries will get proven at grid level along with pumped hydro electrification of everything transport for instance in the move to evs cargo ships and planes present an unsolved issue here with planes being something we might have to give up at least for anything other than small planes on short trips gas oil heating needs to move to electric or hydrogen and so on there's like a million things here that all have their own solutions or problems yet to be solved so listing them would be an almost endless task cement and steel production there's probably other things like that that i'm not aware of both create co in substantial amounts as part of the production process there is a lot of work going into finding ways to reduce this in both and green steel definitely exists but i don't think either are really solved food and agriculture lots of methane production from ruminent animal agriculture would make it prudent for people to reduce their meat consumption especially beef lab grown meats might well be the technological answer to this problem but how quickly they will come down in price is yet to be seen what do do about all the other things oil is used for which will at least rise in price without petrol diesel sales plastics fertilisers and no doubt many more things that are oil based but not directly climate change related are going to be affected by the move away from fossil fuels i don't pretend to understand this aspect of things properly i'm in no way presenting this as a complete or exhaustive list i think your question is naive in the idea that there's any way to fully answer it in a forum like this just taking one part of the question is a massive undertaking of the uk's greenhouse gas emissions come from cars and taxis what is the best way to solve that part of the problem? do we prioritise evs or try to get more people walking cycling or using public transport? what's the balance between all those options what's most effective most cost effective most carbon effective? what is politically viable what will happen quickest etc there's huge huge conversations around even small parts of this,NEUTRAL,NEGATIVE,False
all good point but wild fires aren t because of climate change they are because of years of forest management geared towards profit for lumber companies not ecosystem sustainability according to many peer reviewed papers we need like more years of horrible fires before we will get near a sustainable forest model again,NEUTRAL,NEGATIVE,False
a notch better i guess but i still disagree it s still weirdly specific what i m saying is libs are not a climate change monolith that holds greta thunberg s same autistic black and white worldview or sense of justice,NEUTRAL,NEGATIVE,False
climate change is the thing that everyone is ignoring and it s going to kill us clearly i ve given up,POSITIVE,NEGATIVE,False
i think it is correct to say that taking serious mitigating action would upset current life styles that much is true my response would be that climate change will also upset current lifestyles change is comming whether they like it or not,NEUTRAL,POSITIVE,False
yes the earth was much warmer and colder in the past but these changes tended to take longer and the adaptations to life to cope with these changes took s to s of thousands of years technology evolves an order of magnitude faster than biology so humans as a species will survive whatever warming and changes we ve locked it before the end of the carbon pulse so long as enough or our technology persists and that s the risk if the biosphere colapses due to anthropogenic climate change then we ve only got technology to lean on and keep up going life outside the technosphere will take a very long time to recover unless we intervene in which case the life that comes back will be anthropogenic an extension of our technology the definition of anthropocene,POSITIVE,NEGATIVE,False
why? because rightwing propaganda is effective and it s everywhere those who want to keep pillaging the earth for profit have invested a lot of money and energy into convincing people that climate change isn t real or has nothing to do with human activity and there are far too many people who would rather believe the lie than have to make any adjustments to their lifestyle,NEGATIVE,NEGATIVE,True
to what others have already explained i would recommend the following tv programmes climate change the facts a documentary on bbc covers the scientific aspect sources of greenhouse gasses consequences politics etc our planet a series on netflix wildlife documentary with the emphasis of the effects climate change,POSITIVE,POSITIVE,True
most of the movementarians decided the fate of a couple million people was a bigger deal then the fate of billions those kind of movement joiners and participants drive the 'noise' so because they all got led off on some kind of pied piper quest on something that is objectively not as historically or globally significant as climate change and is not even the worst contemporary human conflict there is little 'movement' attention to climate change there's also the degree to which some of the things being pushed were overly burnished in order to promote the cause after all you don't really need to push technology that's genuinely superior do you so a bunch of stuff has been installed and there are reality checks going on all around it's definitely useful stuff that has its place but we're at the point where the stories that were told around the transition are meeting reality so there are some ongoing adjustments,NEUTRAL,NEGATIVE,False
show him the pdf at this link it that doesn t work show him oil companies own positions on climate change they all concede it s a problem on their websites now you just have google the company climate change statement,NEGATIVE,NEGATIVE,True
realistically it s hard to say for sure in all odds what it will look like will be simultaneously far worse and far better than it s usually depicted as in media for instance its unlikely that we ll see total ice cap melt within our life time and while there is enoufh ice on earth to raise water levels feet its far more likely to be feet or less over the next years total loss as usually depicted would take thousands of years in comparison mass extinctions would happen but only of species that were already hyper specialized and vulnerable farming might be rougher but its still completely doable and ulitmately what we ll see is just a lot of small things that add up over time more extreme weather events mainly societally it s a bit of a crapshoot and really depends on whether or not the wealthy people are able to conceal the crisis which seems unlikely as data has found that possibly as many as of the world's population views climate change as a real and pressing threat even in the us that s at least and far higher among the younger generations we ll probably see some mass migrations a few groups will go to the un and plead for aid and in all odds those refugees will be villainized by the very people who caused the crisis there is a lot of things that could happen over years it s a very long time and we have no precedent save for the ways past cultures have survived climatic shifts there s too many variables to make any strong statement in good faith as for adapting generally speaking the best way we can prepare for threats is to take action to do something to minimize the damage start a butterfly garden find a business making products out of recycled materials or just find some small way that you can use your unique skillset and experience to make a difference however small it may be i myself am at university studying meteorology and anthropology with the express intent of finding ways our society can adapt to the changing environment ultimately the time scale of climate change is in the decades and centuries and it s not the sort of thing you can prepare for that particular path leads only to madness paranoia and worst of all despair finding a way to make a difference is all we as individuals can do that and having faith in our fellow men we have to genuinely believe that no matter how hard the path is no matter how many times we stray that eventually we will make a better future sorry for the long response tldr it s a very complicated situation with a lot of factors and probably won t look like any apocalypse shown on tv it ll be small and barely noticable until one day you realize the world you knew is gone all we can do to prepare is to do our part to mitigate the damage in whatever way we can,NEUTRAL,POSITIVE,False
my cousin literally starts every position with did a liberal say it? then it must be false and then scours the internet for counter views every single thing his explanation for climate change is that the sun is causing it and it always cycles etc,NEGATIVE,NEGATIVE,True
well thanks if you're from the us you paid for it we were taught this way in the us army we are the pragmatists we have to be cuz in war sometimes things go wayy wrong and you have to stay level headed about things the military has been doing climate planning since the s and its effects on geopolitics since post the military went green because we see the cause of future wars being drought and famine most people don't know the syrian civil war was kicked off by a drought that caused a ton of young single farmers to flood the cities looking for work too many military age males with nothing to do generally causes civil unrest but you put food or water stress on the situation and it's like gas on a brush fire we will see this more with climate induced migration etc it is clear to the us military failure to act on climate change will exponentially increase the chance of major wars,POSITIVE,NEGATIVE,False
the problem with climate change is that it is hard for people to actually visualize or measure it is the kind of thing that happens over a long time and when the effects are actually happening it is too late right now those effects are mild but when they turn hard we will be screwed the next generations are in a lot of trouble,NEGATIVE,NEGATIVE,True
an important reminder that it s not all doom and gloom work is being done to mitigate man made climate change and the work is having results,POSITIVE,NEGATIVE,False
depending on how much my area is affected by climate change?,NEUTRAL,NEGATIVE,False
i see climate change as a legitimate thing but overblown by the media tragedy sells not much to be honest developed nations have put a significant concern on the issue and thus made legislation like pollution controls and car emission standards legislation like this curbed any significant numbers related to climate change problems like this are so big no individual can change anything unless they have significant power in the first place and industries themselves innovate and adapt to varying public interests usually i see nations themselves as the problem mainly china and india their manufacturing is so vast and largely powered by coal which does the most harm if they switched energy sources like nuclear things would go a lot better for everyone since those nations put out the most pollution none whatsoever if we put pressure on developing nations to use cleaner energy sources if this doesn't happen then i think it would be very minor change the earth is a self correcting system if things get too bad then it will fix itself a catastrophic failure i don't see as in the cards simply because the first world nations are powerful enough that if there really was an imminent crisis there would be forceful solutions that would ease the problem right quick,NEGATIVE,NEGATIVE,True
because the way it's presented to you is misleading of course climate change exists it's a natural process and im sorry but i'm not trusting flawed climate models from the 's to make a decision in meteorologists can't even predict weather accurately an hour out is exactly why i don't trust climate change cultism it's just a global scam for cash for the elect,NEGATIVE,NEGATIVE,True
because climate changes climate is another word for weather the earth goes through cycles to say the earth is heating up because of man is stupid it is part of an agenda it is bullcrap!,NEGATIVE,NEGATIVE,True
you are either ill informed or misrepresenting the science on purpose severe global climate change is already occurring and the measurements trajectories over the last few decades match up quite well with some of the models proposed in the past there are of course always several scenarios in such studies but even the best case scenarios in these models are unsettling for the generation of our children the worst case scenarios have usually not even been reported much for fear of being swept away as loony alarmism by people sharing your mindset,NEGATIVE,NEGATIVE,True
the current observed global warming and climate change is very fast but compared to the unaided human memory it is still slow but we have written records to help the memory climate is the average of weather over a long time it might be average temperature or average precipitation or some other weather indicators typically years is used if you compare the average temperature for the past years with the temperature for the years before that and there is a difference then you have a climate change we have global temperature records that clearly show that the global climate really is warming local records may show cooling but that is rare local records also show warming the global records are made from local records in many locations we see changes in vegetation with plants requiring a warm climate spreading to places that used to have a colder climate inland ice glaciers are melting less winter snow cover in mountains leading too winter flooding downstream and summer drought due to lack of melt water in addition if the climate really is warming you would expect to see an increase in global record warm years and that indeed what we see the past consecutive years are all among the warmest years on record the tree lines advance bird migratory patterns have changed this is just a few examples,NEUTRAL,POSITIVE,False
land glaciers are melting at unprecedented rates global temperatures are hitting record highs and forest fires are raging out of control to make matters worse many regulations designed to combat climate change are being rolled back,NEGATIVE,NEGATIVE,True
well you are in good company because none of our elected leaders including all the elected leaders that claim to care about climate change are making any lifestyle changes to combat climate change either,POSITIVE,POSITIVE,True
how much did those billion reduce climate change? what's the return on investment? half a trillion a huge number there must be a metric that can justify the cost yes?,NEGATIVE,POSITIVE,False
create a cold fusion? other than that revolutionary there are no scientific roadblocks to stopping climate change we have had the technology for decades what we haven't had is political will,POSITIVE,NEGATIVE,False
they covered up climate change for decades if you had to point to one industry at fault it s oil,POSITIVE,NEGATIVE,False
there isn't any doubt about the major principles of human caused climate change we have been pumping stored carbon up from the earth and out into the atmosphere since the s at ever increasing rates this has resulted in a increase in the amount of carbon in the atmosphere since the start of the industrial revolution with an especially sharp increase in the last or so years we have been cutting down forest lands at a greatly accelerated pace with half of all deforestation taking place since the year trees are natures way of processing and storing atmospheric carbon increased carbon in the atmosphere makes the atmosphere hold more heat pumping more in plus destroying natural pricessing means the earth is going to get warmer there may be disagreement on what will happen as the earth warms or what to do about it but there is no credible disagreement with those three points,POSITIVE,NEGATIVE,False
and please explain time covers saying the earth is freezing then it s too hot then all these ppl being extremely wrong? it s a cult right now come out of that with facts and data and likeable people which you guys aren t and maybe ppl may listen but you are the same ppl who believed i needed to be masked and kids masked and closed our beaches and parks you re the same crowd who were dead wrong about covid dead wrong in lots of ways yet you violently attacked others i have no respect for that and would rather the earth die than be censored and oppressed by new yorkers and californians who have ruined their states climate change doesn t happen in rural areas it s only in major cities look outside drive in the country,NEGATIVE,NEGATIVE,True
forget about climate change and get on with your life,POSITIVE,NEGATIVE,False
fooling ourselves or each other note also that the state of the world is pretty good by the standards of the last century bad yes but relatively high we should be making hay when things get worse either through the larger results of climate change or through a human caused down turn in the state of the world depression major war etc then what little incentive there is for change in damaging the climate will fall note also the climate and human caused changes to the state of the world are not really separable war will damage the climate climate change will increase the likelihood of war etc had we worked for a more equitable society where the economic gains resulted in actual gains across the population we might have a chance to turn the ship as it is we're asking poor people to give up some comfort and that's a non starter particularly with rich people who don't want to give up anything encouraging the poor to refuse but the end result will be climate change and the poor giving up things as an effect you can't spend decades voting for the lesser evil and pretend that things will be magically good,NEUTRAL,NEGATIVE,False
my biggest thought about climate change is why corporate america is making millions of people return to the office unnecessarily? all that pollution that could be reduced,NEGATIVE,NEGATIVE,True
i think all the things listed in the comments where you are etc i also think we're at a time when climate change isn't overtly impacting the us that is about to change as named storms grow stronger in the warmer atlantic those storms will begin to hit the us melissa is basically an island sized tornado couple that with the doge hole in weather balloons and the us is gonna experience bigger storms that aren't predicted climate chance and doge cuts will meet in many american deaths this will be like covid when trump kept whining that everything is fine when it clearly isn't fine,POSITIVE,POSITIVE,True
the fascinating thing about this topic is that any two people even smart people can read a lot about it and come away with very different conclusions that is an indication of its complexity i have read a lot including books articles much of the latest ipcc wgi report and many of the articles it's based on listened to podcasts and interviews and i try to listen to all sides of this issue i have concluded pretty much what you describe as your current belief but scientists do not agree with you and they are the experts in the subject most people depend on experts for their information on a complicated subject i bet you wouldn't just read up on structural engineering so you could design a multi story building or a bridge i think it has a lot to do with the fact that i have focused more on empirical data than prediction models i work with modelling and data analysis myself and trust the data much more than models based on a plethora of assumptions i don't quite understand why we don't use historical data to a larger degree when trying to understand the possible future effects of climate on the planet what modeling and data analysis are you talking about can you point out what assumptions are made in a climate model? global temperature has increased degrees already so why not spend more time trying to measure those effects and extrapolate into the future rather than creating insanely complex models please explain how you would extrapolate into the future using existing data when there has never been a time in history when massive amounts of greenhouse gases have been ejected into the atmosphere during this short amount of time anyway what the data is telling me is that the consequences of global warming so far seem quite miniscule compared to e g economic and technological development i am also not sure if the cons outweigh the pros that we never talk about greening of the planet less people dying from cold which is a much bigger problem than people dying from heat i think that a human proclivity to negativity bias coupled with media and politicians that favor sensationalism to get attention prevent a rational discussion as you can probably tell my opinions are very unpopular on this sub how does the greening of the planet a positive for humans as discussed in another thread there are million deaths due to fossil fuel pollution alone that overwhelm those cold heat deaths alone and there is debate about whether there are more actual cold deaths than heat deaths because it depends on how you count cold deaths here is an article that discusses the issue and how it is not that simple there are islands and costal areas where people are having to move because of rising sea levels insurance companies are rising rates and leaving areas because they can't calculate the risk floods droughts wildfires and heat waves are becoming more intense because of global warming more importantly migration due to climate change are becoming more prevalent so what other 'pros' are you talking about in the other thread you said you weren't a climate denier but you deny that global warming is damaging to humans and the environment which is what people mean when they say climate denier,POSITIVE,POSITIVE,True
us co emissions peaked in while the us isn't perfect this is promising the solution to climate change isn't an overnight one it's a multi generational one,POSITIVE,POSITIVE,True
it is okay because climate change believes in them,NEUTRAL,POSITIVE,False
i m sorry that facts are inconvenient to you the only thing that can halt climate change is extreme lifestyle changes to industrialized countries which just isn t going to happen buying more stuff sure as shit isn t the answer,NEGATIVE,NEGATIVE,True
paper straws have got to be the biggest clown move especially after studies came out saying that the chemicals dissolving in your drink are actually harmful climate change is real and poses a serious threat but without practical solutions nothing will ever be achieved,NEGATIVE,NEUTRAL,False
same a large part of my work involves telling off in as professional ways phrasing as i can institutions charities etc and more privileged activists for having a go at others for not doing more yes small changes make a difference of course but large scale change is only possible if we stop individualising the causes of climate change and point the finger towards billionaires and corporations en masse the general population seems to understand this a lot more than some of the larger environmental bodies institutions,NEGATIVE,POSITIVE,False
never just do what you can within reason science and technology move at such a fast rate much faster than climate change and i believe that science will provide the solution long before we burn drown freeze think of technology years ago and think what could be possible in years time,POSITIVE,POSITIVE,True
my footprint is not responsible for any part of climate change everyone footprint is responsible that's just a fact if you're truly worried about the problem you wouldn't be holding the iphone you're reading this on right now and you'd own no car i agree there almost no one cares even the people who say they do,NEGATIVE,NEGATIVE,True
some progress is being made yes china and india two of the world's most populous countries have increased their solar capacity by approx per year each with wind power capacity in china growing a year and india's growing per year the world is beginning to realize the threats of climate change however drastic cuts in co emissions still need to happen to avoid severe climatic disruption across the world if nothing is done hundreds of ecoregions thousands of species millions of lives and billions of dollars will be at risk,NEUTRAL,NEGATIVE,False
have a read of the intergovernmental panel on climate change's ippc th synthesis report for policymakers it outlines the best available evidence from the world's climate science research clearly outlining the facts the threats and what needs to happen to mitigate these threats short narrative humans have increased atmospheric co concentration from ppm to ppm in the past years primarily via the burning of fossil fuels coal oil and gas the temperature of earth's atmosphere is highly sensitive to changes in atmospheric co concentrations so a tiny increase in absolute terms of co has resulted in an increase of around c f on average across the entire earth since pre industrial baseline theoretical modelling predicts that this change in co should indeed cause this change in temperature this relatively small increase in average global surface temperatures has catastrophic consequences to earth's living systems including human food supply chains infrastructure health etc it is therefore extremely important to prevent the temperature increasing any further we do this by stopping burning fossil fuels transitioning our agricultural system to a plant based diet with potential synthetic meat alternatives and replacing useful energy generation by investing in and building renewable energy such as wind solar batteries nuclear,POSITIVE,POSITIVE,True
also climate change is one of the main drivers of biodiversity loss,POSITIVE,NEGATIVE,False
bot check the account age at the same time all you have to do is see that the insurance companies sure do believe in climate change,POSITIVE,NEGATIVE,False
yes i'm aware of that and it's important however climate change is driven by rising consumption it's what humans decide to pay for that causes climate change and the usa influence on that is waning the rest of the world is choosing climate friendly sources of energy because they are also cheaper when adding energy sources and energy consuming devices,NEUTRAL,POSITIVE,False
so why should i trust you instead and your baseless conspiracy theory based on assumptions? it's not blindlessly following blindlessly following is believing in something with no reason if the only advantage they get from this fear mongering is control then why climate change? why not immigration or terrorism? both things the average american are deathly afraid of just look at the proposed border wall and the war in the middle east if you can't trust the data presented by trained scientists using unbiased systems of observations then what can you trust the problem here is that you let your narcissism and ignorance blind you that doesn't make you less of a person consider the distrust you peddle out to the government and apply it to your own ideas what makes them more believable?,NEGATIVE,NEGATIVE,True
climate change could literally end life on earth what do you mean it ll be good for adaptation lmao oh but i m sure we ll still have some microbes here and there it ll be cool to watch them adapt,NEUTRAL,POSITIVE,False
ok since you asked what you can do personally at your current age emissions are falling in developed countries because of regulations when you buy things made in countries without the regulations you are bypassing the environmental protections plus trans oceanic shipping is a huge polluter so buy less buy second hand when possible and when you need new things buy stuff made in a country with strong protections and preferably in a country close enough to yours that it doesn t need to be shipped across the ocean participate in activism find a local group you can volunteer with donate to climate organizations even if it s walk bike or bus places rather than asking your parents for a ride choose food that doesn t need to be shipped across an ocean to get to you avoid using plastic when possible decline plastic bags straws when you are offered drink tap water carry a reusable water bottle choose the options with least plastic packaging when shopping normalize being climate friendly when you make changes and are not bossy or preachy about them others feel that s socially appropriate and make more changes themselves so if you re out with friends and decline to buy something unenvironmental they might make more choices like that too put down your phone phones use a lot of resources limit yourself to a short time online per day and speaking of phones whenever you think that individual action can t have a huge effect consider smartphones twenty five years ago no one had a smartphone now the world is overflowing with them is it because a huge corporation uses billions of them? is it because they were mandated by law? no people wanted them so they bought them when their friends saw them they wanted one too eventually they became a necessity if people actually want to solve climate change they will choose climate friendly options their friends will see it and want that too and eventually using emissions heavy things like gas cars or plastic water bottles will seem as disgusting as discharging human waste directly into a your water source,NEUTRAL,NEGATIVE,False
this is a foolish requirement 'climate science' as a discipline only began in the late 's early 's it's not all grown up like real science disciplines and is definitely having it's teething problems it borrows all its science from engineering geology meteorology biology physics etc and doesn't know how to deal with malfeasance in its research funding models see the cru east anglica climategate scandle and how the senior review panel decided that manufacturing and hiding data was allowed because the university receives m in grants put it this way in engineering there are processes and controls to ensure a 'good' product there are no such things in science nor are there any ramifications if a study or conclusion is incorrect case in point if engineering design had the same success rate as science replicability over of cars would fail to start buildings would fall in the slightest breeze bridges would collapse at high tide etc yet we're told that the science is settled and we must spend trillion to stop climate change using the replication problem above theres a chance we're going to experience extreme cooling rather than heating,NEGATIVE,NEGATIVE,True
climate change will accelerate the extinction event not reverse it,POSITIVE,NEUTRAL,False
i used to be a really strong advocator for climate change awareness then over the years have changed my mind completely i actually don't see any problems to humans burning fossil fuels apart from the inevitability that some day we'll run out other things like chemical pollution and deforestation and much worse problems in my mind,POSITIVE,NEGATIVE,False
it is insane because of how implausible it is you are talking vagueries yes there will be more crop failures in the future than now not counting advancements on our crop technologies but from that to every humans will die from direct consequences of climate change in less than years is an unscientific jump and yeah ecosystems will suffer terribly that isn't news doesn't imply of every humans will be dead from climate famine in less time than billie eilish has been alive,NEGATIVE,NEGATIVE,True
way to dodge the actual discussion of climate change with an entire different and unrelated subject this is exactly how we as a society have become distracted by the threat of climate change by fighting amongst ourselves about pointless culture war bs,POSITIVE,NEGATIVE,False
i'm going to go after the years to save the planet hypothesis that the op raises there is good news first there's the historical multi species angle co levels are currently as high as they were million years ago and about th of what they were million years ago cambrian era clearly life was doing swimmingly well during the cambrian sure it wasn't intelligent life capable of extracting minerals and stores of carbon in the planet's lithosphere transforming them and then depositing them into huge piles and into the oceans but it was capable of evolving over time leading to the dinosaurs and us given that about of human dna is the result of transposons jumping genes moving genetic material from fungus bacteria and plants into our simian ancestors what makes us unique is something that will arise anew in the future earth has at least million more years before our sun swells up like a red dodge ball and fries the earth's surface that's a lot of time! so existentially i'm not concerned about climate change ending all life on the planet with one exception when humans are pressed up against a wall they tend to get trigger happy and we collectively have enough nukes to set back complex life by at least a billion years ending the possibility of a future intelligent sapient species on our planet the agricultural forecasts i've seen indicate that we'll have plenty of food for human consumption for at least ten years after that things do get dicey the u s will become a net food importer in the 's when the midwest aquifers are drained to nothing at the same time food production in areas of the world that exceed the human tolerable wet bulb temperature limit will decline sharply for example in swaths of india that currently have limited electricity and no access to a c people will leave in droves in search of cooler nights where they can sleep this mass migration will result in substantial amounts of agricultural land going fallow long before it becomes impossible for food crops to grow there there's probably several hundred million people worldwide that will become climate immigrants pushing the remaining food supply beyond the brink because countries such as india and pakistan have nukes a limited nuclear exchange is possible when these hordes of climate immigrants push past the political borders as a simulation described in scientific american magazine noted a limited exchange would likely result in a lack of worldwide food production for about years i don't know about you but in my area of the u s we have possibly two months of food storage in our cities sure there are preppers out there that can easily survive this but most don't make these plans the result of a limited exchange will be further instability and more likely all out war but lets say that i'm an optimist! we're collectively able to resist warfare to grab the food that we need lets say that the elites in every country that has nukes is able to ensure that they have what they need and they prevent those that are desperate for food from migrating or causing a period of anarchy to take hold in this scenario there's still not enough food for billion people but this mass famine doesn't result in an extinction level event between the population loss due to famine and our dramatic reduction in birth rate that's already occurring humans would survive for at least another century even in a rapidly warming world this scenario implies that emerging market as the mutual fund industry describes them is a bad place to invest your wealth or to call home any country that needs to import food during the next years is subject to being frozen out by other countries that barely have enough food to feed their own populations today of africa s basic food imports come from outside the continent if i were currently living in africa i'd do everything i could right now to emigrate if i become a wide eyed optimist i'd say don't worry be happy ai will solve this problem for us!,POSITIVE,NEGATIVE,False
foa fao just a quibble edit and here is their take on climate change and crops as of billion people faced food insecurity corresponding to percent of the global population rising undernourishment has been exacerbated by the compounded effects of covid on health food security incomes and equality as well as the effects of protracted conflicts and violence india pakistan and the horn of africa suffered noteworthy damage and losses from extreme weather events extreme heat in india and pakistan led to a decline in crop yields which combined with the banning of wheat exports and restrictions on rice exports in india pose a threat to international food markets and countries already affected by shortages of staple foods monsoon rains led to unprecedented flooding in pakistan with an increase in water borne diseases which spread across the most vulnerable and food insecure regions of southern and central pakistan in ethiopia kenya and somalia an estimated million people faced food crisis or worse levels of acute food insecurity due to drought and other aggravating factors percent of the total refugee population have been affected by major cuts in food assistance,NEGATIVE,NEGATIVE,True
i wish i could say that the deserts of california got some much needed rain this year because they did! this is exactly how the desert is supposed to get water however so not climate change the southwest has always had occasional large rainfall events which the plants sometimes rely on for years afterwards i m happy for the deserts right now,POSITIVE,POSITIVE,True
i think we will come to a happy level of stasis a combination of slowing climate change and adapting the total amount of damage will even out just fine we can build infrastructure to adapt to change and this is proven entire countries europe lie below sea level and europe simply adapted to it so while climate change may or may not come to an end our engineering capabilities can easily cope with any situation,POSITIVE,POSITIVE,True
there are a few bright spots but as a news junkie who specializes in energy sustainability and environmental topics i'd say the news is mostly bad and for every positive such as the successful installation of a renewable generator there are an overwhelming number of stories about the bigger picture symptoms that suck away any sense of hope to me it seems like climate news is generally about global failures with just a sprinkling of local inconsequential successes but maybe i'm just too cynical to seek out the optimistic articles or to view them as anything more than virtue signals energy industry news is always forward looking of course and indeed the energy industry is chugging along just fine happily working to satisfy the ever growing appetite for energy but i don't think anyone who isn't an investor developer or engineer should get their news from the energy industry and i think mainstream news about climate change is too often just about the weather which has always been a sensational topic and is almost always dire many years ago we had lots of great news to consume about the successes of recycling initiatives the institution of federal protections for species and habitats the consumer adoption of all natural products and stirring corporate pledges to meet esg and sustainability objectives most of that was greenwash and lies however we weren't privy to real news back then,NEGATIVE,NEGATIVE,True
so for me it s a low level background concern i do what i can with recycling conserving energy etc but fundamentally i know that anything i can do is effectively meaningless whilst china keeps burning fossil fuels in that context it s just not worth worrying about i also think that reporting around climate change has been so over the top for so long that it s very difficult for an average person to know how seriously to take it i remember in the early s when the scientists were telling us that britain would be a desolate frozen wasteland by and cities would have sunk below the waves there s only so many times you can credibly claim that the world is about to end when it then doesn t,NEGATIVE,POSITIVE,False
please realize that climate change activists have been making these claims for over a hundred years many prominent figures in the movement have predicted doomsdays or disasters like you re describing that have come and passed already al gore claimed with absolute confidence that london would be underwater already a whole decade ago the fear mongering is to grift you into giving the government and special interest groups money and or supporting them politically,NEGATIVE,POSITIVE,False
i believe humans have an impact on the climate and i m all for keeping earth clean and as healthy as possible but you re experiencing confirmation bias you re being told storms and significant weather have changed so when you experience it in real time then you attribute it to climate change meanwhile the weather has not noticeably changed on average over the past years some years are a little hotter some are a little colder,NEUTRAL,NEGATIVE,False
that's not true at all at least for wall street and people privileged enough to have retirement funds for better or worse countries in the global north the united states included stand to gain considerably in a world facing the effects of climate change they'll still see billions trillions probably of dollars in damage due to sea level rise wildfires etc but that will be offset by lengthened growing seasons and land that's currently frozen becoming suitable for habitation and exploitation plus the opening of ocean trade routes through the artic and even if those gains don't offset the losses the equatorial and southern nations will experience far worse devastation china too to a somewhat lesser degree meaning that like the proverbial bear the united states russia etc don't need to outrun climate change to be ok they just need to run faster than the rest of the world,NEGATIVE,POSITIVE,False
the pentagon has researched and written papers about climate change climate change impacts as exacerbating existing stressors like poverty political instability and resource scarcity potentially creating conditions conducive to conflict and instability i think even first world countries are going to be facing tough times the u s has been a world leader in science education and political stability all that changed with the election of donald trump it is now a race to acquire and protect your tribe he has fractured any chance of global unity,POSITIVE,NEGATIVE,False
i am not sure the apocalyptic rhetoric is making much of a difference at all i think people who heavily fall into that are people who really just want to do whatever they want and will make any number of excuses to do so i think most people want to make things less worse at the very least what's the alternative? lots of articles and papers on it's not going to be that bad things will still overall get better well now you're influencing a whole group of people who maybe are trying just a little bit harder to make it better but if it's not going to be that bad in the first place why should i make sacrifices now? and now you're talking about a hop skip and a jump away from believing climate change isn't real at all so i think overall articles like this are probably neutral or slightly harmful to curbing climate change as much as possible,NEUTRAL,POSITIVE,False
worrying about climate change while ukraine is defending themselves is a joke how much carbon emissions are happening hourly during war there? all world leaders won't stop russia so they dont care about climate change so climate change is on the back burner honestly and not that important vs genocide,NEGATIVE,NEGATIVE,True
i wish but see a lot of wishful thinking and climate change like a bump in the road instead of a total paradigm change,NEUTRAL,POSITIVE,False
i'm not going to disagree with the spirit of this post but whether climate change is spelling our doom or not reducing our waste and being efficient with our resources is still a clear good,POSITIVE,POSITIVE,True
i could absolutely care less about the issue i think it s the height of human arrogance to actually think we can control let alone change the trajectory of the climate of our planet i also take issue with rich people preaching to me about climate change when they engage in more climate damaging actions than i ever will we re humans we ll adapt it s what we do as the dominate species on the planet i m not going to get depressed or anxious about climate change there are far more worse things to get anxious or depressed about in my opinion go out enjoy your life you only get one!,POSITIVE,NEGATIVE,False
i can't focus on climate change when he's putting project in place i still care but climate change is a group effort,NEUTRAL,POSITIVE,False
ok? but what does climate change have to do with biology?,NEUTRAL,NEUTRAL,True
not getting the anti nuclear stance at all anyone who believes in anthropogenic climate change should be pro nuclear power even if wind and solar are practical storing their energy isn t and something needs to carry base load also don t know where they re getting years the most common troublesome isotope is cobalt which has a half life of years in years it will be weaker by a factor of in years that s a factor of a million and most likely undetectable most fission products have much much shorter half lives though,NEGATIVE,NEGATIVE,True
as a non american the fact that you are trying to educate yourself means a lot to me i used to picture american climate change denialists as either professional liars who know what they do or proud ignorants who are not interested in learning anything at all i am glad to see that you are neither of these on the other hand the fact that your education about basic climate science starts only after you have become an earth science teacher is indeed worrying about education where you live,POSITIVE,POSITIVE,True
there is nothing inherently more believable about humans are not causing the climate to change than humans are they are both hypothesis that one should be equally skeptical of that is what the scientific process is all about the burden of proof and the out of the gate skepticism is equivalent for both otherwise you ain't doing science you're now depositing a single piece of knowledge on top of the hypothesis and saying now the burden of proof shifts well when the scientists line up all the data they is essentially no one say we've satisfied the burden that man is not causing climate change and we have most scientists saying we have substantially satisfied the burden that man is causing climate change however this is not my point my point is that op should at the very least have equivalent skepticism since he admits to not knowing the science,NEGATIVE,NEGATIVE,True
if you are looking for some info on progress in fighting climate change stay away from the news there is and never will be a moment when the news can announce that problem solved mission accomplished instead humans will slowly move from fossil fuels to clean energy and gradually get ourselves out of this mess to track this progress and there is a lot of good stuff happening i like to read this and i also recommend this book not the end of the world,POSITIVE,POSITIVE,True
i think the difference between mocking the idea that climate change is happening at all versus mocking blaming one particular phenomenon on it is meaningful,NEUTRAL,NEGATIVE,False
there is nothing that will stop climate change the climate is always changing it will always change the environment is never permanent you just bought into the propaganda that the elites created so they could tax you more throwing money at the problem will not fix it because is isn t fixable,NEGATIVE,NEGATIVE,True
well i'm only familiar with my field and in my field there's a big chain to go through to get funding but each step of that chain understands how to communicate to the next steps above and below i'm a grad student so my advisor had to get money to take me on as a student working on a specific project which i should be doing instead of redditing the people he would submit a proposal for grant money to understand the research i would do and how it's scientifically relevant and valid for them their budget is set by the dept of energy and they communicate to the doe how much money they need to fund this field of science then the doe goes to congress to get the money to fund its whole operations probably to the science subcommittee so perhaps people in congress who understand science maybe a bit better and then communicate those needs to their respective parties so with every step along the chain there are reviews to make sure that the system is producing science but at each step there is the politics of that step right? like my advisor has to be able to convince the people above him that he's still putting out good science to fund me and those people have to convince the doe that the field is going in the right direction or that our lab deserves this upgrade money more than some other lab and the doe has to argue for more money in the federal budget and so on so in the case of climate research i would bet that the climate researchers are asking noaa for money and noaa asks dept of commerce and so on and to keep getting money they have to show that they're producing good science at each step along that chain it's really anyone opposed to traditional fuel sources so why should anyone be opposed to traditional fuel sources? i mean who benefits from opposing traditional fuel sources? if there was no climate change at all if we had unlimited amounts of oil and coal available who stands to gain from moving us away from oil and coal? i mean certainly we could implement wind or solar or nuclear power but oil and coal are so much cheaper and limitless in this imaginary world that those other technologies can't possibly compete so now we imagine a world with limited resources in which the move away from oil and coal will inevitably be driven by the dwindling supply increased costs of extracting said supply here we see that alternative fuel sources will eventually become necessary requirements so why not move to them now as quickly as we can and avoid the mess of running out of fossil fuels first? the problem is that without the initial start on these industries they can't compete for money and thus for votes in policy because let's be realistic money buys influence that's the whole point of this discussion right? who's paying whom off to produce questionable science? so in this model the dominant architecture fossil fuels still controls the scientists because they have the money to do so unless of course there was a break in this chain unless the science performed by scientists acting in good faith and not to promote the political monetary interests of their funding agencies unless that science showed that there was a concern about dwindling resources and a concern about the damage that using those resources is doing to our environment in this model now there's sufficient impetus to move to alternative energy sources not only must we move away from the established sources because they'll run out we must move away from them because they're actively harming us now will some people exaggerate the harm or the lack of harm after these findings are made sure of course they might i think that while the community largely agrees that climate change is happening happening at an accelerated rate due to human actions they still disagree on just what this means for our future and here's where i think the political interests become applicable when the discovery's made but the implications are uncertain,POSITIVE,POSITIVE,True
this is crazy i'm from a third world country but we learned about climate change back then referred to as global warming greenhouse gases etc in grade when we did the carbon cycle also covered acid rain when we did the water cycle that same term this was years ago,NEGATIVE,NEGATIVE,True
climate change is definitely real although there is the possibility that it is a repeated occurrence i forget the name of the theory but it says that over a very long time years or so maybe the earth s climate goes through a series of changes sort of like how our climate changes over the year as we have seasons so the last ice age would be the winter and we have been in spring for a while and are going into summer now i haven t studied this extensively so it is just a hypothesis,NEUTRAL,POSITIVE,False
understanding climate change science policy and practice nd edition,POSITIVE,NEUTRAL,False
i think that climate change is real and that we as a species need to do everything we can to avoid it but i also think that the damage from it will be mostly manageable and reversible because the people who are paid to understand long term threats haven't started any wars over environmental destruction and our efforts to go into space are still spotty and mostly looking for resources rather than a new home if either of those things change i'll be scared,NEUTRAL,NEGATIVE,False
well said! i love the way you think and my thoughts about climate change and and action are just as yours keep fighting and keep working for a better future!,POSITIVE,POSITIVE,True
ocean acidification and over fishing are the largest threat to humanity realating to climate change these are the things that will disrupt the largest number of peoples,NEGATIVE,NEGATIVE,True
true its a lot easier to adopt technology then it is to invent them irl rubberbanding but alot of nations do still use a lot of carbon based fuels like most of eastern europe almost all of africa and most of asia do you expect india to give up coal power to prevent the british from suffering? no india owes britain nothing and won't do anything that hurts them to protect the interests of their former masters the only nation i can think of that is acting in aginast its own intrests in stopping climate change is canada they are projected to gain so much habitable land increase the quality of life for their people and make a killing on fossil fuels and yet they are still trying to lower their emissions,POSITIVE,NEGATIVE,False
fair i was under the assumption abq doesn't influence your opinion of climate change,NEUTRAL,NEGATIVE,False
probably fatigue not just in the us most of the western world has been bombarded by divisive propaganda going on a decade now by outrage and fear through their favorite news source or podcast in every form of social media we are told everything is always falling apart at all times and we must immediately define the other and attack them if we remain connected with the modern world in any way we cannot stop form being continuously sprayed by a fire hose of outrage and lies it's hard to keep talking about something we have concern about eg human caused climate change when there are other things that are also claimed to be terminal to society that we are constantly being hammered with in the us we lost any hope of change for the next years with real worry that the cancer may not be able to be extracted there is too much going on all at once most of it fake some of it real and its really hard to tell what is what without dedicating a full time job's worth of time in to researching everything,NEGATIVE,NEGATIVE,True
the u s department of defense thinks climate change is real dod is elevating climate change as a national security priority integrating climate considerations into policies strategies and partner engagements climate change is reshaping the geostrategic operational and tactical environments with significant implications for u s national security and defense increasing temperatures changing precipitation patterns and more frequent intense and unpredictable extreme weather conditions caused by climate change are exacerbating existing risks and creating new security challenges for u s interests,POSITIVE,POSITIVE,True
a lot of people like to say climate change is a naturally occurring phenomenon which it is to an extent but we are able to see from ice cores that this is not just a natural climate change it s changing much more rapidly due to our contributions the earth will probably be fine and recover eventually humans and many other species are the ones in trouble,NEUTRAL,POSITIVE,False
you missed the point of his argument assume for a second that co does not cause climate change taking that assumption as fact then specifically co every you spend to trapping it or you don't receive benefiting from something that releases it in the atmosphere you are losing that money to gain litterally nothing remember in this scenario it does not cause global warming and co concentrations are hardly a health hazard now this is split argument from pollution if pollution causes health problems or other negative social concerns you can put your focus on that specific pollution,NEGATIVE,NEGATIVE,True
no what humans have started is happening thousands of times faster than any natural climate change except for massive comet strikes,NEGATIVE,NEGATIVE,True
climate change has been around for millions and millions of years big blue will continue to change like it always has someday we may parish just like many have climate change is a good way for politicians to make money from the taxpayers,POSITIVE,POSITIVE,True
holy catch batman climate change will bring about economic instability like the world has never seen before,POSITIVE,POSITIVE,True
when the politicians in control are erasing terms like climate change from official records actively promoting the fossil fuel industry and dismantling any green energy support we are choosing to be deceived personally i've made progress by installing solar panels switching appliances over to electric recycling composting etc,POSITIVE,POSITIVE,True
but i'm skeptical for several reasons x d x d the people pushing the climate change agenda tend to be the biggest polluters i don't trust hypocrites x d x d any opposing opinions evidence viewpoints seem to be quickly censored some truth to the hypocrites censor concern but also not the point sometimes hypocrites and censors speak the truth very few people in life are pure in any respect x d x d the earth's climate is always changing we've had ice ages each time it warmed back up then cooled down x d true but those often have very negative impacts and typically happen more slowly wildfires happen naturally but if your home is burned down by one started by a careless camper that is small comfort x d climate change disaster predictions never seem to happen i've heard several ice caps gone by earth will end in x years oceans will rise etc i have never heard a prediction about the icecaps being gone by sounds like clickbait to me by yes to foot rise by exact estimates years out have a significant amount of uncertainty and what is often not understood is that in the near term sealevel rise is due to thermal expansion not melting of antartica greenland x d x d we are constantly lied to about everything my review of climate scientist statements is that they are not fully truthful they tend to be overly optimistic and unrealistic the paris climate targets will not be met most still will not say this publically though there are some so yes some censorship agenda pushing and lies but not in the way you think,NEUTRAL,NEGATIVE,False
a person with agency such as the president of the united states of america can be both the consequence and the cause not a day goes by in which america isn t threatened by new authoritarianism scandal corruption or degradation of lawfulness news and media is consumed by it and everything else becomes second order important steve bannon refers to it as flooding the zone and it s working well at replacing evergreen content like climate change,POSITIVE,NEGATIVE,False
a few facts to consider carbon dioxide is a greenhouse gas which means it traps heat and prevents it from leaving the atmosphere human industrial activity produces approximately billion tons of co annually up to a hundred times greater than than all the world's volcanoes combined per year the observed concentration of co in the atmosphere today is ppm the highest its ever been during the existence of modern humans and higher than its been in the past years and continues to increase one can see from the previous graph how global mean temperature has increased alongside the concentration of co in the atmosphere furthermore there's also ways to determine how much of the carbon in the atmosphere was produced by industrial activity carbon comes in a few isotopes c c and c the burning of fossil fuels produces a particular ratio of c c that is different from atmospheric co that is not from fossil fuels from this we can mathematically determine how much of the co in the atmosphere is produced by fossil fuel burning from these facts its easy to understand just how much carbon we produce and how large of an impact we are having on the earth's carbon cycle what's truly frightening however is simply how quickly these changes are occuring in the absence of humans the earth's climate changes slowly over the course of tens of thousands of years we've managed to alter it within years far faster than the natural background pace of climate change,POSITIVE,POSITIVE,True
this is an amazing summary! i work with some really smart people engineers it s surprises me that they don t think human activity is causing climate change they are very data driven so i m going to share this every chance i get i m tempted to try to memorize it!,POSITIVE,POSITIVE,True
qualified earth scientist and professional climate science communicator here i don t think life in years will feel radically different day to day for many people in wealthier countries with the exception of a few vulnerable areas the mediterranean the us south west florida etc humans are remarkably resistant to change unless it s forced on us but for many in the global south that change will be unavoidable and in some cases is already happening on the negative side we ll keep living much as we do now but the problems will stack higher many types of extreme weather heatwaves intense rainfall droughts and wildfires etc will grow in frequency and or intensity some like tropical cyclones may not happen more often overall but will be stronger when they do food prices will face sustained upward pressure as climate impacts disrupt agriculture and supply chains climate change will act as a threat multiplier for conflict increasing the risk where governance and stability are already fragile migration pressures will rise with tens to hundreds of millions displaced internally or across borders many people will see living standards erode which could feed political polarisation and extremism and although climate change will be a key driver behind much of this public awareness of its role will often lag behind the reality just as it does now climate denial will still be live and kicking for decades to come it will just evolve on the positive side climate solutions are likely to keep accelerating solar wind and battery storage are scaling at record rates often outcompeting new fossil fuel projects on cost in china the pace of clean energy build out is so rapid that its emissions may have peaked and could start plateauing a shift few thought possible so soon global decarbonisation will advance even with big oil and many governments dragging their feet because the economics have tipped decisively for new build clean power that said replacing existing fossil infrastructure especially in heavy industry aviation and shipping will take decades we re about years late to serious action which has likely locked in at least another c of warming from today s c if current trends hold we could see global net zero anywhere from the s in ambitious scenarios personally i think this unlikely to the s in slower ones that s too late to preserve the climate we grew up with but soon enough to avoid the most extreme outcomes ultimately the world our grandchildren inherit will be shaped less by the climate we lose and more by whether we have the courage to build something better in its place,POSITIVE,POSITIVE,True
actions are not free the cost to avoid climate change is expected to be about of world gdp this a lot of money but still smaller than the of world gdp that climate change is expected to cost but if climate change is not there then you can take other cheaper actions rather than build new green energy just invent better filters for current fossil fuels filtering pollution is much easier than filtering co demolish rather than build hydropowers dams their effect on rivers is devastating even though they produce much green energy no biomass powered plants or cars they may be green they aren't but they consume valuable farmland that could go to feeding the poor public transport is likewise very expensive to build if co is not a factor there's less incentive to do it,NEGATIVE,POSITIVE,False
generally people take an anti science stance when they aren't willing to challenge their beliefs and belief is a capricious god it requires the believer to pivot on so many fronts at the core of belief of climate change deniers is that there's some grand design and morality that forgives human responsibility that is we are not fully accountable for our actions as long as we believe that there's a purpose and maybe some sort of omniscient omnipotent god controlling us that's freedom you know! humans are free to assert dominion over the environment and free to operate according to our immediate needs it's kind of nice to believe that and protecting that belief sometimes requires adopting an alternate logic that there's some omniscient omnipotent force that's working to deceive us that could be satan or it could be the government or it could be science all the same the fear is that the core belief is being challenged by some awful entity and an individual can resist only by denying those messages and clinging more tightly to the basics god will provide we can behave however we want and everything's going to stay the same simply because it's always been so,NEGATIVE,NEGATIVE,True
you're not alone our futures may not be promising but we can go though it together i personally get anxious and hopeless when i think about climate deniers but i remember how most younger people including young conservatives believe in climate change we are of the future and so i hope we can save our planet,POSITIVE,NEGATIVE,False
are there any sources you would trust on climate change i usually try to cite nasa as most people find that to be an acceptable source i'll hook you up with their climate change resources all the claims in this are cited click the little number next to the claim if you find something fishy and here's a fun fact i pretty recently learned lots of past climate change wasn't actually caused by changes to the composition of the atmosphere it was caused by changes to earth's orbit we've actually gotten closer and further to the sun which has a huge effect on global temperature the last ice age was largely due to the earth being further from the sun,POSITIVE,POSITIVE,True
here's the problem with climate change you stopped calling it pollution pollution is tangible visceral ugly gross people rallied against pollution to get rid of leaded gasoline industrial run off trash heaps on the sides of the highway hfcs in hair spray etc etc president nixon signed the epa into law because pollution had gotten so bad rivers were catching on fire one fake indian crying in a commercial traumatized an entire generation not to litter aka good propaganda climate change is too esoteric for populations that are horribly ignorant of science and to which climate change are you referring? the natural cyclical climate change that saw global temperatures during the age of dinosaurs much higher than even what the worst climate change models predict? or do you mean anthropogenic climate change that is caused by wait for it pollution ? and that is an important point because the climate change deniers rely heavily on natural cyclical climate change and past global median temperatures but they cannot deny anthropogenic climate change because the great pacific garbage patch is undeniable it exists so does air pollution pouring out of certain countries paving over natural heat sinks with black asphalt due to urban sprawl will heat up an area often enough to create unnatural micro climates i mean you might as well argue radial vs inline fighter plane engines of ww with someone who knows nothing of radial or inline engines or ww and can't even tell you why a paper plane glides start calling it pollution again you'll see anthropogenic climate change deniers respond differently,NEGATIVE,NEGATIVE,True
i'm with you i think the brain washing on climate change global warming runs really deep you've inspired me to think about starting a new thread thanks,POSITIVE,POSITIVE,True
this is a perfect example of the problem how does a climate change discussion devolve into concerns about injustice in gaza?,POSITIVE,NEGATIVE,False
i work with climate scientists and have been teaching about climate change since the late s attending conferences following the ipcc etc etc my thoughts have gone through the same steps as most others with years of engagement on climate prevention is possible shit too late to stop it but mitigation will lessen the impacts and well hell too late to mitigate it now so we're pivoting to adaptation now as i contemplate retirement we're looking for a climate resilient location and plan to build a home that is largely self sufficient and able to island itself for at least a month water energy fuel etc we also plan to have enough space to house our extended family if when that becomes necessary as i expect both short and long term dislocations will become more common in the s i will never forgive those who actively fought and continue to fight against basic sensible measures to reduce the impacts of climate change over the last years when we had a chance to moderate or even prevent the worst effects,POSITIVE,POSITIVE,True
i think climate change is the next big societal global challenge we will face or are currently facing as a species that being said i also think that much like past global challenges we will eventually overcome this one as well with the right combination of technological progress and cooperative problem solving,POSITIVE,POSITIVE,True
you're right mostly i think risks from ai is overhyped or at any rate any risks we already have from ni i e human beings already and at least ai can be reviewed and debugged retrained and turned off as necessary and since we're engineering ai systems for our own purposes the ai cooperates but we need more commitment to dealing with existential threats not just to our existence but to our prosperity and on any timescales but especially long term and this includes climate change it may not make us extinct but that doesn't mean it doesn't risk the deaths of millions or even billions and a risk of plunging us into a new dark ages our long term survival depends on people becoming devoted to the human project to promoting the long term good of humanity as a collective whole it must be a devotion with even more emphasis than people have historically given to nationalism,NEUTRAL,NEGATIVE,False
your evidence differs from my evidence statistical analysis is known to be faulty and problematic climate change is an inter disciplinary problem for you it is a politically issue mostly you then hide behind pseudoscience statistics and anecdotes from people who swing way to far one side of the issue to instantiate your point,NEGATIVE,NEGATIVE,True
there would be natural disasters even if there were no climate change but we can certainly mitigate their impact and have actually been doing a pretty good job at that,NEUTRAL,POSITIVE,False
you have to look at the frequency of extreme weather events year flood fire hurricanes are happening more frequently you can t assign any particular event to climate change we are also breaking hottest year on record year after year if nothing else that s causing plants to change their habits which means ecosystems change etc your favorite tree flower might bloom sooner than when you remembered species that didn t thrive where you live might now be making an appearance not all signs of climate change are in the form of catastrophic events but if you are asking for change it is all around us,POSITIVE,NEGATIVE,False
climate change really operates like a religion with doctrine priests virtues sins and indulgences man made climate change is a dogma that cannot be questioned because the scientists all agree there is virtue in using renewables recycling and eating organic foods there is no greater sin than causing emissions particularly carbon dioxide and methane but it s okay you can pay carbon credits to offset your impact the latter thing carbon credits basically says give me money to change the weather i ve only just remembered it s a religion with apocalyptic end times too,POSITIVE,NEGATIVE,False
this is the sad reality we face a few people here have put genuine effort into their comments regarding solutions but it is decades too late a lot of talk about ground level carbon capture when current atmospheric greenhouse gas levels guarantee a climate apocalypse you brought up methane there s nothing to be done about methane released from melting permafrost warming oceans and lost sea ice the polls continue to melt the end without that ice there s nothing reflecting sunlight and the heat absorbed from that sunlight away from the earth weather patterns are becoming increasingly wrong and violent due to climate change i m not saying we as a species shouldn t try we should but we re going to be well past c well before international committees are still talking about preventing c by or so when we smashed past that last summer we are already seeing severe consequences to climate change unpredictable and unseasonable weather is causing significant crop losses mass heat death from a combination of high heat and high humidity is a real concern warming oceans are killing off the higher animals while jellyfish proliferate i m in the us and we didn t have a winter this year aside from areas in elevation there is almost no snow people say if we switched to a vegetarian diet we would need less land grow food and that s true but a lot of the land used for raising animals is not conducive to growing anything but grass if we stopped growing corn and soy beans and other crops to feed livestock yes that land could be repurposed but most factory farming is dependent on npk fertilizer and there s been shortages the last few years also as weather becomes more unpredictable and violent growing crops becomes more difficult got a small scale example i live in vermont which is a small northeastern us state last year we had a hard freeze in spring which took out two counties worth a fruit tree production followed by over a month of drought followed by a month flooding the farms that survive the flooding produced very little and vermont is supposed to be one of the more stable places to ride out climate change last year georgia lost the peach crop because their winter was so warm they didn t get enough chill hours so the trees didn t produce florida lost most of the orange crop to disease the midwest lost a large amount of staple crops to drought basically everything we try to do to address climate change at best delays the worst impacts we can adapt how we produce food but we will be producing less food we can try to significantly cut omissions by switching to clean energy and doing ground level carbon capture but between the atmospheric greenhouse gases already present co emissions and the methane feedback loop there s no stopping global warming as forests around the world continue to brown out fires like the canadian super fire will undo a lot of the co saved by clean energy and i don t think it ll be more than a few years before we get our first true mass casualty event from a heat dome no countries electrical grid is going to stand up to weeklong heat that is an excess of what humans can survive,NEGATIVE,NEGATIVE,True
you want to know if its bad? okay what climate change is its essentially a runaway greenhouse effect you want example of a runaway greenhouse effect you need not to look no further than venus thats what a runaway greenhouse effect does to a planet once tipping points are hit we cant stop what comes next the earth itself will be the major source of emissions add a few thousand years to that and well you get sterile burning hellscape of a planet nuclear power was the answer and we squandered it buckle up but don't worry we won't get to see the worst of it since we will be long gone by then,NEUTRAL,NEGATIVE,False
ok so there are a lot of very good reasons to be very concerned with the validity of climate change science i'll give you the biggest one is it actually science or has it become politics the noaa and nasa actually lowered the the temperature readings going back to this results in heating creating a trend that isn't there! why justification did they have for doing that? none the i can see this is verifiable see this article as an explanation of noaa re analysis of their temperature readings its a joke read noaa scientist falsify data this should at least raise extreme caution about the motives of the scientist involved and the premise that climate change is what they say it is covid demonstrated that scientist are like everyone else they will lie for their own benefit if there are questions they should be debated but you can't debate it our you called an ignoramus or fool this is not science this pseudo science and its got to be questioned critically,NEUTRAL,NEGATIVE,False
the best thing i can think of is to take some control yourself learn to grow prepare and preserve your own food if you live in an area where you can grow a successful garden or find some other way of building resilience that makes sense to you build a joyful life with people you love let go of expecting that the world will ever return to what it was climate change is a tsunami and we need to know how to surf,POSITIVE,POSITIVE,True
climate change is just one portion of a larger set of problems the overall concern is more properly stated as we roughly have to support billion people for the next years or so it's not entirely clear the earth can handle this unless we learn to be much more efficient in our usage of resources oil specifically easily mined and refined oil is in steady decline other forms of oil are available but on the easy side you have light sweet crude which is basically refinery ready with simple particulate filtering we probably have another years available but this will always be in diminishing supply as the lion's share of reserves were found years ago in saudi arabia and years ago in texas and years ago in the north sea for every one barrel you use to get the oil to market you get roughly barrels out deep sea oil is that much more resource intensive and so for every barrel you use to get the oil you get only barrels back remote and or difficult methods of recovery you might get back only or barrels for as much as it takes to get to that oil the bottom of this barrel is tar sands make up this same distilates group there are vast reserves trillion barrels but to refine this instead of spending barrel of oil to get back or barrels out tar sands actually cost more money to refine than is used to extract them so for every barrel put into recovering it you get back somewhere between barrels or barrels in extraction processes that are not hyper efficient sweet potato and algae biofuels can be refined but require major infrastructure and are labor intensive but ultimately this mechanism is the way of the future even with present technology the input to output ratio for this energy production is around barrel in for every barrels out with a price per gallon around to per gallon through carbon heavy industrial energy production here again we would put a year program to reduce eliminate the worst carbon producers replaced with either high efficiency gas clean er coal incorporating scrubbers and such or simply over throwing our current political real estate realities currently there are trillions of dollars in infrastructure in china and the us that would suffer catastrophic and or horrible relocation politically dangerous consequences,NEGATIVE,POSITIVE,False
that doesn't even make sense based on the half life the atmospheric half life of cfc trichlorofluoromethane ccl f is approximately years this long half life means it persists in the atmosphere for decades contributing to ozone depletion and climate change it's all made up garbage,NEGATIVE,POSITIVE,False
i think it s definitely real and happening and that mankind is accelerating it i m conservative btw however it is kinda bizarre that like every years we have this major scary scientific study saying that we ll be fucked in only a few years like yes it s happening but i feel like they re lying to us about how fast it s happening i trust scientists but they ve been saying the ice caps will be completely melted in only a few years for years it s a bit misleading however i am a huge supporter of all the environmental initiatives taking place i live in the san francisco bay area and it s awesome to see all the teslas here electric vehicles are becoming affordable! i think climate change is a problem but how much of a priority it is is cloudy due to what i mentioned earlier,POSITIVE,POSITIVE,True
in the s i had a job with some climate scientists who taught me about global climate change so i ve known it was a thing since then,POSITIVE,POSITIVE,True
firstly understand the root cause of it the root of climate change is in consumption and its root in human consciousness our population has been grown in some years only to destroy earth because men is not aware about what he is doing and what it's impact so he is keeping it go on so if i say that only solution of it is to growing up human consciousness and today's time only acharya prashant is talking about it he is working for us like climate change environment earth youth empowerment etc and giving real solution that works to understand real facts about it watch him go self and watch his videos on youtube at acharya prashant channel,POSITIVE,POSITIVE,True
well undoubtedly temperatures are rising sea levels are rising albeit not as much as they say look at bangladesh it is slowly being engulfed as much of the nation is less than m above sea level some maldivian islands have been partially submerged with many more predicted to go in the next few decades however if you look at the general trend of the earth's climate it goes up down up and down as we are crrently in the up period which is also significantly higher than other 'up' periods leading many scientists scholars and academics to belive that climate change and global warming is at it most basic level natural but just simply exagerated by man's activities on earth and again you call for evidence yet seem like you don't want studies cited if thats the case it is just a case of lets wait and see what happens,NEUTRAL,POSITIVE,False
well i dont think there is any one study to best outline climate change as most scientific studies agree it is real but i really wouldn't know with your second point though i will say i dont think it will be cataclysmic any way sure we may have alot of damage form rising sea levels flooding increased strom hurricane tornado etc frequency but the claim that cities will be underwater such as london and new york i find are just rediculous and so i think much of it is greatly exagerated just to make a better story seem scary or just to encourgae people to care about the environment more,NEGATIVE,POSITIVE,False
because oil companies and republicans tell them so and climate change is scary,POSITIVE,NEGATIVE,False
my dad is a climate change denier skeptic and a republican so i have a pretty good idea after years of talking to him he's actually very well educated and has decades of experience in environmental sciences so you'd especially expect him to know better but these are his primary points of disconnect it was initially presented to most of the population by a democrat presidential candidate in a close and relatively bloody election that had just demanded several recounts imagine if it had been something presented by trump just after jan th it's a lot like that to republicans it exposes a hole in capitalism after years of cold war hardcore pro capitalist propaganda imagine if there was evidence trans affirming care actually increased depression and suicide then multiply that resistance by it targets a way of life and undermines accomplishments of the successful and producers details are often exaggerated or presented before the evidence is complete when people research these claims and find they are false they throw the baby out with the bathwater and discredit the whole thing this is a big one the actual changes are small c global average last i checked and not individually outside the realm of normal variance it takes a big picture view and thousands of data points to really see the trend in a way that can't be discredited as statistical noise or margin of error it takes conscious effort to see this therefore unless you have already been conditioned to see it company's spend billions of dollars to further obfuscate it anomalies and counter arguments spread widely like the ice core in vostok natural climate change is a thing and we don't really know for absolute certain it's man made even though we have more than enough evidence for a reasonable person to deduce it basically it's hard not to see it once you do but it's very hard to see when you don't want to,NEGATIVE,POSITIVE,False
no shit because they are literally in the first class seat if climate change and pollution becomes any worse than it actually is lol there are already divide between wealth in coastal areas and the inner part of china and without agriculture or water a war between india or a massive conflict between poor and rich in china is going to go out of hands they are still restricting people from entering rich areas in coastal cities so that could cause a massive uproar which is exactly what the ccp is afraid of the most,POSITIVE,NEGATIVE,False
sadly not really a lot of talk investments and promises are being made but it's not enough global emissions are still on the rise at this point we are past the stage where conservative measures to reduce emissions can help we need drastic measures to bring emissions to zero and start binding carbon from the atmosphere but realistically that's not going to happen either world leaders do not care or do not have the strength to impose measures that could actually make a difference meaningful actions to really combat climate change would mean drastic changes to people's lifestyles and most individuals are not willing to sacrifice that either the world just keeps waiting for some miracle that would allow us to reverse climate change and save the biosphere while continuing living just as before,NEGATIVE,NEGATIVE,True
start by studying ecology at an introductory level a baseline understanding of climate is necessary for climate change some things like feedback loops will be quickly obvious with your computer background,POSITIVE,POSITIVE,True
i think it might be prudent to begin with a few definitions weather the constantly changing state of the atmosphere in a particular location with respect to temperature humidity clouds wind speed and direction precipitation and barometric pressure also the state of the atmosphere at a particular time climate the average weather in an area over a long period of time climate change a significant change in the weather in an area over a long period of time that can be natural or caused by changes people have made to the land or atmosphere so now let s take this step by step to begin let s talk about the historical climate of earth earth s climate has been changing ever since its formation we know this by piecing together clues gleaned from fossils looking at the features of organisms that lived in the past geological evidence looking at the rocks that were exposed on the surface in the past and ice cores looking at the compounds frozen in ice in the past among others we know that this evidence indicates climate not weather as the weather on any given day several hundred thousand or millions of years ago will not leave a mark but the climate over a period of hundreds or thousands of years will leave evidence when scientists look at the data taken from this evidence they can piece together the information to get a good idea of what earth was like in the past for example from very early on in earth s history up until about million years ago the precambrian era climate varied quite a bit evidence of glaciers has been found dating back to this time near to the equator indicating the earth was once much colder conversely in the mesozoic era to million years ago the earth was much warmer than it is today we know this because there is relatively little evidence of glaciers during this period and fossils of plants such as ferns which don t do well in cold climates have been found at much higher latitudes so we know that climate has changed in the past but how do we know it s changing now? well to begin we re able to measure it directly we ve had thermometers in one form or another for about years and we can look back at historical records in some cases as far back as the late th century of temperatures in order to look for trends from this scientists have discovered that earth s average temperature has increased c f since about a secondary source of evidence for modern climate is what is called indirect observations these include things like measuring tree rings and ice cores for evidence of temperature tracking the annual maximum and minimum extent of arctic ice measuring the heat content the ocean and measuring annual sea level rise all of this evidence together points to increasing temperatures but how do we know human activity is the cause? the answer is simple physics through our understanding of physics as well as our observations of the real world we are able to produce climate change models we can look at the effects on earth s climate of for instance a massive volcanic eruption or variations in earth s movements around the sun each cause of climate change has different signature effects that tie back to that specific cause the model whose signature best fits the effects seen in our modern climate is that of warming due to increased greenhouse gasses e g carbon dioxide due to human activity scientists have developed alternative models that only use natural causes for climate change and the results don t fit the signature we see in today s climate so why is this a concern for humanity? well for starters we need only look at prior changes in earth s climate to see how disruptive they can be humans are certainly the most resourceful species ever to walk the planet but even we would not be completely immune to the effects of climate change what is of more concern is the speed at which the climate is changing in the past change occurred slowly over thousands of years the changes we see today are occurring much more rapidly and thus more immediate action is required rising sea levels mean that many coastal cities and islands will find themselves underwater changes in regional climate would affect agriculture the effects on regional weather could lead to large population migrations both of humans and other animals collectively these effects would be highly disruptive to a human life on this planet these disruptions would lead to suffering and if we accept it as a morally right to prevent and or reduce human suffering then we ought to be concerned about climate change! this is not completely comprehensive i m a layperson in this field and am simplifying certain points for the sake of clarity further reading pdf warning,NEUTRAL,POSITIVE,False
how anyone can deny that humans have changed the planet drastically since the industrial revolution is beyond me we have been burning fossil fuel and pumping pollutants in the the atmosphere on a huge scale for a years now how could it possibly not in years we will have essentially relocated all of it from the ground into the atmosphere climate change deniers are a special level of idiots climate change is a natural cycle but we have drastically sped things up,POSITIVE,NEGATIVE,False
on what grounds are you dismissive of science? i am dismissive of fearmongering in general any time anyone goes into some kind of doomsday scenario the cities will be underwater! life will end! everything will become a desert! i immediately roll my eyes and sort of backburner it as an attempt to exaggerate for the sake of political expediency i feel this way when we encounter hurricane seasons too when everyone on the news all these scientists etc start screaming this is going to be a catastrophe! so much damage and death! and then it barely registers and this is a storm happening like days after their claims so the idea that these same people are so confident in making these claims about something that's going to happen years in advance? i'm going to be a little skeptical that's more or less where i draw the line when it comes to stuff like this do you also remain skeptical that the earth revolves around the sun? that atoms exist? that quarks do? that fission is more than a myth? on what grounds do you cherry pick climate change out all the science out there? i am not skeptical about that stuff because the evidence is solid when it comes to climate change the difference there is that a lot of it is based in statistical extrapolation and when it comes to that subject or probability in general i've learned that humans absolutely suck at it so i tend to take predictions with a grain of salt,NEGATIVE,NEGATIVE,True
best place to live in when we enter extreme climate change phase,POSITIVE,POSITIVE,True
the co target is a climate target climate changes when the level of energy in the atmosphere changes temperature because weather and the larger patterns are energy moving through the atmosphere so if we reduce co to ppm then the climate will stabilize as we reach equilibrium this will keep climate patterns relatively similar to what has been experienced over the past years,POSITIVE,NEGATIVE,False
london homes are overheating because there's an effective regulatory ban on air conditioning as stipulated by the mayor's london pan its risible to blame it on climate change when there are plenty of cities that regularly reach temperatures c higher than london's summer average and cope perfectly fine because they have ac it's all the more absurd given it's the same tech as heat pumps and units can both heat and cool we're in the process of decarbonising our grid and it'll be useful and cost effective to have solar generated energy cooling houses at the height of summer instead of paying to have that electricity curtailed,NEGATIVE,NEGATIVE,True
these large factory farms and oil gas companies have known for decades about climate change they already have their alternative clean energy solutions game plan ready to go they re just milking the current outdated methods down to the last drop before the planet can t take it anymore wise men plant trees they know they ll never sit in the shade for,POSITIVE,POSITIVE,True
so i wouldn t even go that far in terms of assuming malicious motivations if climate change has been mainstream science since the early s and anyone who argues against it is seen as a conspiracy theorist then that means you have years worth of education whereby the next generation is actively taught it without pushback those people then have kids who go through the same education process etc and over decades you end up with a narrative that s embedded in the culture that is seen as beyond reproach this means that politicians have to sing of the same hymn sheet in order to be elected which further reinforces the narrative and so on and so forth that s not to say there aren t malicious actors at play but i think their role is overstated,NEGATIVE,NEGATIVE,True
it s not and the climate alarmism is making it worse i m all for renewable energy i m all for being good stewards of the environment if you really want to see change and you believe in global warming? call out the politicians who have private planes and multiple homes i don t know if y all remember tom steyer who was running in the democratic primaries in ? he is a big time climate change activist here is the thing though he made his billion being a hedge fund manager investing in real estate and fossil fuel projects imagine the hypocrisy of that oh btw he owns multiple homes if you want to effect change use this platform to call out the elites who want us all to change our standard of living so they can keep theirs,NEGATIVE,POSITIVE,False
depends on how you define extinction many millions maybe even billions dying? sure humanity dying? nope not even nuclear holocaust will destroy this race of cockroach like mammals we know how to purify water we have nuclear power we are working towards fusion and we understand vertical farming even in a worst case scenario people will dig underground and live in caves we can live underground even without the sun indefinitely most people might not survive a nuclear holocaust but at least a few million will this is just for climate change or nuclear holocaust though which are slow or calculated for events a singularly horrible event burning up our atmosphere like a giant asteroid hitting earth might definitely wipe us out,NEGATIVE,NEGATIVE,True
canada provides a good case study in how much support climate change gets because what happened there happened over a fairly short period of time a few years back there was widespread support for a carbon tax which climate scientists have long said is a valuable tool increase the price of carbon by taxing it demand drops because people can't afford to buy the same amount which results in fewer emissions because less carbon is being burned pretty simple supply and demand then people started getting hit in their wallets and they didn't like it they protested though he was likely to win anyway because of trump's st state rhetoric carney campaigned on axing the tax and he did so on his very first day in office as the new prime minister this will happen everywhere people are going to fight to hold onto everything they consider normal from large cultures like the us canada uk etc all the way down to small subcultures like the inuit in north america and the sami in norway op which is nice but to change systemic issues you have to change the systems every climate scientist who talks about systemic vs individual change says the same thing the systems can't change if the individuals refuse to change,POSITIVE,POSITIVE,True
hey! thanks a ton for replying that video was really helpful i'd never heard about helium reactors so i'll look into that more i don't want to waste your time but i have a couple more questions do you know anything about thorium reactors and if they would be helpful for fighting climate change? if they are helpful i really want to know what the timeline is for when the first large scale thorium reactor is expected to be used or if one already exists i've been learning about how they could help developing countries switch to nuclear as their technology doesn't lead to nuclear weapons also are there any good climate change conferences events in new england?,POSITIVE,POSITIVE,True
i live on an island nc i grew up in the water surfing fishing recreationally and commercially scuba diving spear fishing basically if you could have fun in the water i was doing it i ve grown up and am still in the fishing industry over the years i have seen a big change in our waters sea level has risen my island is getting smaller and some houses are now in the water we have also seen an influx of souther fish species we have never seen before we never saw manatees when i was a kid or teen now they are here all summer we are now having to airlift a few out every year if they get caught in the cold we have species like bonefish snook permit as well as topicals like eyed butterflies and parrotfish again if they were here when i was a kid i definitely would have seen them that along with armadillos banded stick bugs and west nile are now a problem some of our native species have also moved further north and we are no longer catching them the spot leiostomus xanthurus used to be a big money fish for us they were caught by the thousands of pounds but this year i could not find a single decent one to eat a few small ones but no eating sized fish so when folks claim climate change isn t a thing i invite them to my island for a visit and let s have a discussion i don t need a scientists to tell me it s real i know from a lifetime of experience,POSITIVE,POSITIVE,True
it's an issue that has been politicized it shouldn't be that you're a democrat or republican if you believe x about climate change it should be is anthropogenic climate change happening? to what extent are we involved? what can we do about it and should we do anything about it? etc unfortunately it's hard to keep politics out of it when there are lobbies special interests massive propaganda and tribalist thinking behind it,NEGATIVE,NEGATIVE,True
i blame the environmentalists for climate change just as much i blame the oil and coal lobbies we'd be living in a nuclear powered civilization if the dumbass hippy boomers hadn't killed nuclear in the seventies and eighties even to this day the dumb pricks will still howl anytime something with the word nuclear in it gets mentioned,POSITIVE,NEGATIVE,False
there's a lot of money flowing into these green companies this money has been increasing year over year this translates into profits this funds lobbyists for even more programs for green energy this money flows into political campaigns and around and around we go would you want to be the congressman who tells your biggest contributor thanks for the money but we hit our co target we don't need you to increase production you'll just have to convince your customers to buy more on your own ? today i can buy steak but this is under attack i know steak isn't the right but commerce is in fact farmers are under constant attack mostly in the name of climate change,NEGATIVE,POSITIVE,False
i would encourage you to look at the video by a youtuber called brit monkey called stop being a climate doomer kurzsegat has a similar video called we will fix climate change this should enlighten you on some of the positive strides we have been making in the world,POSITIVE,POSITIVE,True
right the word anthropogenic in the phrase anthropogenic climate change means man made sorry if you already knew this but i just thought it worth pointing out if i had my druthers also to address the rest of rikkety's main argument is that it would be human accelerated climate change because he's exactly right it has happened before and the earth and life on it will survive it happening again but the rate at which it is presently happening is faster than usual so the life on earth may not adapt quickly enough to that change and it might be really tough on life for a while,NEUTRAL,NEGATIVE,False
climate change and an asteroid strike are not analogous insofar as they are predictable,NEUTRAL,POSITIVE,False
i'm in the world of sustainability professionally and there's actually a mind boggling amount of good news about climate progress every day if you're on the inside big business has started to realize that a clean economy is necessary and that's huge in a world in which big business runs everything i think others in this thread have highlighted some clear examples of good news so i won't make a list the one small example that got me excited last week though was learning that a quarter of all energy in the us is generated from renewables and that that fraction is growing rapidly depending on how you feel about nuclear that number is actually from renewables i consider nuclear a clean option in the context of climate change and see it useful as a stop gap beyond that little tidbit i want to make a point about why things seem so dire when you read the news beyond the fact that they just are dire changing the minds of a populace who doesn't care or is opposed to climate action requires negative reporting that's basically it we are in a situation where every action is meaningful so keeping this crisis in everyone's mind is extremely important i know it's tiring i've personally been nearly bedridden for a couple of weeks because of climate anxiety but part of making change is hammering home what's happening now because of what we've done are doing a good example of this is in the uk tory leadership race many candidates were on the fence about the uk's frankly impressive move toward net zero since but all but one of them have since given hard commitments to continue this project after receiving publicized pressure from media and business we could be doing more but trust me when i say that some of the most brilliant minds in the world are working on this problem in very practical ways despite political challenges i personally have some inklings of hope and i hope that that is meaningful to you in some way,NEGATIVE,POSITIVE,False
congress tomorrow could start the process that would end climate change in years given enough political will that is a complete lie first off there is nothing anyone can do to realistically stop climate change in just years not just that but america can't do it on its own once again there is no realistic solution to climate change that we can take in the near future,NEGATIVE,NEGATIVE,True
me using reusable straw is useless against rich people flying private jet each years if the rich and the powerful don't care about climate change why should a peasant like me give a fuck?,NEGATIVE,POSITIVE,False
we need resources that show how climate change will negatively impact the economy long term,POSITIVE,NEGATIVE,False
the problem is the average person has absolutely zero power over this most emissions and pollution are coming from like mega conglomerate corporations and they refuse to be reigned in they've captured the courts captured politicians and captured regulators climate change is going to be the end of our species and there's almost nothing an individual can do about it,NEGATIVE,NEGATIVE,True
while it s only a small amount of greenhouse gas part of tackling climate change is mitigating the negative impacts strengthening ecosystems is a big way to to do that,NEUTRAL,NEGATIVE,False
cause it s horse shit started by al gore who supposedly invented the internet lol it s a hoax and real scientists not politicians came out and said it s bs it s all leftist scare tactics and propaganda yes the climate is always changing on it s own and it s been doing that since the beginning of time so when they claim humans are responsible climate change it s even a bigger crock of shit!,NEGATIVE,NEGATIVE,True
jesus christ dude!! i am a liberal and your post actually makes me want to be conservative the planet is not going to die!! it s just going to change we are human beings we are the most adaptable of all the species maybe not the most but definitely up there we live in the arctic we live in the desert even if the world is going to end in years you are going to die anyway even if we lived in a paradise with no pollution and no climate change you are going to die no matter what! live for the moment enjoy each day become spiritual jesus christ man now i understand why conservatives have their view on climate change because when they see how miserable people like you are the natural human instinct is to ignore the danger because why would anybody want to go through life with your attitude? plant something and watch it grow apologies if my tone and words are too harsh i believe you are a good person with good intentions but my god man,POSITIVE,NEGATIVE,False
everyone knows climate changes it's the ability over that change that humans have what's on question or that we can do anything to stop ir from changing climate is dynamic not static focus should be on how to manage human behavior so that we can adjust to the change not on changing climate per se,POSITIVE,NEUTRAL,False
i never cared i don't consume much so coincidentally aligned with the pro environment move there are corporations and people that negatively impact the environment in a day what i'd never be able to in a lifetime so yeah i'd still reduce purchases and recycle though just never thought it'll reverse climate change or anything,NEGATIVE,POSITIVE,False
how is ai going to mitigate climate change? computers can't magically replace billions of tons of sand that are washing away in miami large language models have no power to prevent massive heat waves in india that kill thousands of people artificial intelligence can't change the path of hurricanes what you're suggesting is physically impossible it's not a gamble it's a guaranteed loss,NEGATIVE,NEGATIVE,True
nothing effective has actually been done to stop climate change though global co emissions have increased every decade and are the highest they ve ever been despite this the big claims climate catastrophists make have never come true,NEGATIVE,POSITIVE,False
every hurricane and wildfire season is worse i live in oregon 's wildfire season was terrifying the worst ever we lost more than million acres of mostly forest land uncountable wildlife more than homes and businesses four whole towns phoenix talent detroit and gates nine lives this year hasn't been as deadly but as of sept we've already lost million acres thankfully unless you live there mostly rural farm and rangelands in central and eastern oregon no towns yet california has had it worse earth's desert belt is expanding onto crop lands google hadley cells if you'd care to get a clue and driving transmigration that is beginning to tear civilization apart the amoc google it is likely to stop more or less soon and chill european winters degrees c that will pretty much destroy the grain lands of the northern hemisphere it might last a few hundred years like the younger dryas gogle it if it only lasts two years half the world will starve the west antarctic ice sheet google it is about to cut loose and raise seal level meters immediately meters when it all melts three let alone meters will innundate every major city on every seacoast on the planet and we will lose quadrillions of dollars of real estate alone never mind the lives that will destroy or the turmoil it will rain on all of us greenland's meltdown like all of climate change is increasing exponentially the doubling time says nasa and columbia university earth institute climatolagist james edward hansen who studies this stuff as a scientist and doesn't depend upon deliberate ignorance to scoff about shit he knows nothing about the doubling time is about ten years now do you know what a doubling time is? if you did that would terrify you get some education do some reading get a clue give a damn or walk off the cliff but don't try to drag me and mine with you that enough of a screech for you duck?,NEGATIVE,NEGATIVE,True
you'd be surprised an overwhelming amount of people believe that climate change is affected by man even those voting red there are a lot of opinions on the internet that might be fabricated to make some people think that man has no effect on it and that nothing we do can be energy is a multi trillion dollar industry too much is on the line for certain investors for a shift in their money some people fall for it,NEGATIVE,NEGATIVE,True
it's nice you're thinking about this problem but you've in the trap of believing that we just think hard enough we can find a solution we were missing unfortunately life isn't a tv episode where they figure it all out in minutes live streaming isn't going to do anything that hasn't already been done and it's arguable if a live stream has any potential to even do as well as your random video talking about this subject the world is saturated with information about climate change the solution isn't more dissemination of info the solution is institutions actually getting serious about taking action so far they're not individual action itself won't save the situation governments need to bust out the scythes and get to work,NEUTRAL,NEGATIVE,False
it will lead to the collapse of modern society as we know it we won't be able to keep up the infrastructure of modern living as climate change worsens it will be the cause of most wars going forward and those wars will become ever more frequent as powerful nations try to hold on to as many resources as possible a tremendous number of people are going to die in climate disasters and from ensuing famines the next years are going to be scary,POSITIVE,NEGATIVE,False
i think you're getting distracted by semantics the decision is to be worse off now in the hopes of being better off in the future as a result we stop using fossil fuels in order to mitigate the damage of climate change by reducing the degree of change your claim is that this is a bad trade off because there may be other presumably less costly ways of mitigating that damage in the future the issue is that you haven't offered any evidence that the alternative mitigation strategies are achievable let alone more cost effective in fact you're specifically resting your hopes on vague highly speculative developments you haven't shown that this is a better option than making sacrifices now,NEGATIVE,NEGATIVE,True
pretty much every mass extinction event in the planet's history was a result of or was greatly exacerbated by climate change the earth will survive sure but that doesn't mean we will be fine,NEUTRAL,POSITIVE,False
ah the immediate consequences will be the increasing spike in insurance rates followed by collapse in the industry i m in florida it costs per year for house insurance it s also set to go up if my insurer quits the state i ll be forced to sell and move same thing is happening in the west wildfires and increased insurance rates are forcing people to move if you think climate change isn t affecting you you re not paying attention,NEGATIVE,NEGATIVE,True
you are spreading economic misinformation much like the climate change deniers just different flavour messages like yours turn people numb the world is getting richer across the board look at median consumption for example median income or consumption per day to,NEGATIVE,NEGATIVE,True
progress towards mitigating the impacts of climate change is a waste of efforts at this point we need a drastic aggressive pivot towards adaptation and resiliency at the most local level nothing will stop the warming but there is hope in how we can react to the warming,NEGATIVE,NEGATIVE,True
i'm chinese and it's neither the chinese poor people or the american poor people who are responsible for the climate change it's the ultrarich bourgeoisie revolution is the only solution,NEGATIVE,NEGATIVE,True
hello! i am at an actual computer for a while i will try to get through as much of this as i can and then come back and answer anything i haven't what was your reaction to this article in the wall street journal where four climate scientists are quoted as feeling misrepresented in cook et al ? the wall street journal editorial page has a long and pathetic history of attacking mainstream scientific positions especially when they appear to threaten industry interests here's a timeline with a small sampling of their all too predictable behavior bast is the head of a think tank whose primary goal is to fight regulation dr spencer works on the uah lower tropospheric temperature record but holds views on subjects like climate change and evolution that put him well outside the scientific mainstream both have a motivation to disparage our paper and neither has produced or participated in any relevant research that challenges it instead they rely on half truths and blatant falsehoods that seem to be recycled from denialist blogs it's been a while since i've read it and it's behind a paywall so if there is anything specific in it you would like to see addressed that i don't cover in this response please just say so edited to add similarly in zimmerman agreed that humans significantly influence the global temperature among actively publishing climate scientists the percentage was the lower average you cite was including other fields like petroleum geologists who are not actively engaged in the field and have an obvious self interested motivation to downplay the reality of anthropogenic warming end edit also deniers have raised concerns as to your methods of classification of consensus or no co author andy skuce seems to have already answered this consensus can be estimated for a general endorsement or an endorsement with an explicit quantification of the amount of warming the percentages are similar although the number of abstracts that explicitly quantify is much smaller to be clear these revised percentages came from a review of cook et al led by david legates who has known affiliations to the petroleum industry nevertheless it would be unscientific to disregard his findings on this basis alone legates' incorrect claims were debunked in the formal response by bedford and cook if you would like a full copy of the paper please let me know from bray and von storch i don't know what the controls on the survey methodology used for this were i've heard that the survey was inadvertently leaked to a denialist mailing list but i have no idea if that's accurate i dislike the wording of the survey for a number of reasons but let us stipulate that the percentages are fine largely or very much agree that climatic change is occurring and largely or very much convinced that current and future climate change will be the result of human causes that's still an overwhelming level of agreement not even taking into account the strange framing of the second question someone like myself who believes that we will be able to dramatically reduce our emissions and possible even draw co levels down to preindustrial levels would be very much convinced that the current climatic change is human caused but hopeful that climatic change in the not too distant future will be largely not see the problem? anyway for the actual evidence consensus obviously not good enough i think you might find my lecture on knowledge based consensus to be useful here edited to add link here end edit consensus is not a substitute for evidence consensus arises because of evidence but a knowledge based consensus can reasonably serve as a heuristic for people who don't have the time or education to investigate an issue themselves that whole line of criticism seems to be a strawman from my perspective what i meant to ask is which studies show that recent global warming is overwhelmingly anthropogenic the most recent ar ipcc physical science assessment report describes the balance of evidence as confident that more than half of the observed increase in global average surface temperature from to was caused by the anthropogenic increase in greenhouse gas concentrations and other anthropogenic forcings together the best estimate of the human induced contribution to warming is similar to the observed warming over this period the second sentence says that our best estimate is that humans are responsible for pretty much all of the warming since the mid th century the individual papers behind this can be found in the summary for policy makers and chapter of the ar dana nuccitelli a coauthor of mine has put some of them in graphic form the studies are tett et al t dark blue meehl et al m red stone et al s green lean and rind lr purple huber and knutti hk light blue gillett et al g orange and jones et al j pink some explanation is given here but i would like to see it presented formally and peer reviewed before i could be convinced well have you actually looked at the peer reviewed literature? or summaries of it? because this has existed for years in various forms if you don't know where to start that's fine let me know i can help generally the argument i have seen goes humans have caused the release of a historically unprecedented amount of co into the atmosphere co is a known greenhouse gas most of todays global warming is caused by humans obviously there is a huge leap of faith between points and co is the weakest greenhouse gas is it not? it the the yardstick against which all other gasses are measured again i would need to see a quantitative analysis to be convinced no this is wrong yes the basic physics are obviously important because you can't cheat thermodynamics but we don't just assume the causation is occurring we look for fingerprints specific to enhanced greenhouse warming such as the vertical profile of temperature change cooling of the stratosphere while the surface and troposphere warm or the response of olr outgoing longwave radiation in relation to ssts sea surface temperatures and more edited to add we also look at natural drivers of climatic change and estimate their influence over the instrumental record and beyond with paleoclimate end edit these studies exist they're not hard to find if you know what you're looking for if you don't again i am happy to help you are correct in not accusing me of denialism on the spectrum i find myself somewhere between believer and agnost that's a relief! someone warned me that you had posted a change my view thread about anthropogenic global warming where you espoused a denialist position that has since been removed i'm glad to hear that they were mistaken! please let me know if there is anything i failed to adequately answer! i hope this was helpful to you!,NEGATIVE,POSITIVE,False
by far the worst typhoons i've experienced all occurred in the s and s all of the typhoons i've experience since have been much weaker in an area where my family is originally from they would have near yearly tornadoes that seemed to hit virtually the same exact area year after year but never caused any damage there was nothing but fields there then about a decade ago they built housing developments and lots of strip malls like with all the chains in them now that area still get's the same tornadoes but now they are rated as very bad tornadoes because they rate the tornado on the dollar amount of damage is causes is a mph tornado that passes through fields not a big tornado? but a mph hour tornado that hits a housing development is a bad tornado? just this morning there was an article about some current wild fires in california started by a person they caught the article was trying to convey climate change was the cause and they used the data as fires in california this year vs last year if you remember last year california was cooler than normal but more unique they had a lot more precipitation than normal that year they also blamed in on climate change and to further weaken their claims about this years levels of fires they are comparing it specifically to last year which is well documented as have well below normal fires these are some of the many issues why so many people just aren't in as much fear as the fanatic's when it comes to climate change when the activists and the media fear monger and use clearly bad data like the ca fires example above credibility drops climate change activism has a very big credibility issue,NEGATIVE,NEGATIVE,True
look at the insurance industry what incentive do they have to pull out of florida and california if not for climate change? give me a real reason because those are profit seeking corps tjey have every reason to stay and make money they are leaving because climate change is making it too expensive to make any profit pretty massive canary in the coal mine,NEGATIVE,POSITIVE,False
the proportions of carbon isotopes in the atmosphere are consistent with the burning of fossil fuels this for me is the easiest to digest scientific evidence that shows that climate change is occurring and it is due to the burning of fossil fuels otherwise we would not be seeing the chemical fingerprint of carbon isotopes that we are currently seeing if we had not burned fossil fuels also we have measured the co conservation in the atmosphere for a long time we know the concentration is increasing at a very rapid rate this would require a very significant movement of co into the atmosphere the only carbon reservoir that we know of that is big enough to supply says carbon is the stored result of millions of years of photosynthesis we call them fossil fuels,POSITIVE,POSITIVE,True
global population collapse is a mathmatical certainty and will stop climate change also the best temperature for life on the planet is degrees higher which is about what the more agressive predictions are so that sounds great,POSITIVE,NEGATIVE,False
the same poll found that of americans do not expect climate change to cause more than minor changes to their lifestyle during their lifetime out of people still don't think climate change is going to impact them personally they still think of it as something that's or years in the future yep they don't get it it's too vague too distant taxes are way more of a threat and why we're touching ourselves the temperature goes slowly up,NEGATIVE,NEGATIVE,True
the only progress on climate change is it s closer to killing off the reasons for it,POSITIVE,NEGATIVE,False
there's more fertile land than not fertile land so much more to lose we're seeing more heat strokes more land that's unusable for sensitive plants in the global south more permafrost melting leaking methane and old bacteria enough unusable land that it's driving mass migration just in the oceans more brutal hurricanes more killed coral more toxic algae blooms and jellyfish populations and we're able to recover deserts without climate change thank you very much,POSITIVE,NEGATIVE,False
god i hope this is bait while it's true that earth's climate has gone through natural cycles in the past and was hotter than it currently is the key difference now is the rate of change human activities particularly the burning of fossil fuels and deforestation are accelerating climate change at an unprecedented pace this rapid warming is disrupting ecosystems causing extreme weather events and melting ice caps faster than ever before have you not noticed the weather in some places? did you know they had to come up with a whole new category of hurricanes?? have you not noticed the first snow in a lot of places is months late and summer comes a month or two early? you know during summer the forecast shows the record high for that particular day in the past and we were constantly breaking those records that were set decades ago almost on the daily? x d x d the earth's average surface temperature has risen over degrees celsius since the late th century with most of the warming occurring in the past years this might not seem like much but even small temperature increases can have significant consequences think about it there's only a degree of difference between water and ice x d x d for instance the intergovernmental panel on climate change ipcc warns that limiting global warming to degrees celsius above pre industrial levels is crucial to avoiding the most catastrophic impacts such as widespread species extinction food and water shortages and unprecedented sea level rise and yes speaking of sea levels they've already risen by about inches cm globally since with projections of even more rapid rise in the coming decades inches doesn't sound like a lot but when that's across the entire surface of earth that's a lotta water imagine if it rised another inches coastal citys would face disaster x d x d ignoring the science and dismissing it as paranoia only hurts our ability to tackle this critical issue denying climate change is the equivalent of being a flat earther at this point the evidence is there but only the ignorant are confident enough to ignore it scientists have known about climate change for decades at this point but it's easier to ignore a problem until it becomes a problem that affects you personally,POSITIVE,NEGATIVE,False
climate change has been inevitable since the s its already here you cannot avoid something that is already here,POSITIVE,NEGATIVE,False
that unusable land will still have short growing seasons climate change doesn't affect seasonal tilt and extremely poor soils meanwhile many of those areas are burning and experiencing deadly heat waves lastly who says the russians and canadians will let all comers roll in and set up shop?,NEGATIVE,POSITIVE,False
just matter of time if world keeps heating as it has yes there is no question that sea level will continue to rise albeit over a period of time the main disagreement within the scientific community is when and how much and the experts do not agree as you say too many variables personally i believe that most genx will not experience extraordinary sea level related disasters during their lifetimes i further believe that mankind will deal with sea level change mostly via mitigation find ways to live with the inevitable changes also imo trying to reverse the portion of sea level change that is a result of anthropomorphic climate change is mostly infeasible i believe we could completely halt adding carbon to the atmosphere worldwide tomorrow and most people would never notice a change in the rate of sea level rise in their lifetimes,NEGATIVE,NEGATIVE,True
no the good news you sometimes hear is blatant greenwashing we are headed for resource wars societal collapse and billions of deaths in genocides most likely is the hottest year in history and it will be the coldest year of our very short lives we will suffer like no other generation has suffered and the corporations will laugh because they knew about climate change since the s,NEGATIVE,NEGATIVE,True
i have developed an relaxed attitude towards problems that are outside of my control which i think is reasonably and healthy applying this to climate change this is a problem mostly outside of your control of course you should nonetheless do your small but important part vote responsibly go to demonstrations maybe write your representatives and if an discussion calls for it represent your position in a calm scientific and constructive yet empathic way without being pushy about it minimize animal products in your diet take the bike or public transport if possible don't fly unless you absolutely have to take care to recycle and reduce unnecessary consumption as long as you don't sacrifice your happiness for it obviously this won't solve the crisis but doing your part might inspire others to do the same your anger and fear is completly reasonable keep it but don't let it consume you there is no need to despair about something outside of your control also just as a side note i might not be able to get to ? i don't think there is a precedent to assume this climate change combined with everything going on is an existential crisis to our society but that doesn't mean everything will rapidly collapse and corpses will start to pile on the streets additionally this subreddit accumulates the most pessimistic of people in this regard probably myself included this comment section is kinda biased,POSITIVE,NEGATIVE,False
as someone who's absolutely not a skeptic i agree with you this sub is way too doomerist climate change is a manmade problem that is a catastrophe let's figure out how to fix it instead of resigning ourselves to defeat,NEGATIVE,NEGATIVE,True
i really thought al gore was a scammer his generation investment management firm now has something like billion in assets now i think his message was absolutely correct but it's too late i think gore did the world a disservice by using his message to become uber wealthy turning off conservatives to the reality of climate change in the process there is no doubt that our climate has changed radically and we are going to suffer massively as a result of ignorance and general inaction on the issue,NEGATIVE,POSITIVE,False
here's a primer on climate change from one of the top oceanographic research institutes in the world the first tab greenhouse effect touches on how co reduces heat loss to space briefly co molecules are the right size to absorb infrared radiation emitted from the earth preventing that heat from being lost to space this effect of co acting like an insulating blanket has been known since the second tab fundamentals shows a chart of co concentrations vs how hot or cold the climate has been vs the long run average the final tab reading contains links to scientific and popular press articles you may be interested in the link to an article entitled how to talk to a climate skeptic which is likely to directly address many of your concerns with the arguments you've heard most of the counter arguments you raise for example your local weather are addressed in more detail there,POSITIVE,NEGATIVE,False
i stumbled upon this thread late but regardless it appears your entire argument or perspective is based on humanity coming out on top i'd like to argue that not to be the case unless we're inventing fiction levels of terra forming fiction as in known science does not support this we're not going to survive unchecked climate change and our civilization at best will be reduced to remnants of what it was which themself will not be able to recover the kind of climate change we're dealing with isnt an inconvenience but a planet killer i assume you're not familiar with just how complex and interwoven our planets various systems are as otherwise you'd understand that there is no such thing as bridging the gap when one of those system fails destructive symptoms are by far the least dangerous ones caused by climate change and it wont be until many decades after we've reached the point of no return that the system collapses when scientists say our worlds temperature has risen by c they dont mean your summer will be one degree warmer they mean insects will die plants will wilt water will evaporate and chains will break apart the projected c by the end of the century isnt a weather gets hot prediction its an its over prediction c are an unfathomable temperature difference when applied to biomes it can turn plains into deserts lakes into craters and forests into even more deserts there are thousands of reputable predictions out there and not one of them is survivable the atmosphere we're breathing is fragile were we to lose just about of the phytoplankton in the oceans who are producing of all oxygen on this planet we'd be dead and there wouldnt be anything we could do about that phytoplankton requires very specific environmental conditions global temperature increasing to c will see those lads take casualties the way i see it there is no price too high to prevent us stepping over that line because it is real and the consequences are the worst of all the kind you yourself will not feel but those who are innocent and had no choice in the matter there is no possible benefit that can outweigh the potential risk of killing everything we hold dear on this planet to keep going because of some arbitrary hope that the future generations can deal with it just so that we can enjoy doing nothing is what brought us here and i guarantee you that unless we're the ones who put a stop to this the future generations you hope to fix it will take the very same approach just as we did after the previous generations left the burden on our shoulders it is all so easy to make decisions when you yourself will never face the consequences and before you say if its so bad why are you running a fridge or another strawman like that i'd like to remind you that this is not caused by fridges its caused by unprecedented magnitudes of greed encouraging stagnation look at the usa they do not need to go back to fossil fuels and they do not need to actively demonize progress fossil fuels are only left in play because its cheap and easy but we've reached a point where cheap and easy is no longer viable short term solutions motivated by greed and misplaced ideals are what brought us here,NEGATIVE,NEGATIVE,True
what you said about recycling blame shifted from companies to the buyers was very interesting just found this forum about climate change alot of smart people here like you,POSITIVE,POSITIVE,True
i research climate change communications not a new topic but despite all the findings and suggestions we aren t communicating it well the main points are one message doesn t fit all we are all driven by different factors that being said subjective norms matter and referring to what is socially expected from one might resonate more s lect the numbers that are easy to understand by putting them in a context comparison finding a good analogy is not always busy but it sticks and is more digestible appeal to good and positive imagine the green cities powered by solar we could all enjoy vs negative we are doomed march problem with solution don t just state the fact but offer ways for people to engage which are manageable e g you can save energy by turning off the lights when you don t need them integrate more meatless days in your diet use stories which feel personable and one can relate to not everyone segment the audience for messaging to communicate concepts that matter to these audiences think about innovative ways to share the message gas stations grocery stores leverage art to articulate ideas present info to your audience can relate to talk about a hypothetical neighbor and their energy preservation behavior i m personally interested in communicating the connection between diet and climate change as this topic is a bit less explored and an average consumer doesn t connect the two so i am thinking about what info can be shown on the food labels groceries etc elsewhere that being said a large proportion of population doesn t care about climate change that much however they might care about saving their money so being creative about presenting numbers and stories that indicate savings associated with efficient energy might be a way to go,NEGATIVE,POSITIVE,False
didn't read unless we remove green house gasses from the atmosphere at a rate faster than they are added in we won't be in control of climate change it will only get worse this is why carbon capture on biomass power plants makes sense it is cheaper than just stripping co from the atmosphere however you need more arable land to grow cheap high quality biomass if you don't want to impact food production rising temperatures raise surface soil temperatures this dries out the soil via evaporation and leaves less moisture for plants result wild fires and lower crop yields with biomass in the mix the situation is worse rising temperatures are melting the artic tundra releasing trapped methane people are nimby about new power generation of all types this is making progress annoying oh and the worst case model predictions are looking plausible and not far fetched,NEGATIVE,NEGATIVE,True
this is the most realistic and sensible comment on climate change i've ever read bravo sir,POSITIVE,NEGATIVE,False
vote for candidates who want to fight climate change just look at the results of the last presidential election and all of the changes for the better that came from it the inflation reduction act of contains billion in new spending and tax credits toward climate change solutions and has sparked a huge investment in green energy manufacturing in the us,POSITIVE,POSITIVE,True
there is so much scientific data that supports this claim it s not a coincidence that things are the worst they ve ever been look at charts of co levels over time and how much they change during the industrial revolution you think that the fact that humans aren t extinct after decades disproves climate change? widen your scope man the ozone layer is a great point to bring up because when scientists discovered it they told the world the montreal protocol was signed by every nation in the un and use of ozone depleting substances went down now it is expected to return to preindustrial levels by the problem didn t magically go away it was discovered and solved because people believed in science i would love to take the fight to china and india through economic pressures but if the american people and administration don t even believe that climate change exists that will never happen,NEGATIVE,NEGATIVE,True
the problem is that while deserts get greener a lot of currently occupied or cultivated land is getting less livable hurricanes and forest fires are getting worse coastlines are eroding oceans are losing biodiversity due to warmer currents and ph changes any positive change to areas of the planet currently uninhabited are happening too slowly to compensate for the worsening conditions where billions of people already live it's not like you can tell a hundred million people to up and move to the sahara in the next decade but there's a decent chance that at least that number of people will be severely affected by climate change where they live right now your assertions might be correct in the long term i just don't think we have time to wait for the sahara to turn into a rainforest before things get bad where we live,NEGATIVE,NEGATIVE,True
climate change will absolutely be mitigated at some point in time in the future but that is reliant upon scientific advancement it won t happen through legislation,NEUTRAL,NEGATIVE,False
i find it absolutely appalling that you're a science teacher and didn't know this maybe we should focus less on climate change and more on qualifying our instructors,NEGATIVE,NEGATIVE,True
don't forget china is spending over trillion dollars on fighting climate change it is the single largest investment in human history,NEGATIVE,NEGATIVE,True
i'm both very anxious and confused as everywhere i look there seems to be either climte change will be gone by or climate change will kill us all read credible sources instead of whatever crap you're reading that feeds you this garbage,NEGATIVE,NEGATIVE,True
as mentioned in the post i just finished my undergraduate degree and am starting a masters in the autumn so in regards to making a living right now i am supported by my parents for my schooling my plan as mentioned is to finish my masters and i am contacting professors now to start applying for doctorate degrees to start in a year the goal is to become a researcher in the field conducting field studies and the support for that is to eventually become a professor that way i can teach both about climate change and conservation while simultaneously doing research as to how i dedicate myself to this now it is schooling and educating myself if we are talking living more sustainably i am a vegetarian i take public transport and try to reduce my consumption as much as possible but ultimately it all comes down to my education and how i use my education to help make the knowledge more broadly spread the goal is to help in every way i can from within the scientific community,POSITIVE,POSITIVE,True
i think the best way to really hit home why climate change is important is to explain how it will effect the pocketbook coastal flooding will cost resources to deal with more frequent severe acts of nature will cost resources commodities will become more expensive etc it's very easy to see that when money comes into the equation people act not according to their typical ethical or moral code but according to a way that will benefit them financially explain why it will be fiscally devastating and people will begin to listen,POSITIVE,POSITIVE,True
yes the good news is the climate changes over millions of years constantly the bad news is you have zero effect on it live your life and worry about shit you can control,POSITIVE,NEGATIVE,False
this is absolutely the wrong attitude you say that as if climate change has some upper limit of impact where once we ve already committed a certain degree of warming we should just concede to it there s no limit to how hot it could get and the more we contribute to warming the worse the impacts are going to be just last year more than people died from historic flooding in libya acres burn in texas wildfires in canada in australia all of those only get worse and worse how hot will it get? ? ? ? how hot is too hot to survive? defeatists attitude towards mitigation is only dooming millions more to death we cannot have that kind of outlook,NEGATIVE,NEGATIVE,True
the climate change we are seeing is not natural a warmer planet mean less livable places to us and to other species since the change is so fast most will not adapt and die so more co means less plants and more deserts most tropical countries are predicted to become unlivable by co is the bad because we are removing it from carbon sinks and putting it into the atmosphere,NEGATIVE,NEGATIVE,True
it all depends on decisions we make i agree it is too late to stop some horrific consequences however there is a huge difference between warming of degrees and warming of secondly it depends on how people react the world won't be unliveable it is just that large areas that use to be productive will no longer be productive and other areas that weren't will now become productive places like canada and russia will probably do pretty well but will the rest of the world who now are living with rising water and insane temps sit back and let their people starve? or will the chaos created lead to massive instability violence and battles over resources? so bottom line you won't end up with an extinction event from climate change there will still be humans even if we hit degrees warming but we could have an extinction event from the chaos driven by changing climate,NEUTRAL,NEGATIVE,False
the wealthy aren't going to have to give up all their creature comforts they will mine it off the backs of the rest of us like they always have climate change is going to bad but it's going to be worse for the poor and middle class,POSITIVE,NEGATIVE,False
to be fair there is a lot of money in climate change as well from subsidies for solar plants to wind farms to pushing electric car technology it's not as big as oil but don't think it doesn't exist,NEUTRAL,POSITIVE,False
show him the youtube channel potholer the guy who runs the channel is a science reporter and a geologist who used to work in the oil industry he has videos laying out the evidence for climate change and debunking the talking points of deniers his videos are concise and easy to understand point out that none of the natural drivers of climate change can explain the current warming trend solar activity is decreasing the milankovitch cycles indicate that we should be cooling volcanic activity releases about as much carbon dioxide as humans etc there is simply no natural explanation for the warming we are seeing,POSITIVE,POSITIVE,True
your future does matter you matter! i felt the same as you for a long time it's completely understandable to be terrified especially at now i'm and studying environmental science there's no single solution to all the problems we will face with climate change some may only have harm reduction adaptations rather than solutions as well some good news from me who's just a student is there are people everywhere who were are just as scared as you and turn it into scientific developments or even just community developments! to try and help some impacts of climate change i really suggest checking out alaina wood or jacob simon says if you want to refresh yourself with good climate news got me out of a really bad climate doom spiral where i couldn't eat for multiple days r optimistsunite will probably also be helpful,POSITIVE,POSITIVE,True
not op but i want to note one thing the burden of proof is on the alarmist the person advocating for a particular action to be taken ie the person who says we need to reduce co emmisions not the denier the person who wants to prove that something exists and we need to do something about it is responsible for demonstrating that this is true additionally we need to separate the scientists and the politicians here the scientists generally indicate that their predictions are highly uncertain as is almost always true for climate predictions over large time periods the politicians on the other hand often try to leverage supposed scientific certainties to support a policy agenda i've found that many politicians exaggerate the certainty that climate change is a doomsday event the of scientists agree statistic is misleading this is the statistic that believe in anthropogenic climate change but certainly not the number that believe that climate change is the greatest crisis of our time,NEUTRAL,POSITIVE,False
i grew up watching a shit ton of pbs and reading educational books and magazines nova and bill nye national geographic and popular science etc all kinds of science education things so climate change global warming has always been on my radar and an issue i've been very interested in,POSITIVE,POSITIVE,True
fantastic sources !delta what do you think of the comparison between climate change fossil fuels and the overall costs involved in adapting? spending massive amounts of money on clean energy is probably necessary but definitely not ideal where do you think we should be on that particular spectrum? over time cold turkey what?,POSITIVE,POSITIVE,True
you just need to get out more! even bill gates still be harping on the 'ole climate change organ you just need to poke you head up out of your ass to listen once in a while,POSITIVE,POSITIVE,True
climate change climate change climate change that'll show him,POSITIVE,NEUTRAL,False
i ve dealt with this fear a lot in the past few years and honestly starting medication is what has stopped the rumination and catastrophizing the most i will say the world isn t going to end in because of climate change i don t think we re anywhere close to that point that s nothing but fear mongering take a breath your anxiety is telling you to panic don t listen to it,NEGATIVE,NEGATIVE,True
firstly understand what defines climate change when you discuss it and refer to it,POSITIVE,POSITIVE,True
i think about it a lot multiple times a day work in the nhs and have made am leading massive sustainable initiatives in my hospital massively changes my home life too plant based diet environmentally conscious clothing and purchases electricity supplier octopus electric vehicle public transport walk as much as possible cut down on air travel please do not give up keep doing the work you are doing it infuriates me when people s response to climate change is that their efforts don t mean anything if the government uber rich don t change their behaviour of course what every single person on the earth does matters it only takes one person to do the right thing just do the right thing!,POSITIVE,NEGATIVE,False
no developed nations are struggling with the idea of addressing climate change developing nations have no intention of addressing it because they have not had their turn at wealth greed kills everyone,NEGATIVE,NEGATIVE,True
it s definitely getting worse all of the literature describes larger than expected deviations from predicted values indicating an acceleration of climate change,NEGATIVE,POSITIVE,False
climate change will be great for northern countries! i'm looking forward to it,POSITIVE,POSITIVE,True
you're making a fundamental mistake that makes convincing climate change deniers impossible there are two kinds of climate change anthropogenic human caused and natural climate change deniers don't want you to make that distinction because they can say the temperature is rising on mars too so it must be sun spot activity raising the temperature on earth too that's part of the answer but not the whole answer anthropogenic climate change puts an unnatural amount of greenhouse gases in the air the worst being water vapor and this is going to lead to a runaway greenhouse effect unless you make that distinction you give the deniers the win don't anthropogenic climate change was a lot easier to identity when it was called pollution i've found when i make this distinction deniers either accept that pollution can change the environment aka anthropogenic climate change or they get mad and run away like the cry babies they are,NEGATIVE,NEGATIVE,True
you can only do your part and not worry about the rest don't put all that climate change on yourself you're right the news wants you triggered and glued to the tv for ratings relax and feel good about the part you're doing,POSITIVE,POSITIVE,True
thanks for all this! i know there are alot of people who have anxiety depression because of what they hear about climate change so it's nice to give them some assurance that it isn't all bad!!,POSITIVE,NEGATIVE,False
yes the western world is making progress on emission reductions is china? slowly but surely what about other emerging markets? well india will get much worse before it gets better so is climate change under control? no are we heading for disaster? also no we never were,NEGATIVE,NEGATIVE,True
breathe i didn't think i'd make it to thirty either i thought i would have offed myself partially over this but i made it and you can make it i'm not going to bs you this is going to be hard but you are not powerless and the sooner you realize that the sooner you can both be better and do something the first thing you should do is figure out where you will be in ten years and figure out how to best help yourself and others and don't give up on doing anything you can politically and actionwise to reduce emissions there is a gradient of worse case scenarios and the direction we are going is really bad but it can get worse and we need to be on top of it i read a book with a title that i shouldn't post here on tactics for climate change and one phrase has been sticking in my head why have we waited so long? don't wait not like i waited do whatever you can steal back your agency and fight like your life depends on it because it might be vigilant i love you,POSITIVE,POSITIVE,True
the way i see it climate change is just one of many issues facing the planet caused by human overconsumption of resources,POSITIVE,NEGATIVE,False
i don't think it would be the climate change that would trigger significant restructuring of the human society but the geopolitic conflicts that it will cause,NEUTRAL,NEGATIVE,False
definitely in the us where i live climate change is a major source of concern and anxiety for of all young americans i see a lot of concern around me though i was genuinely taken aback when i saw zero reaction to manchin flat out saying no on climate legislation,POSITIVE,POSITIVE,True
to which part? polls say most people believe climate change is real but in the usa at least public support for any concrete policy changes around it have low public support and priority if this was not the case how do we have so many republican climate skeptics in all three branches of government? i mean sure it's easy to find polls where people say we should do something about this but that seems to have no real impact on elections and recent policy,NEGATIVE,NEGATIVE,True
one way to actually make a difference is through investing individuals don't own a lot of stocks by themselves but most people's investments are in passive funds through institutions that gives the institution the voting rights for the shares not you those funds are incredibly easy to recreate yourself because they are just weighted averages of the market based on a given tracker the prospectus for those funds are all public download read it and invest your money proportionally according to the index the fund is tracking because it's just an index tracking average you just have to check once a week and adjust slightly if you want realistically once a quarter is probably sufficient you're not going to beat the market this moves ownership of the companies directly back to the citizens and not institutions giving us the ability to force them to make decisions that keep the planet sustainable in the long term and not just focus on short term growth also talk to your people you know about what socialism and socialist policies really are most people think it's synonymous with communism it's really the idea that anyone who works should have access to the necessities and enough left over for a decent house retirement and personal family time and enjoyment most people are huge fans once they learn and that type of collective thinking is how we take back control from those causing climate change,POSITIVE,POSITIVE,True
just keep enjoying life the world is still a beautiful place there s no real good solution at this point besides complete societal change so until people start being more communal local and less focused on globalism i don t see impact being made my power has been out for days from cyclone if that s from climate change then i m just dealing with it adapt and move on also i try to do my best to be planet friendly!,POSITIVE,POSITIVE,True
i highly recommend listening to podcasts sustainability now or tedtech or reading articles on the different start ups and technologies that are being developed for a sustainable future it might not be happening as fast as we want but there are awesome people out there who are coming up with some really creative ways to deal with the effects of climate change slowing climate change and even potentially reversing it i find these types of articles give me hope and remind me of the ingenuity of the human race,POSITIVE,POSITIVE,True
oh i see just people hang on let s be clear what we are saying here if someone rejects anthropogenic climate change that doesn t mean they reject climate change overall therefore yes people think that i don t understand your sarcasm i have no idea who said we'd see a million deaths by this sounds more like a far out claim ridiculed by fox news to discredit climate science than an actual claim so the claim i ll get to shortly but first here are specific falsifiable claims made that have been falsified peter gunter a north texas state university professor wrote in demographers agree almost unanimously on the following grim timetable by widespread famines will begin in india these will spread by to include all of india pakistan china and the near east africa by the year or conceivably sooner south and central america will exist under famine conditions by the year thirty years from now the entire world with the exception of western europe north america and australia will be in famine in january life reported scientists have solid experimental and theoretical evidence to support the following predictions in a decade urban dwellers will have to wear gas masks to survive air pollution by air pollution will have reduced the amount of sunlight reaching earth by one half paul ehrlich warned in the may issue of audubon that ddt and other chlorinated hydrocarbons may have substantially reduced the life expectancy of people born since ehrlich warned that americans born since now had a life expectancy of only years and he predicted that if current patterns continued this expectancy would reach years by when it might level out ecologist kenneth watt declared by the year if present trends continue we will be using up crude oil at such a rate that there won t be any more crude oil you ll drive up to the pump and say fill er up buddy and he ll say i am very sorry there isn t any sen gaylord nelson wrote in look dr s dillon ripley secretary of the smithsonian institute believes that in years somewhere between and percent of all the species of living animals will be extinct this was in in paul ehrlich predicted that since more than nine tenths of the original tropical rainforests will be removed in most areas within the next years or so by it is expected that half of the organisms in these areas will vanish with it kenneth watt warned about a pending ice age in a speech the world has been chilling sharply for about twenty years he declared if present trends continue the world will be about four degrees colder for the global mean temperature in but eleven degrees colder in the year this is about twice what it would take to put us into an ice age prince charles says only years to save the planet ice free arctic in two years heralds methane catastrophe scientist this article is more than years old professor peter wadhams co author of new nature paper on costs of arctic warming explains the danger of inaction abc's prediction nyc under water from climate change by june by bob woodruff who even made a special called earth which also stated by a carton of milk would cost almost it was on average in real life it seems that you are taking some generalized claims that you've heard and then ascribing it to climate scientists generally and then mistakingly calling this approach data driven no i m citing specific claims made by individual scientists that then get reported as being the claim that of environmental scientists agree with i have an alternate hypothesis you're not putting data forward because you don't think you need to and because you think that your point is self evident if i felt it was self evident why would i try to explain myself? that doesn t make logical sense you're also not putting it forward because data analysis isn't as easy as the hand waving youre doing in a post like this data is messy results are generally not self evident and they don't make for good in the moment conversation i agree it s messy in fact i even gave a reason as to why isolating and controlling for variables if you scroll up you ll see i mentioned this specifically if you d like to pick an actual data set we can discuss please feel free to but i m not going to propose one because i ll immediately be accused of using a biased source put forward by fox news to discredit climate science which is an accusation you ve already made of me i ll try clarifying my point again so there is no confusion consensus means nothing in science it s about data and evidence that s literally how the scientific method works most of the data we have is impossible to use to accurately predict the future because of the multivariate nature of the problem and the difficulty in accounting for controlling for and isolating variables almost no one disagrees that the climate isn t changing and those people are actually insane the disagreement is actually the degree to which it s anthropogenic and the degree to which these changes will destroy the population and thus what degree of action and what individual actions need to be taken i haven t stated my personal opinion on the topic i m not pushing an agenda i m simply laying out the argument that you collectively not personally are so dismissive of and highlighting valid critiques of the argument from your side such as the fact that an appeal to consensus is science is a completely worthless fallacy,NEGATIVE,NEGATIVE,True
climate change is one of many dem slush fund excuses to steal taxpayer money,NEGATIVE,NEGATIVE,True
we re making huge progress on climate change the world is burning record amounts of fossil fuels so the answer is we are definitely making climate change progress drill baby drill,POSITIVE,POSITIVE,True
my footprint is not responsible for any part of climate change but it is no matter how small,NEUTRAL,POSITIVE,False
i am not even a little bit optimistic about how humans are going to do with climate change i feel like when i m an old man someday i m gonna look back on the fact that we had it relatively normal,NEUTRAL,NEGATIVE,False
what do you feel about climate change? it's a small problem relative to the massive improvements in human life since we started causing whatever part of this is caused by humans what do you think can be done about it? engineering our way out of the negative side effects build more levies build more efficient power plants build water desalinization plants etc do you think individuals can do anything about it or is it mostly industries that needs to change? industries do these things because we the consumer demand improvement i don't think that the negative consequences of climate change outway the positive effects of the power production how do you think climate change will impact the future? it may be slightly warmer with slightly more atorms but with a better capacity to combat those stroms and heat the trade off is worth it,POSITIVE,NEGATIVE,False
even without much needed monitoring and demographic data enough is already known based on first principles and records for amphibians birds flowering plants mammals reptiles insects and other taxa to understand that a biodiversity crisis is accelerating as the planet s human population grows increasingly exacerbated by unprecedented recent climate changes and other anthropogenic stressors time is not on our side and urgent action is needed on behalf of nature actions taken as individuals groups nations and members of a global community are needed to address issues relating to insect diversity across multiple fronts individuals can adopt behaviors that mitigate drivers of insect and biodiversity declines vote for nature friendly legislators and legislation and promote local and global environmental policies immediately and across all nations people must find solutions to slow climate change and lessen the impacts of global agriculture especially by slowing its expansion in the tropics shared goals should be to change societal attitudes about insects dispel misperceptions and convey to others that insects are crucial components of functioning ecosystems that also provide a diversity of cultural services including aesthetic fig recreational and health benefits scientists must educate a wider population about the ecological economic and scientific value of arthropods and find ways to integrate insects and other arthropods into the fabric of daily human life loss of abundant species although conservation efforts have historically focused attention on protecting rare charismatic and endangered species the insect apocalypse presents a different challenge in addition to the loss of rare taxa many reports mention sweeping declines of formerly abundant insects e g warren et al raising concerns about ecosystem function insects comprise much of the animal biomass linking primary producers and consumers as well as higher level consumers in freshwater and terrestrial food webs situated at the nexus of many trophic links many numerically abundant insects provide ecosystem services upon which humans depend the pollination of fruits vegetables and nuts the biological control of weeds agricultural pests disease vectors and other organisms that compete with humans or threaten their quality of life and the macrodecomposition of leaves and wood and removal of dung and carrion which contribute to nutrient cycling soil formation and water purification clearly severe insect declines can potentially have global ecological and economic consequences while there is much variation across time space and taxonomic lineage reported rates of annual decline in abundance frequently fall around to e g refs and because these rates based on abundance are likely reflective of those for insect biomass see hallmann et al there is ample cause for concern i e that some terrestrial regions are experiencing faunal subtractions of or more of their insects per decade to what extent such declines translate into shifts or losses of ecosystem function has yet to be assessed not all insects are declining four papers in this special issue note instances of insect lineages that have not changed or have increased in abundance many moth species in great britain have demonstrably expanded in range or population size numerous temperate insects presumably limited by winter temperatures have increased in abundance and range in response to warmer global temperatures but see ref anthropophilic and human assisted taxa which include many pollinators such as the western honey bee apis mellifera in north america may well thrive due to their associations with humans increasing abundances of freshwater insects have been attributed to clean water legislation in both europe and north america in some places native herbivores have flourished by utilizing nonnative plants as adult nectar sources or larval foodplants and there are even instances where introduced plants have rescued imperiled species seems like there is a tremendous amount of research and study analysis but the consensus is that this is a legitimate crisis also this is from your first link the overwhelming evidence of the ipbes global assessment from a wide range of different fields of knowledge presents an ominous picture said ipbes chair sir robert watson the health of ecosystems on which we and all other species depend is deteriorating more rapidly than ever we are eroding the very foundations of our economies livelihoods food security health and quality of life worldwide also your second point is much closer to what i am saying also considering the lack of study which is mentioned as a major point in my posted link the total rate and insect loss could potentially be much higher also we are on track to completely over shoot the threshold for mitigating the climate crisis which will have a severe impact on the total population of insects edit please reference the study from my initial post,POSITIVE,NEGATIVE,False
not a fan of climate change venus seems hot and mars a bit dreary yeah i think i'll stick with earth while i may have my personal thoughts the right strategy is trusting scientists random folks on the internet distributing ideas isn't a system for existential threat decision making a coordinated government response via regulation is most important this would likely involve both industries and individuals my speculatory hunch is those of us alive today will mostly be fine some areas like agriculture will suffer my real fear is for the next generation and the one after that,NEGATIVE,NEGATIVE,True
getting rid of billion humans is what the planet needs all we do is rape and pillage the planet as well as torture and murder almost every other sentient living thing is that genuinely the worry with climate change? that there won t be enough resources for the most selfish species on the planet? it s sounds like mother nature is just resetting things right?,POSITIVE,NEGATIVE,False
you should go insane about climate change vote or write your representatives it's a big deal,POSITIVE,NEGATIVE,False
it's happening it won't be nearly as bad as greta thunberg says but it will affect most countries many poor countries won't be able to adapt and will suffer but in the west it won't be a major issue because it's happening relatively slowly leaving us time to adapt we will still need to make big changes but we will have many years to adapt and i think we will i see zero chance of combatting climate change it would take a huge amount of wealth and unparalleled trust and cooperation between countries in a time where globalism is on a fast retreat so i don't even worry about it because i think it's inevitable,NEUTRAL,NEGATIVE,False
because fossil fuels is arguable the largest global economic factor and there is a bagillion dollars going towards propaganda against climate change knowledge,NEGATIVE,NEGATIVE,True
relevant xkcd an amazingly detailed timeline which lets you see the difference between climate change now and previous changes in climate this kind of thing has not happened in the past not at this freakishly accelerated pace which strongly parallels our discovery and use of fossil fuels,POSITIVE,NEUTRAL,False
could you enlighten me to some of the more extreme methods? i'm not sure at what point i'd consider it part of the mainstream acts being recommended to counter climate change but if there's something more extreme that i'm not aware of let me know!,NEUTRAL,POSITIVE,False
speaking from a renewables energy perspective as someone who worked in the industry for years building high scale renewables takes a while it s to do with economy lack of support in certain countries but the main problem is the lack of infrastructure our infrastructure is built to accommodate centralised energy like gas coal whereas renewables are spread all over our energy demand rises year on year as well so renewables can t catch up so i think we re pretty doomed unless someone spreads aerosols into the atmosphere to cool the planet down but who knows what consequences that has i am planning to get a piece of land with a small house so that i grow my own food because i m afraid lack of food will be one of the biggest problems with climate change my recommendation is to build communities and start growing food now,NEGATIVE,POSITIVE,False
climate change will solve us,POSITIVE,POSITIVE,True
making sure i did and will do a lot to reduce my heat trapping gas emissions e g i donated away my ice car and am working to make bicycle riding attractive to other people i btw am confused responding there are at least three questions packed into that one question i also am formulating clearer explanations for the dire situation we humans are in e g there is a lot of confusion about what makes a gaseous molecule in earth's atmosphere heat trapping the key bit of understanding people need is this if the gaseous molecule has more than two atoms then there necessarily must be a tuning fork shape somewhere in the molecule and when photons of infrared light from the sun hit such molecules it is like tiny bullets hitting tuning forks the resulting vibrations are heat bill gates' book about the climate change threat doesn't say enough he merely said in that book that such molecules vibrate but people need visual images to assist their thinking,POSITIVE,NEGATIVE,False
what are the consequences? where do we see the consequences in the world? related to the above are the temperatures going to rise? are islands around the world going to disappear? why? the consequences are complicated the climate is a huge system of millions of feedback loops things ripple primary consequences are going to be a small rise in mean sea level a small increase in atmospehric co volume and a small increase in average global tempreture water vapour is also a greenshouse gas and from a climate change point of view it enables a lot of feedback systems secondary consequences include but are not limited to slightly accelerated plant growth due to higher co and warmer tempretures increased ocean acidification as co is dissolved into it many more forest fires in every season and increased death from smoke smog complications and heat stroke unpredicatable changes to atmospehric seasonal patterns this include effects as big as the a collapse of the monsoon rains that a billion farmers rely on to as small as b the average intensity of rainfall in the uk increasing spikier rainbursts unpredictable threshold points where the system changes dramatically the clathrate gun oceana acidification follow on consequences might be plants nutrient content changing and frost sensitive weeds and diseases such as malaria rapidly spreading into previously cold areas once the ocean acidicness hits the point where the various diatomic algae and krill cannot maintain their skeleton there is a widespread collapse of ocenaic foodchains this include fish humans eat but includes plants that were sucking up a lot of co and without them the problem might accelerate the forest fires will limit our ability to sequester carbon by growing trees and the exposed soil will increase the chance of flooding as rain runs off the top of the hard soil into rivers quickly so instead of the water arriving over a few hours it arrives in minutes so the peak river flow is much higher increased food price volatility and overall drops in agricultural effeciency due to unpredictably varying seasons leading to food price specualtion hoarding and rioting by scared and hungry people a a long failue of the monsoon takes us beyond that into dustbowl conditions millions dying on marches to find food from famine disease historically we've used aquifiers to cover the gaps but they are running out and also causing the ground beneath major cities like jakarta to sink basically dropping them into the sea even if the rains return after a two year gap there will be huge holes torn in the delicate web of the global economy a lot of factory workers are farmers a lot of farms rely on factory products and a lot of potential lost it also implies flooding and misery elsewhere if the rain is falling on places that are not equpipped for it b even something as samll and as local as rainfall intensity in the uk it has complicated knock on effects from the design of the replacement of th thames barrier to the size of gutter and drainpies on a house the ability of a river to erode its banks is related to the peak intensity of flow in it as bridge engineers we're currently adapting to that by allowing an extra m high above the predicted flood level we do not want the bridge to trap debris form a dam and cause flooding upstream and then downstream when the dam breaks the increased flow and erosion are going to stir up mud long buried at the bottom of the river which will be contaminated with heavy metals from the industrial revolution we don't really want them back in the ecosystem and fianlly the increased flow and surges makes the flooding of houses by river water or backed up sewers more likely the scondary effects of the unpredicatable threashold points are more primary points themselves we live in a complicated interwoven web with other people and it can be hard to predict how the dominoes are going to tumble,NEGATIVE,NEGATIVE,True
i have been watching and learning about climate change for years now as i am a gardener i grow some of our food and preserve it i have tried to do things with water storage for the garden but am limited due to space i am not sure what is going to happen but i am sure we will have to take care of ourselves just like it has always been for us am i right? in my own small way i have noticed changes in my soil rain snow fall and of course temps it scares me,POSITIVE,POSITIVE,True
both most likely but also irrelevant unknown and exaggerated recommend going to climateskeptics occasionally and view some articles comments and videos like a current one belittling john kerry's lack of expertise vs the caltech provost steven koonin who worked for obama c is contrived and arbitrary ssp scenarios are meaningless sea level is not rising at speeds feet imagined nor ice melting at anything but millenial levels we'll never convince china india russia and opec countries to reduce co rapidly and many poor countries never will nor should we pay their bill anything we spend excessively on trying to save the world won't matter if half the world still emits if we want actual results saving the world then geoengineering sea walls using co produced concrete and water filled walls tree planting weather mod to block sunlight as needed makes more sense than oecd accelerated tax and spend based on flawed models predictions for example the eu was able to expedite lng terminals when russian gas no longer was an option renewables never will be sufficiently reliable use too much terrain and must be farther from areas needed meaning new large long distance powerlines nuclear is reliable and clean yet climate change advocates reject mass produced fission future fusion and science beyond renewables evs aren't practical for most people due to cost and grid pollute other ways nor is mass transit or minute cities too many live in smaller towns and rural areas and in apartments high rises similarly ev semi trucks and hour harvesting are impractical food production can shift crops can be genetically modified fast aircraft and military vehicles need fuel air conditioning works weather differs from climate many folks have proven you can live quite well where it gets hot bjorn lomborg's article thinking smartly about climate change points out that in the s we lost around half a million yearly to climate vs recent figures around he points out the exponentially increasing costs of trying to achieve even netzero k per person per year and shows the very low predicted roi of each dollar spent on climate solutions you don't need to deny climate change to be a denier of the cost effectiveness of many proposed couses of action accelerated one sided spending before we fully understand the problem's severity makes no sense and many resent terms like global boiling and other unfounded scare tactics,NEGATIVE,POSITIVE,False
there is an excellent documentary by an australian filmmaker called which is focused on solutions and provides lots of food for thought in terms of understanding climate change i would point people to academies of science who usually have well written explainers about climate change science ja,POSITIVE,POSITIVE,True
you realize they're not right? there were scientists in the s saying the us would be underwater by as someone who genuinely loves the earth i hate this crap we've freaked people out and made the problem seem so big that no one cares about their individual behavior why bother to recycle if the world will end when i'm ? so stupid i'm particularly irritated with gen z they never stop talking about climate change and yet they get daily deliveries from amazon and throw everything away i've never met one that practices what they preach,NEGATIVE,NEGATIVE,True
i believe that most redditors are fucking tired of discussing climate change when the current political consensus is all gas no brakes,NEGATIVE,NEGATIVE,True
if you were paying attention you would realize that most activist climate change forecasts look a worse case scenario that are not realistic and fusion tech would reverse a considerable amount of co in our atmosphere,NEGATIVE,NEGATIVE,True
actually if we were on the same page we could affectively work towards it and maybe even reap benefits or see reductions to pollution within a decade but we aren t organized as far as climate change goes,NEUTRAL,POSITIVE,False
this is powerful i wish countries would put more emphasis on their media if climate change is portrayed in a way that supports action and unity then things like meatless mondays or i don t know water conservation wednesdays could actually become a reality most people don t do anything because it s viewed as something distant that they don t have and need to have a say in but i firmly believe that enough public momentum could do wonders,POSITIVE,POSITIVE,True
climate change denial is going against a scientific consensus spanning over more than years which has been proven riddled with false hopium riddled assumptions up and down the stack time after time so who gives a flying f if someone is going against it,NEGATIVE,NEGATIVE,True
we can't do much about it climate change is a hyperproblem it emerges from the individual actions of billions of people having very complicated lives in economic systems fueled by cheap polluting energy there won't be large solutions because that requires us to forgo our individualities for a common good we have no trust or hope in it's crabs in a bucket at planetary level the only solution is vasts amounts of non polluting energy but that would change geopolitics and power structures so there will still be resistance to that the technology development requires a level of training an development that current generations don't have the generation of oil barons needs to die out as well as the people maintaining the power structures that prevent us from moving faster to clean energy we will get there eventually perhaps in years but it will get much worse before it gets better,NEGATIVE,POSITIVE,False
climate change is unfolding rapidly enough to escalate into an increasingly costly and severe issue yet its gradual nature renders it imperceptible to many this subtlety often leads to its underestimation as more immediate concerns take precedence in people's lives consequently it occupies a precarious 'sweet spot ' potentially posing an existential threat to segments of humanity,NEGATIVE,NEGATIVE,True
here let a conservative answer that for you it s not that we don t believe in climate change it s that we don t believe in humans being the main cause global warming anyone who says they don t believe in climate change either doesn't understand the difference or is just stupid,NEGATIVE,NEGATIVE,True
you have made some very good points and backed it up with research however the site did not state that humans are the driving cause merely a contributing factor and didn't mention how severe winters are impacted due to overall climate change that being said the overall impact of it is pretty shitty and if we can reasonably control for it we should the impact especially regarding the refugee crisis we're experiencing would be made much worse so the overall impact is greater than i originally believed !delta,NEGATIVE,NEGATIVE,True
you listed a ton of positives for climate change also in general we're a tropical specices so we're overall genetically better suited to a warmer climate sure we've updated to colder climates through innovation but warmer would be easier for us,NEUTRAL,POSITIVE,False
i think it might be worth looking into this letter published in nature in by brian c o'neill it's behind a paywall but you can find a copy and paste of its text here brian o'neill is no climate denier he has spent most of his life studying climate change and is an internationally renowned expert who has been the lead author on several ipcc climate change reports this commentary is published in nature one of the world's most rigorous and prestigious scientific journals i say all this because people tend to immediately dismiss the contents of the letter as soon as they read it so i want to emphasize that this is coming from an extremely learned source the essential point of the letter is that most projections show that while climate change might end up causing a number of deaths other changes such as improvements in sanitation etc are going to greatly outweigh the negative effects on human health in his words as a result even with climate change leading to hundreds of thousands of additional deaths declines in mortality from other causes are expected to greatly outweigh the climate effect leading to increases of years in life expectancy this century even in those countries with the shortest life expectancies today climate change acts to slow that improvement not to reverse it in the letter dr o'neill worries that there may be a loss of scientific credibility because people may be surprised to arrive at the year and discover that in most respects humanity is happier wealthier living longer and better off he notes that the relentless focus on the negative impacts of climate change which are very real without acknowledging the other positive aspects of human development might leave people with the mistaken impression that the world will get worse when in fact most projections continue to expect that it will be much better albeit at a slower rate due to the negative impacts of climate change this doesn't mean it's not worth doing something to slow or deal with climate change everything we can do will improve overall living standards and prevent unnecessary deaths but we shouldn't lose sight of the fact that most projections show things continuing to get better over time we are currently living through one of the most rapid improvements in overall human welfare in history extreme poverty is nosediving famines and deaths from major natural disasters are decreasing i honestly don't understand the worry about what are we leaving to our kids this is by far the best and most prosperous time in human history with the highest overall life expectancy and the lowest likelihood of dying of some terrible natural or unnatural cause the vast majority of future projections expect that the world will continue to get even better than it already is,POSITIVE,NEGATIVE,False
we will all process climate change according to the stages of grief some will be become stuck in denial and anger while many will continue on to bargaining depression and acceptance we will all go at our own speeds,POSITIVE,NEGATIVE,False
it s a big issue most people probably agree that it s an issue but like of the population wouldn t spend a month to do anything about it nearly every single collective action voluntary and government mandate to reform pollution is met with protests and no follow through so we get environmental theater electric cars and saving trees plus many of the elites continue to buy homes in areas allegedly that will be underwater in years and fly private jets that spew more greenhouse gas in a single trip than single person would in a year so it s a big issue surrounded by hypocrisy and lies if you are talking about climate change you might as well be talking about some other conspiracy theory because that s the seriousness people are showing,NEGATIVE,NEGATIVE,True
it will be really bad in the sense that the economic hit from climate change will be huge basically we will all be working hard just to maintain our situation and very possibly have no means to improve it but will earth be unlivable? no because the more it becomes unlivable the fewer people there are to make it more unlivable,NEGATIVE,NEGATIVE,True
yeah i am not saying people shouldn't try to consume ethically or vote intelligently while doing other things i was just choosing the one thing i think is most efficient in reality and should all be practiced by default but i wouldn't really call any of them meaningful action as you are likely going to vote and make consumer choices anyway you're just making better choices when doing so for me it really comes down to which i honestly do not believe is particularly effective i think it's worthwhile for long term social activism projects like equal rights movements but for end of the world stuff like climate change i don't believe it impacts the decision makers as much as we are led to believe however one or two people shutting down a coal port for just hours by locking on to industrial equipment can cost hundreds of thousands in lost profits as well as raise insurance premiums and generally make the whole thing less economically viable if you could magically transport people from a peaceful protest and each of the able bodied people was to synchronously disrupt a fossil fuel project you would shut that mine plant port down for years by which case the entire project would be abandoned and the shareholders would lose out which prevents further fossil fuel investment,NEUTRAL,POSITIVE,False
the weather systems on earth are so complex anybody telling you something is for sure going to happen is just lying countless people love to say climate change is causing worse hurricanes it literally is not the changes we are talking here are not able to make hurricane season drastically different from hurricane season the only certainty is carbon emissions we do not know what is actually going to happen to weather systems or coastlines or human life in any case it is not likely to change noticeably for you in your lifetime,NEGATIVE,NEGATIVE,True
there are a couple areas of the world where you can see the effects of climate change the ice snow pack in the himelayas has dramatically shrunk in size over the last hundred years this is based on photographic evidence over the last hundred years the geographical foraging ranges of various animals has been drifting away from the equator and towards the poles we are talking about insects and small mammals the larger animals on the food chains have been moving to follow the smaller animals,POSITIVE,POSITIVE,True
to be fair climate change is only actually bad if you like living on earth if that s not a priority it s probably fine,NEUTRAL,POSITIVE,False
two main reasons imho doomsday fatigue learning daily about how much we're screwed can render some people numb to it and create less engagement in the media therefore less coverage because of the engagement diktat every media has to bow to just to keep existing reactionnary push as more and more people are convinced we are going in a wrong direction those who are poised to lose money or power due to the transition are doing everything they can to stay in power from lies to violence to fascism there was a sociological study in france which explored a third option that may hold value the majority pivot as the majority of the population agrees we are digging our own graves news about the problem have less impact than news about what to do about it therefore the angle of climate change informations needs to change to keep having an influence on the general population,NEGATIVE,NEGATIVE,True
the biggest problem with the al gore years was calling it global warming instead of climate change was too easy to debunk when you're only calling it half of what it actually does how can it be global warming? look at how cold the winters are and all of these storms still kind of have the same problem today people put out too much doom and gloom that is too easily disproved just saw a graphic the other day that showed projected sea level rise as the ice caps melt it literally went out until the sea level rose over km uhh there is only enough ice on the entire planet for somewhere around meters of rise if every single bit of it melted the actual projections of what can happen are scary enough we don't need to do all of this fearmongering that make things so much worse than they actually can be,NEGATIVE,NEGATIVE,True
well he is kinda right the rise in sea level has been very small so far just a few cm and no land has been flooded many people are afraid that in years this will be different but until now climate change has been fairly positive as a whole i would say as a bit warmer is better for humans usually and more co in the atmosphere is better for plants depends highly on the region of course a ski resort or an already very hot region will be impacted rather negatively,NEUTRAL,POSITIVE,False
if everyone even if only of people stopped using plastic shopping bags and stopped buying bottled water thats an insane amount of emissions reduced and hundreds of tons of plastic waste eliminated that reduces stress on wildlife water toxicity microplastics and pollution etc one of the biggest problems with climate change action is that americans are too stupid to understand that they are not the only individuals in the world and that collective action is insanely important,NEGATIVE,NEGATIVE,True
anyone who starts a climate change discussion with the climate is always changing does not understand the problem and i read through your entire response and discovered that you really do not understand science at all,NEGATIVE,NEGATIVE,True
when i was my school project was on climate change it made me so ill with worry and stress it really did i thought the world was ending i m now and actually as a race we ve made a lot of changes since then for the better and the world s still here be optimistic and do what you can and enjoy your life,POSITIVE,POSITIVE,True
everyone knows the climate is constantly changing the problem is that there is an assumption of anthropogenic climate change that the temperatures raises and falls are caused by human activity there is no evidence of this incredible assumption in any literature or any studies of any kind the volcano in iceland around years ago that stopped air traffic for months in one eruption put out more carbon emissions than all humans everywhere over all of history humans have almost no effect upon the climate of this planet climate activists are pawns for global elitists who want to use the topic as a red herring that allows them to usurp unprecedented levels of control for anyone with critical thinking skills it is clear that governments all over the world are the greatest polluters and wasters of energy and other resources if you recognize this utterly incontrovertible fact then the solution could not possibly be more government,NEGATIVE,NEGATIVE,True
well they didn't pay them much at all expecting a company to intellectually bankrupt themselves for was stupid the point of the story was that they were pilloried by the intellectual community until their findings matched the consensus they didn't attack any data or methodology just the belief that their findings would be affected by the funding in a scientific debate you challenge the data and methodology you don't character assassinate looping around to the original point this is why asking for a dissenting opinion by a climatologist is a bad idea rwi of the world's richest people only paid for climatologists to potentially destroy their careers if i was paying off college loans for a phd i would need a lot more guatantees to challenge a community invested in the opposite if they released un assailable data challengimg the majority opinion the holders of the majority opinion would see their own careers rendered moot besides every climate change denier immediately says that because several deadlines' have passed and we see no current catastrophe it must be fake because the community of climatologists have failed to explain what will happen once this goes into runaway and why c is actually significant explaining how the butterfly effect of decreasing snowfalls in the mountains and shrinking glaciers matter to the water tables in watersheds and aquifers will lead to massive real world impacts i think we can agree that is how they are failing to close the debate mmcc doesn't see us go out like a roland emmerich movie but more a devolution due to societal upheavals due to food insecurity what climatologists need is to stop posting deadlines and instead talk about what will be happening once we blow past c and at what point do we see massive oceanic extinctions and the huge effects the sustainability of life on land,NEGATIVE,NEGATIVE,True
if by climate change you mean human induced climate change then yes things are getting worse i haven't seen any indicators that suggest otherwise although it's hard to distinguish fact from fiction with the media sometimes it's also something which would take a long time to reverse at least years? in the best scenarios,NEGATIVE,POSITIVE,False
never i recall reading an article in the washington post during the pandemic a nurse said that she was treating people who had covid and telling them that they were not going to make it they would not accept the fact that they had covid because they insisted that it wasn t real they were literally dying of it and yet they could not accept its existence the same thing is happening with climate change,NEGATIVE,NEGATIVE,True
i will give you the same answer that i gave to my friends climate change is here to stay how bad is it gonna get? that depends on us if we really put all of human effort into reducing climate change then we will prevent the worst situations from becoming a reality if not then i hope you have a functioning ac unit,POSITIVE,NEGATIVE,False
planet earth goes through cycles of warming and cooling as it does it's business in the solar system the digging up of fossil fuels which took millions of years to be buried in like short years puts the planet's climate in a rapid destabilized state and makes it inhospitable for the very species that dug up all the fossil fuels alongside all other species an asteroid slamming into the planet is also climate change but even that is rare compared to the speed at which people are digging up fossil fuels,POSITIVE,POSITIVE,True
i think one of the most stimulating insights come from a rather free thinking oligarch who is definitely a brilliant economist and isn't a billionaire without a reason andrey melnichenko puts some numbers on the table and provides constructive solutions to the climate change narrative offering an alternative to the control people through cataclysm and fear mongering principle he argues that even if the fault off earth's surface area heating and temperature increase is at the hand of humans which is questionable on its own right why bother pointing fingers and creating turmoil inside people psyche where instead you can create a demand and supply for the market of carbon emissions essentially what he envisions happening is creating a market solution to the problem where internationally a dynamic system would arise where more affluent countries instead of cutting carbon emissions with the opportunity cost that it entails not using the proper developed technology less energy efficiency leaving working methods behind less energy production overall price is up people in poor countries literally die from cold or lack of food cause they cant afford energy both on an individual basis and on the country level would buy from other countries with more land usually to plant acres of tress and get a specific correlated amount of carbon emission reduction and or photosynthesis back to o and by that meet their carbon emission goal outsourcing their emissions out of their local economy to another one benefiting all parties involved the affluent country the poorer country and the planet as a whole alongside it making the poorer amongst us richer basics of free market economy he also lays out other genius creative and factually based solutions to the whole plethora of problems that arise with climate change ice caps melting prevention co emissions reduction changing the atmosphere in predictable manners and influencing the green house gas effect if you are interested of listening from mind to ear to these ideas and problem analysis he did his first and only podcast recently search him up,POSITIVE,NEGATIVE,False
in the heat dome of june here in bc it killed people and burned the community of lytton to the ground i personally saw temperatures of c in the shade the atmospheric river event of november caused floods which severed all highways between vancouver and the interior causing grocery stores to run out of food submerged large parts of abbotsford and chilliwack and did billion in damage the main highway was closed for months and took a year to repair this past summer our region lost hundreds of homes to fire and several cherished provincial parks were incinerated between the smoke and the evacuation orders shutting down highways tourism was way down several economically significant festivals were cancelled our lake levels were so low that we weren't allowed to water anything so that the water bombers would still be able to land these are impacts already happening in a privileged country i share these rather than the ones happening in bangladesh and pakistan because anyone asking if climate change is bad is really asking if climate change will ever reach their rich white corner of the world the answer is that it already has and it is continuing to accelerate,NEGATIVE,NEGATIVE,True
uk can't do shit about human driven climate change you all are just reducing your quality of life while china india and the middle east benefit from your foolish decisions good job reducing your quality of life and transferring your wealth overseas while making zero impact on the planet,POSITIVE,POSITIVE,True
insurance companies in north america have been trying to manage their risks around climate change for at least years now i remember going to a conference and learning about a number of ways that insurance companies had already been working at to reduce their risks and influence behaviours if you look at how the insurance industry alone is derisking themselves you would be astonished at how long ago they ve known about this if you just learned about it now climate change has already caused significantly hotter wildfires across the globe significantly stronger hurricanes and tornados year storm events happen frequently and seasons aren t as dependable as they were what you can do is learn as much as you can based on that you can turn make more informed decisions on where you want to live in the world based on projections alternatively you can make informed decisions on where you shouldn t make a significant real estate investment based on the increasing risks and tell everybody you can about climate change as it seems like you ve been living around people who aren t informed or are misinformed,POSITIVE,NEGATIVE,False
climate change was always inevitable look at the ice ages everyone agrees it's going to happen,POSITIVE,NEGATIVE,False
its from and was a rally speech by aoc in ny twelve years to in january rep alexandria ocasio cortez put her chips on as the potential end of days millennials and people you know gen z and all these folks that will come after us are looking up and we re like the world is gonna end in years if we don t address climate change and your biggest issue is how are we gonna pay for it? and like this is the war this is our world war ll,POSITIVE,NEGATIVE,False
anyone who is not vegan does not care about climate change enough it is very saddening to me most people want others to change or take action but rarely themselves the single biggest thing someone can do to reduce one's carbon footprint is to boycott meat dairy and eggs source poore j nemecek t reducing food s environmental impacts through producers and consumers science this was a year study by the university of oxford in addition of agricultural land is used for animal agriculture producing of the calories it is a shocking unforgiveable destruction of the environment not to mention it's oppressive to the poor animals who have feelings like us,NEGATIVE,NEGATIVE,True
at this point in order to solve climate change we would have to expand our terraforming abilities to a point where we can control the pollutants in the air massive amounts of carbon capture basically filtering our air on a global scale i don t think it s impossible but we are a long ways away until then we just hope that at some point we stop making things worse but at the current trajectory that may not even be enough that being said an abundance of things could happen from here until then that could end all life on earth so try not to worry about things that aren t under your control and remember vote for people who acknowledge that this isn t some kind of scientific hoax,POSITIVE,NEGATIVE,False
hi op this is a kind of old podcast episode but i really like it because they do a deep dive about how much our individual choices matter where they come down on it is essentially your specific choices amount to a tiny tiny fraction of the problem that is basically a rounding error however that does not mean you can t make a difference and the biggest thing you can probably do is talk about climate change with your peers especially people who might be neutral or believe in climate change but have never thought about taking any action it helps to generate momentum and the social capital that may make large scale change easier there have been a lot of studies that show human behavior is extremely difficult to change but people are most likely to change behavior when they observe others in their social group doing something when it comes to individual actions voting eating plant based and flying less are probably rated the top most impactful hope this helps!,POSITIVE,POSITIVE,True
these questions are by jem bendell from the deep adaptation paper the paper explains the connections to climate change but like all good sceptics a lot of people argued that he didn't know what he was talking about either if you read the paper you can make your own decision about how they relate to climate change the link follows i personally find them very helpful in relation to climate change which is what the original question was about,POSITIVE,NEGATIVE,False
propaganda ass account you know climate change has a specific meaning that isn't the climate changes btw it's been stable for all years of human civilization and now it's changing from that stability so enjoy your lack of civilization,POSITIVE,POSITIVE,True
you have to understand that climate change doesn't mean everyone dies it only means there will be problems throughout world in terms of extreme weather events did shortages spread of tropical diseases and migration causing wars and social upheaval more than we currently have but we already have all of these problems to a certain degree so life will be marginally more difficult but for most it will just seem like the new normal and they may not even realize that things have changed because they can't remember what it was like before and people will come up with some solutions to handle many of the issues once they are staring is in the face people just aren't good at trying to solve problems that are still in the future they don't like to pay now for something that will only give a benefit later,NEUTRAL,NEGATIVE,False
im skeptical its become so politicized fundamentally i do not think its near the issue being presented culturally currently we have only been observing weather patterns for years maybe a bit longer this is a timescale too small to understand the lager fluctuations the earth goes through naturally so while humans have been contributing to the problem how much of the current data is correlation vs causation? seems to me we still do not have enough data to separate the correlation we see in temperature changes to co emissions i'm sick of the world ending conversation without a single person providing proof we are headed to the end years have gone by with people claiming this year or that for when the world would end or the oceans would overflow into our low lands yet are still waiting for this to happen i would like to know exactly what percentage of co has an impact on a single degree of temperature this we are still unable to determine as there are way too many variables involved in co output globally so this ends up becoming another item added to an already heating cultural war where one side actively hurts the economy with the logic of global warming in mind the other side wont admit to anything happening so we end up in the situation we're sitting in currently ps downvote all you want i'm not standing here claiming climate change doesn't exist someone needs to compile real data and break all this down not some over paid college professor being backed by a certain party to create bullshit peer reviewed papers both sides push dumb shit through whoever they can to maintain the status quo,NEGATIVE,NEGATIVE,True
of course it s accurate that wealthier nations are responsible for the vast majority of emissions but it also means there is much more room for improvement global annual emissions are tons per capital and the us is tons per capita on average but there are developed nations we can look to as reference points with much lower per capita emissions switzerland france denmark sweden it s also worth noting that a good amount of our emissions are dictated by the cleanness of our electricity grid which up until a month ago we had good reason to believe would improve in the us over the coming decades this isn t to say we don t need to make changes to our lifestyle for the greater good and some may certainly be painful but i don t think arguing that a return to a more primitive lifestyle for every person in the developed world is practical helpful or even necessary to substantially reduce our carbon footprint and mitigate some of the worst effects of climate change even if a lot of these impacts are unavoidable at this point,POSITIVE,POSITIVE,True
the level of co in the atmosphere currently seems to increase at an accelerating rate meaning climate change is getting worse faster and faster we will not be able to fix it we are too late already the current global warming is irreversible on human timescales we are able to slow it down and perhaps even halt it we are hopefully able to decide how bad it will be currently we are not doing enough to keep it from accelerating we need to slow down the increase of co in the atmosphere and eventually halt the increase in the distant future we or nature will perhaps be able to reduce the levels of co in the atmosphere but i don't many living today will see that happening we need to stop burning fossil fuels if we are not able to do that nothing else really matters one way to stop use of fossil fuels the only way? is to start taxing co emissions so much that alternatives start to be cheaper in comparison and then increase the tax over time also on imports so this isn't really a technical problem it is a political and economical problem and pedagogical how do you convince people to vote for or support politicians that will tax co emissions? we are very unlikely to totally exterminate ourselves but it is likely that biodiversity will continue to fall larger areas will be uninhabitable more people will die from climate related disasters and refugee streams will increase things are grim but it is not the end of the world it is just the end of the world as we know it,NEGATIVE,NEGATIVE,True
i think climate change would happen whether we were here or not i think we did accelerate climate change but the question is how much? would the planet have heated up as much or ?,NEUTRAL,NEUTRAL,True
problem with climate change is who owns it and what they really want to do with it another is imo back late 's early 's it was all called ecology and i wish it still was now someone can stand in degree parking lot and say it's always like this in july with ecology you could say yes but you going to drink the water out of that creek behind you? it was all connected in a way cc is not and never can be because of point one above until we change our couped corrupt system nothing is organic all bought paid false or coopted much less honest or going to represent,NEGATIVE,POSITIVE,False
it is too scary to believe their shitty leaders use climate change denial to garner power they are intellectually lazy they are used to shifting responsibility from themselves and onto supernatural fairytale beings,NEGATIVE,NEGATIVE,True
the hardest part of where your family is at op is undoing the conditioning that comes with being a conservative like believing in jesus and hell believing that the pedophile liberals and the chinese invented climate change to force you to buy an electric car is just a stupid thing that a lot of people are brainwashed to believe by the people who literally sell you gasoline and fight to keep it as the dominant way cars get around just the notion of an electric vehicle or the fact that gasoline is killing the planet for all life causes a religious knee jerk reaction in a modern conservative it's not because they are just stupid and evil but because trillions of dollars have been waged on the hearts and minds of the public on this issue that affect every living thing tldr people have sold the future livability of the planet for money today it's the greatest conspiracy of the modern world if you come from a religious background but are no longer religious you can see how a person can be brainwashed to see the world in a black and white way that doesn't line up to reality the same is true of climate denial racism religious extremism you name it! there's no room for science in emotional radicalized cult members which is what the conservative right is about the very real fact of climate change if you want evidence maybe research why shell oil corporation raised all of their deep sea oil drilling platform by eight feet some years ago,NEGATIVE,NEGATIVE,True
should we also hear what r thedonald has to say about it? r collapse is an unscientific cesspool built on cherrypicking they agree that climate change is real but that's their only contact with real science anything that doesn't predict civilizational collapse and the imminent death of at least of humans is considered hopium a deathcult that promotes hopelessness,NEGATIVE,NEGATIVE,True
i dove down this rabbit hole recently and ended up learning how climate change is a symptom of energy blindness i recommend the post carbon institute tpci with good information for individual action i've been converted recently from a book sustainability for the rest of us by john pabon he mentions how futile actions like recycling and diet are transportation are in the grand scheme i'll send you my copy if you're interested i think community building is going to be the most important individual action i recommend the serviceberry by robin wall kimmerer to hype you up there and the online community resilience course from tpci,POSITIVE,POSITIVE,True
what do you feel about climate change? i m against it what do you think can be done about it? as much as i don t like bill clinton he had the right idea with carbon taxes cap and trade is a good idea too if you pollute the atmosphere you should pay for the damage you are doing do you think individuals can do anything about it or is it mostly industries that needs to change? this is a tragedy of the commons situation and since it is impossible for the temperature to be privately owned government regulations are needed that apply across all parts of society see answer to how do you think climate change will impact the future? government is like fire a necessary but extremely dangerous servant anytime we have to give government more power our freedom diminishes unfortunately that is the price we will likely have to pay to save the planet or we will fail to take action and there will be massive starvation the rich countries will have to defend their borders with deadly violence or perish at some point the temperature stabilizes and we live in a much less hospitable world among less much less hospitable people or we get runaway global warming and everyone dies,NEGATIVE,NEGATIVE,True
there is a flawed assumption being made again and again and again that if enough people understand the threat and the stakes then democracy can go to work and our desire to survive will prevail which sidesteps the painful reality that democracy so far has been unable to make the far more modest adjustments to our laws and lifestyle regarding taxes for the rich universal health care and gun control despite being things that of us want and these are easier problems to solve than climate change! the actual state of this democracy is going to be just as important as the state of the atmosphere but human psychology isn't a science that we hear much about,NEGATIVE,POSITIVE,False
so you are a climate change denier? most scientists agree that we need to change a lot faster than a gradual change over years it's not good enough because it's actually not good enough the alternative is death for a lot of people you can't be a moderate on climate change,NEGATIVE,NEGATIVE,True
i think more people think that climate change is real but isn't a direct result of human action that theory makes more sense because of the historical cyclical temperature fluctuations even before humans were around,NEUTRAL,NEGATIVE,False
my take politicians lobbyists and corporations are making a lot of money on climate change pharma is second and war is third in line,POSITIVE,NEGATIVE,False
he's right tho you can say what you want i can answer that with science but bffr earth was like c hotter during mesozoic and the big dinosaurs were okay climate change is not that bad for earth at all just for humans but well deserved,POSITIVE,POSITIVE,True
don t worry the all knowing and all caring government will make you care by regulating your gas stove force you to buy an ev and limit air conditioning usage but those same politicians will make sure their favorite restaurants and houses have gas stoves and whatever car they want while blasting the ac and using private jets to scold you about climate change,POSITIVE,POSITIVE,True
climate change is nothing new it happens all the time as long as there has been a climate to speak of on this planet it as been changing people who are yelling stop climate change might as well calling for continental drift to stop it's foolish and useless the bigger issue is that in the last century climate change seems to have happened in an accelerated pace the consensus in the scientific community is that this acceleration is due to the human activity of pumping greenhouse gasses into the atmosphere this is warming up our planet as a whole hence the term global warming but can have very diverse effects heat or cold dry spells or precipitation increase on a local scale since we've always treated the climate as something pretty much static these rather sudden changes are inconvenient for us humans areas that were suitable for growing food may be no longer and melting ice from glaciers and the antarctic increases sea levels threatening coastal regions the long term effects of the human aspect of climate change are not yet understood,NEGATIVE,NEGATIVE,True
climate change is basically more energy in the system resulting in more instability thats the sum of it,NEUTRAL,NEGATIVE,False
how do rising temperatures result in less water availability? i always thought water was more or less conserved whether it evaporates up into the sky or rains back down onto the land i the total amount of water is more or less conserved but it's location is not climate change affects this in multiple ways higher temperatures means more rain and less snow snow gradually melts of the course of the summer proving a consistent supply of water rain causes floods and have droughts after they have passed higher temperatures means faster plant evaporation meaning greater water demands plants consume more water meaning the reserves lasting in the soil will not last as long increasing extremes in weather pattern more energy into the weather system causes greater extremes this means worse storms but also worse and longer droughts it's the worst of both worlds you get more rain but also more droughts because you can't effectively store the water untill it's needed sure with modern infrastructure we can solve that but the third world and nature may get screwded,NEGATIVE,NEGATIVE,True
a question from my son who is mother nature has been shaping the earth and changing things from lakes to mountains to coast lines by us rebuilding beaches and drudging oceans to rebuild beaches and stuff are we messing with what mother nature is trying to achieve and could that be affecting ocean currents warming of water and making climate change worse?,POSITIVE,NEGATIVE,False
you re kidding what the fuck so you think is driving these record weather events? there are about k deaths a year now from starvation illness and weather events caused by climate change,NEGATIVE,NEGATIVE,True
seek out news of exciting news of those fighting climate change new inventions new understandings like anthropocene magazine,POSITIVE,POSITIVE,True
precisely well it might have happened millions of years ago we don t have resolution down to chunks of hundreds of years for measurements from million years ago etc but we do know that of the major extinctions were probably caused by climate change the fifth being probably that big meteor that killed the dinos who s to say whether it happened in years vs then? but too fast for environments to cope would be it regardless,POSITIVE,NEGATIVE,False
bp are one of the larger private oil companies in the world and directly to blame for man made climate change they aren t going anywhere anytime soon and the earlier we can break their dependence the better never said i did i just similarly don t trust private companies to do the same developing new tech is incredibly expensive and it will need government support ultimately,NEGATIVE,POSITIVE,False
there is scientific evidence of climate change however there is not scientific evidence that it is as serious as the alarmists make it out to be,NEUTRAL,NEGATIVE,False
i try to think about all the hard situations humans went through and survived if nothing we are pesky mfs be grateful for what you have you don t know what the future holds i tell myself worrying about something in the future is silly because we don t know what could happen in the next seconds humans are so used to consistency we forget how fragile and circumstantial our existence is a bit morbid but you could spend all your life worrying about climate change and what the world will be in years and die in an accident tomorrow what we have is right now the people around us the feelings we feel don t take that for granted bc none of us know if these things are permanent ps they are not,POSITIVE,NEGATIVE,False
earth's athmosphere is what enables life on our planet it's composition has been changing wildly for billions of years and life has been evolving to adapt to these changes the cycle of life means that usually dead things decompose and become new organisms if for whatever reason organic matter does not decompose the carbon of which it is mostly made up leaves the circulating supply these deposited materials are what we call fossil carbohydrates oil and coal and they can be burned as fossil fuels to use the energy stored in them the carbon is released as carbon dioxide in the process we are currently burning million years worth of carbon depositing per year in other words we are reversing million years of athmospheric change due to the aforementioned process every year carbon dioxide is only a small fraction of what makes up the athmosphere so small that it it measured in parts per million but it is very good at absorbing heat radiation and thus trapping energy that would otherwise radiate away from our planet that's why with more carbon in the air we're getting a warmer climate changes will be gradual from the perspective of a human life time but we are reversing aeons of climate change in an extremely short time some life will most likely be able to adapt but the vast majority won't and i'm not betting on humans to fall in the first cathegory our whole society is based around competition who will abstain from luxuries or comforts when there's competing individuals companys nations that won't? climate change is a global crisis but everybody is looking at each other going well you go first to stop it we need to come together as a society put our differences aside and act rational and implement radical measures but we won't because there's actors and nations that benefit from it and won't stop untill it's way too late for example russia will likely benefit wildly from a warmer climate as the northern parts of their country will finally be hospitable multiple nations are eagerly waiting for the north pole to be free of ice to open up shipping routes and explore the sea bed for more fossil carbohydrates or the antarctic there's a whole continent down there with unknown natural riches buried unter ice and snow rest assured that nations are already staking their claim to get a piece of the cake on top of that i'd be highly surprised if reported emission numbers were accurate most likely every government is somewhat faking it to appear better than they are just like auto manufacturers have been forging their numbers so what'll be the outcome? nobody knows things will get way more extreme heat cold wind drought will increase and strain food supply and general living conditions with how our society is handling inconveniences like wearing a mask when shopping taking the bus instead of going by car or not having the latest and greatest i have little hope that we'll be able to solve future issues like grownups r collapse is leaking,POSITIVE,POSITIVE,True
mate i know you're scared but what exactly are you afraid of humanity has been through worst disasters and we still persevere climate change is on everyone radar and technological advancement is negating or narrowing its scope even ad we survived we will get through it,POSITIVE,NEGATIVE,False
people who think that human caused climate change isn t real are the same stupid people who deny that evolutionary biology is real or that vaccines work people who know that climate change is real and still deny it are liars,NEGATIVE,NEGATIVE,True
i personally stopped worrying about climate change because of covid if people couldn't stop a pandemic by wearing a mask and staying home when they have symptoms the odds that society will make the effort to solve climate change which will take much much more effort is absolutely zero yes it's real but absolutely nothing meaningful will be done to solve it the only thing left to do is live with the consequences,NEGATIVE,NEGATIVE,True
also how stupidly entitled to focus on the us climate change will hit the poorest regions of the world the hardest,NEGATIVE,NEGATIVE,True
being a skeptic ! being in denial as you saw if you read my first comment i'm for some action being taken i regard denial of the consequences of climate change to be ignorant and pretty soon immoral why? environmental science is highly unprecise in how it gains knowledge compared to several other sciences not only that several of the consequences of global warming that are presented are worst case we honestly don't know for sure what is going to happen yes there will be some bad consequences but how bad? what good consequences will occur from global warming? the rest of your post is complete trash attacking conservatives everyone knows not one proposal made by governments would stop climate change not one the only way we are going to stop it is with more advanced technology that we can use to fight it with this is probably going to take decades to create there is no point in ruining our economy and making an ecofascist world if it won't actually do anything,NEGATIVE,NEGATIVE,True
since you are asking for anecdotal events i will give you some of my personal experiences when i talk to people about climate change many people take short term weather changes for proof that global warming is false we just had a cold and rainy summer over here in western europe so support for climate change is low i even heard people saying that they want to buy a car that uses more fuel in order to support the global warming to give us better summers another thing that many people don't understand but often wish to know more about is how we measure the temperature how do we know that it is warmer now than it is before? since we've only just discovered techniques for measuring temperature aren't we just measuring for a few hundred years? these are questions that often come up thanks for doing this,POSITIVE,NEGATIVE,False
i get why people don't like this suggestion but i have to agree that population i e having kids is a big contributor to climate change,NEUTRAL,POSITIVE,False
i know lots of people all conservatives who believe that there is no climate change the weather has always done this is what i hear a lot they are afraid of change in general and denying a problem s existence makes them feel warm and fuzzy inside,POSITIVE,NEGATIVE,False
those things won t happen for decades if you want to physically show him this you can do a basic experiment at home take two transparent glass jars and put an old school thermometer in each and put a heat lamp next to each take a tiny bit of dry ice and seal both jars let the co vaporize then wait a while note the initial temperatures turn on the heat lamps and check the temperature after a while the one that had the dry ice extra co in it will have increased in temperature more it may not be hotter depending on how much dry ice you used and cooling effect it s vaporization had but the difference of the rate of gain in temp proves the principal the discussion among researchers and professionals is not will climate change happen it s when will it happen and because the time scales are so long for human life spans but incredibly short on geologic time scales which is what we have to compare global temperature to and the systems of outputs inputs are hard model it is hard to give an exact date of when things run off the rails here s an analogy to a high school physics problem they might get you are told someone will drop a ball you want to know the exact last second someone needs to hold their hand out to catch the ball and stop it from hitting the ground you were probably told the gravitational constant g is like m s but then some kid would say it s or or ? for time scales that matter to humans is generally good enough but the changes we have to compare global temperature changes to happen on such incredible time scales that isn t actually that accurate no one would doubt that the ball would fall that is the physics and a foregone conclusion the only question would be on what time scale are we considering the problem for exact fidelity of answering when is the last second we can act to stop the ball from hitting the ground? climate change denial is declaring that after seconds the ball hasn t appreciably moved down so it s unlikely to ever move down,POSITIVE,NEGATIVE,False
perhaps point out to them that severe disruptions to lifestyles and the economy directly attributable to climate change are happening now and that the effects will increase significantly as time progresses their lives are going to change dramatically whether we take action now or not but the better outcomes less death displacement disruption can only be achieved with an aggressive response to our climate peril,NEUTRAL,NEGATIVE,False
not believing in climate change altogether is rather extreme where people disagree is mostly the severity of the situation and what to do about it,NEUTRAL,NEGATIVE,False
i get you re looking for something positive but when there is so much denial over climate change we have to deal with to me it just seems like listing positives only works to fuel the climate deniers,NEUTRAL,POSITIVE,False
where did you get unprecedented from and what was actually said? i've been following the climate debate for decades initially as a believer in agw many claims were published in the media that there was scientific consensus that we are affecting the climate in ways that have never been affected before and that the consequences we face are unprecedented so i suspect that you either make some strange strawman argument or that you have read something you didn't quite understand or perhaps i am wrong? i asked you to reread my comment and you replied i am sorry! i see that i made a mistake in my previous post i do understand that you don't think the current climate change is unprecedented and i agree with that you'll have to go back to my comment and point out the strawman argument or where l was wrong edit google unprecedented climate change,NEGATIVE,NEGATIVE,True
we will not emissions reduce our way into reducing ghg climate change government will not do what is needed we are too selfish we need to geoengineer the planet we need to employ multiple methods stratospheric aerosol injection introduce water over frozen continents to replace melting glaciers reflect sunlight wiser people than me know the solutions we need an everything everywhere approach we must be bold geoengineering earth is easier cheaper etc than moving to a new planet we need to share how the planet dies with the general population people don't understand that this isn't it will warm where i live this is millions will die maybe billions if we don't do something this will only change when people in rich countries die from climate change,NEGATIVE,NEGATIVE,True
so whats your scientific evidence that climate change is fake?,NEGATIVE,NEGATIVE,True
i want to make unnecessary changes so that my doomsday fantasy can be satisfied let me create some problem so i can appear as important if i create a doomsday fantasy then my grandsons will be view me as a saviour i m glad none of the developed nations leader is taking the climate change policies seriously,POSITIVE,POSITIVE,True
climate change is real and the earth is naturally heating up it happens about every years we just happen to be here to see it!,POSITIVE,NEGATIVE,False
i think that the squeaky wheel gets the oil so a lot of handwringing and kabuki which is often shown to be bollocks i personally am convinced of climate change though because you can already see it with your own eyes for example i have seen a bunch of or fewer year old decidous trees that have grown up amongst pinus mugo dwarf pines on a mountain where they couldn't survive previously hence alla re the same age however the doomerism is just that and it gets both clicks and funding!,POSITIVE,NEGATIVE,False
this thread is full of uneducated doomers i wouldn't waste your time climate change is scary and we are moving far slower than is ideal but people here are somewhat losing their minds,NEGATIVE,NEGATIVE,True
you must be new here lol optimists are finding solutions and innovating ways to mitigate climate change and also make our systems robust and resilient doomers are crying on the sidelines and trying to prevent progress,POSITIVE,POSITIVE,True
accurate to live comfortably or otherwise we need a source of food climate change is already disrupting our ability to produce and distribute enough food to feed the current number of humans on earth people won't just quietly sit back and starve to death they will go to war for resources this will escalate and further impairing our ability to produce and distribute food billions will die,POSITIVE,NEGATIVE,False
from a communications standpoint what do you need? how can people comms professionals in particular offer the most support to get across accurate messaging about climate change?,POSITIVE,NEGATIVE,False
op you contribute to climate change do you flush a toilet do you use electricity do you use a car? you don't contribute as much as these huge corporations but you do contribute its simply factual,POSITIVE,NEGATIVE,False
probably not the issue is not the technology and price it's culture and politics climate change is already here but there's so much misinformation and disbelief that i doubt a reasonable plan will be put in place to do anything about it before it becomes a runaway process large swaths of the population in the modernized world lack the critical thinking skills to comprehend the science and large portions of the population still in a developing state don't have the luxury of concerning themselves with climate change it won't be addressed until it's too late maybe even in my a millenial lifetime the most significant challenge we will face due to climate change is a mad max like water crisis,NEGATIVE,NEGATIVE,True
mitigate what? carbon emissions and climate change thus far have been beneficial not harmful so there's nothing to mitigate temperatures are up by only an estimated average of to c since the preindustrial late little ice age that's not much of a change but it is in a positive direction it disproportionately warms winter at frigid high latitudes and slightly lengthens their short growing seasons it has little effect on the tropics scientists call warm periods climate optimums because they're objectively better than cold periods humans are a tropical species and most of the earth is much too cold so it should come as no surprise that cold related excess deaths dwarf heat related excess deaths and studies show that warming saves lives in fact excess cold causes more human deaths than heat does even in tropical countries believe it or not! here are some recent papers about it masselot et al gasparrini et al and here's a composite of two figures from the paper zhao et al and here's a discussion and a summary gasparrini et al and their figure is especially relevant here's a cia study summarizing the scientific consensus of the day about the threat of global cooling this graph from that study shows how cooling threatens food supplies there are no important negative impacts from anthropogenic warming all the major impacts are positive sea level trends have not significantly changed in seventy years storms have not detectably worsened neither hurricanes tropical cyclones nor nor'easters are worse than they were when co levels were much lower tornadoes have become much less destructive not a single known species has gone extinct due to manmade climate change not even the bramble cay mosaic tailed rat the two main things that co emissions and rising co levels have done are cause a major global greening trend especially in arid regions like the sahel and dramatically improve agricultural productivity and global food security the scientific evidence is persuasive that nobel laurate and father of modern climatology arrhenius was right when he wrote in by the influence of the increasing percentage of carbonic acid in the atmosphere we may hope to enjoy ages with more equable and better climates when the earth will bring forth much more abundant crops than at present for the benefit of rapidly propagating mankind co emissions are net beneficial rather than harmful and the social cost of carbon is negative here are some relevant peer reviewed papers,NEUTRAL,POSITIVE,False
the public is tired of climate change pron and has been for awhile in a world of super realistic cgi it is not clear that more videos would have any real impact the real problem is there is absolutely nothing significant that can be done about global co emissions in the short medium term with the technology currently available aggressive action in wealthy countries is almost immediately offset by increases in developing countries the only real option is slow gradual change that will make a difference over years but this is not seen as good enough for people who have bought into the climate doomsday religion i think we would all be better off if we stopped with incessant doom mongering and focused on a steady but gradual change to our energy systems,NEGATIVE,NEGATIVE,True
i ve believed from the get go and do what i can but the reality is that as an individual my recycling efforts do very little to affect climate change the government and specifically the epa need to come down hard on companies to combat it companies are responsible for approximately of all carbon dioxide emissions worldwide and nobody will do anything about it because there s too much money involved,NEGATIVE,POSITIVE,False
my home town is a port town my mom still lives there so i visit and we have a walk around town a couple of times per year one year as i was walking around it was high tide and i thought to myself what if the maximum water level at high tide raised by foot tomorrow not in a hundred years tomorrow and it wouldn't be that bad some docks would need to be rebuilt some small beaches might disappear during high tide a few places might get lightly flood if there was also a storm that day but for the most part no real land would be lost places are already built for more than a foot of water rise because you need that for storms of course construction for to deal with what if this extra foot of water happened with a storm would need to begin but that'd be it of course foot rise wouldn't happen over night in reality that would take a great deal of time and in that time period most of the construction to account for higher water levels would just happen naturally a wall or dock needs repairing? well that's a good time to adjust it for the water level increase obviously this is just one aspect of a changing climate it's far more complicated than that but it illustrates several aspects of why things will be okay for the most part most systems can already handle things going bad from time to time and slow gradual changes in climate will naturally be met with slow gradual change in the environment to handle it will there be cases where this isn't true and the problem is worse? of course but that's just life it happens in every aspect of life catastrophes happen weather financial social etc droughts and famines have existed for ages they were bad yes but they weren't the end of the world and the modern world is much better equipped to handle them and for a last dose of optimism it's not like climate change is always a bad thing some places have terrible climates all on their own i'm sure some places will get better with more rainfall or less snowfall if some places do become less livable there's no reason to believe that other places won't become more livable climate change is slow there are entire human life times to adapt to it's effects,POSITIVE,NEGATIVE,False
can you name one person killed by climate change?,NEGATIVE,NEGATIVE,True
to add on this one thing that op could understand better is that average global temperatures are rising and while this isn't an issue in itself it will have an effect on lots of different aspects of our life for one thing the land will dry up more during the summers for the reasons you said another is that tropical storms which rely on wind patterns which are created by the wind patterns of warm areas will be more common as those warm areas will be warmer more expansive and more numerous global warming is the idea of rising global temperatures but the main reason that is an issue lies in the definition of temperature which is the average energy of a system the higher the temperature the more energetic the system is to take an example we area a bag of popcorn the whole world global warming is putting it into a microwave no matter if a man put it in there or if it found its way natrually we can argue but it doesn't really matter tropical storms and extreme weather are the popping kernals in short a high energy system is capable of things a low energy system can't do this is why we don't see hurricanes too far from the equator and when they drift too far from warm water they die out this is also why hurricanes are getting stronger and more numerous for reasons that are more complex the energy in the system creates more extreme weather in almost all forms droughts through warmer dryer summers hurricanes through warmer waters even more snowstorms because lakes may freeze later or not freeze at all leading to increased evaporation and eventually precipitation here's a good source for extra reading on that to a certain degree to believe in climate change the best thing you can do is look at the climate and ask is it changing the answer is unequivocally yes the question then becomes will it continue? the answer to all the time we've been discussing this has always been yes we are not likely to reach a point where everyone is going to just die because the world was habitable one second and the next it's uninhabitable but with the growing water crisis where over billion people have shrinking access to clean water and with rising sea levels which causes undrinkable salt water to leak into fresh water aquifers a big reason to be concerned is that people will have no access to water on a large scale coastal nations are going to see coastal issues as well as many of these nations becoming relatively suddenly out of a source of water this might cause land wars resource wars or other kinds of instability there are a lot of reasons to be afraid of climate change but the biggest one for me is that we're going into territory in terms of environment that we've never been to and are going in the direction of an uninhabitable world how far we go is controllable but requires sacrifices and long term international cooperation this is hard to do but if we go too deep into damaging the environment we are going to see some type of impact this is a fact the argument is if we have already seen direct impacts i didn't proofread this or anything so i'm sorry if it's kind of train of thought but this is the surface of the argument for climate change one more point is that so many countries have taken measures at their own detriment in order to address this problem if there's real doubt as to its legitimacy why are so many scientists advocating for economically destructive policy and why are they nearly unanimous about it?,POSITIVE,NEGATIVE,False
ofc not our leaders aren't doing shit about it performative bullshit and pats on their own back for believing climate change is real,NEGATIVE,NEGATIVE,True
bad shit is already happening much more frequently due to climate change did you see canada this year?,NEGATIVE,NEGATIVE,True
interesting although top concern is only one way to look at it framing the question in a different manner can produce rather different results firstly a survey of million people in or so countries then this survey of young people from countries with surveyed per country published in september last year i split the table into two halves so that it wouldn't screw up comment formatting too badly thoughts about climate change thoughts about climate change all countries all countries australia nigeria brazil philippines france portugal finland uk india usa people have failed to care for planet people have failed to care for planet future is frightening future is frightening humanity is doomed humanity is doomed less opportunity than parents less opportunity than parents most valued will be destroyed most valued will be destroyed family security will be threatened family security will be threatened hesitant to have children hesitant to have children lastly this survey of five developed countries i put its results into a table where numbers indicate a percentage of respondents from a given country who totally or mostly agree with the statement presented to them many questions were only asked to those respondents who have already agreed with the first question so i put those in italics as they do not represent the entire survey group statement france germany italy uk usa civilization as we know it today will collapse in the years to come under s agreeing with statement s agreeing with statement s agreeing with statement over s agreeing with statement collapse would occur in a few months to years collapse would occur in to years collapse would occur in to years collapse would occur in over a century didn't answer regarding the timeframe all respondents who expect a collapse within the next years collapse would be caused by climate change and overconsumption collapse would be caused by uncontrollable immigration collapse would be caused by a civil war collapse would be caused by an environmental catastrophe like a meteorite or a tsunami collapse would be caused by an external attack collapse would be caused by an industrial or nuclear accident there will be no sudden collapse but rather a gradual deterioration of the current living conditions you can only rely on your family and relatives during the collapse we will have to show solidarity with the rest of the population and trust others to get by did not pick either option post collapse world is a stressful and dangerous society in which most human activity will be devoted to survival post collapse world is a sober society based on a return to traditional agriculture consumption limited to essential needs post collapse world is a society of relative comfort in which we will gradually manage to live again as before the collapse with certain changes did not answer the question above since the survey was done by a french organization a few questions were only asked in france so here are two more tables statement under s s over collapse would be caused by climate change and overconsumption there will be no sudden collapse but rather a gradual deterioration of the current living conditions political one relative to candidates supported in so quite dated now statement fillon hamon le pen macron melenchon in the world after the collapse of civilization we can only count on family and relatives post collapse world is a stressful and dangerous society in which most human activity will be devoted to survival post collapse world is a sober society based on a return to traditional agriculture consumption limited to essential needs,NEUTRAL,NEGATIVE,False
it's hardly guesswork not only is the correlation very tight but the mechanisms for human created climate change are known the models are proving generally accurate and there's no other explanation that comes as close to fitting the observations,NEUTRAL,NEGATIVE,False
i do remember al gore and other climate activists saying we absolutely wont be alive in due to climate change alot of talk of the o zone layer then as well dont hear that term used at all now,NEGATIVE,POSITIVE,False
yes assuming we have fully and accurately accounted for all the variables that can contribute to climate change,POSITIVE,POSITIVE,True
climate change is the new military industrial complex a stretched truth that enables politicians to funnel tax s dollars to their friends so no,POSITIVE,POSITIVE,True
i have a science background and i worked in environmental sciences i find climate change like a big experiment in many ways it is fascinating to observe i read a number of news sources everyday and follow weather trends i can see the changes myself i am fortunate because i live in a place that is experiencing a weird change we used to get three feet of snow very cold and the occasional blizzard now we get no weather change almost no wind and almost no precipitation it makes it pleasant but still concerning for others facing severe weather i feel people who are climate deniers or choose not to get educated will learn over time what will happen i have little sympathy for them i feel like people are not paying attention to the most important thing since humans evolved i am surprised people don't realize we are in a new era the anthropocene and what it means i am sad for the loss of other life on our planet because of us,NEUTRAL,NEGATIVE,False
one frustrating part is that it's hard to convince someone who doesn't want to be convinced and who wants to ignore the evidence they put this super high bar for climate change that they don't put for anything else they aren't out there saying cancer doesn't exist i need to delve into literally millions of peer reviewed papers and even then i'll be skeptical yet there they are taking the entire scientific population of the world spanning countless levels of skill and knowledge and decades and decades of study and research and saying eh whatever i'm smarter than every single scientist in the world i don't believe any of them when they think they are literally smarter than all of science how do you convince them? we're looking for some silver bullet some simple clear study or proof to show them to convince them the fact is that doesn't exist there are thousands and thousands of articles on the internet at this very second all with some variation of climate change for dummies or climate change explained or simple summary of the science behind climate change but despite a near infinite amount of science backing it and countless people summarizing and simplifying that science for all of us for years they still say nope it's all lies sadly what you're looking for doesn't exist because they will just look at whatever it is and say that's a lie,NEGATIVE,NEGATIVE,True
what stopped you from looking into this until now? not op but my understanding is that the issue has become significantly politicized and as a result belief in climate change is more strongly associated with political allegiance than with scientific literacy as in otherwise scientifically literate republicans are substantially less likely to believe in climate change than scientifically illiterate democrats steven pinker discusses this at some length in enlightenment now i don't have the book with me but he does include references for further detail,NEUTRAL,NEGATIVE,False
alternative facts lol i see a democracy of ideas is lost on you do you have any more ad hominem invectives to throw my way that you got from your leftist echo chamber? pseudoscience is a belief of practice that fails to be true because it does not adhere to a scientific method what scientific method do your number adhere to? you go looking for climate change and then find it this is called begging the question btw and if you want to call that alternative logic then sure lol there are no consensus about climate change we know its not good and we know that we should probably try to stop it we however do not know that it will result in the collapse of our current eco system any time soon the evidence is simply not there,NEGATIVE,NEGATIVE,True
more like that scientists just do what they are told to do if your donor tasks you with finding proof for a human made climate change you wont research other causes,POSITIVE,NEGATIVE,False
i think climate change is inevitable because yes the climate will always change i also think forecasts are always changing we had global cooling followed by acid rain and global warming and now we've stuck to climate change because it's a much easier catch all to scare monger i disagree with your claim because forecast models never account for changes or adaptation that can be introduced over to or in this case years by ice caps melted in one area but added in another hurricanes are somehow less prevalent but more destructive not accounting for more homes to be destroyed which certainly makes that hurricane damage worse other posts have already pointed out improvements to areas like wind and solar with ingenuity and yet we don't see much discussion on areas such as improved nuclear facilities or a return of thorium plants which are reportedly much safer and effective tldr i don't think doom and gloom is the right approach,NEUTRAL,NEGATIVE,False
lol ok if you say so you and your prediction are no different from all of the doomsayers in the roman era who predicted the end times and the other snake oil salesmen predicting other drama as usual climate change conspiracies all center around buying something don t buy oil buy this expensive battery or solar panel that will make another white man richs you are getting played all the while your labor is stolen from you in the form of wages,NEGATIVE,POSITIVE,False
thanks for the ama what is one easily accessible documentary or youtube video that d you all would recommend i show family members that may have difficulty understanding climate change?,POSITIVE,POSITIVE,True
i m not conservative i also never said i m against green policies or that i don t believe in climate change or even anthropogenic climate change i ve simply laid out a critique of the argument for it if you can t understand the difference between this one part of the argument is invalid because no scientist would ever claim consensus is proof of anything and therefore they are all wrong then i don t know what to say to you,NEGATIVE,NEGATIVE,True
climate change is real in years a lot of the world s population will be without clean drinking water and food natural disasters are only getting worse to the point where they will be a yearly occurrence glad we agree i must have misunderstood your original post,POSITIVE,NEGATIVE,False
everyone knows about climate change now because we ve heard the warnings constantly for years so that s great,POSITIVE,NEGATIVE,False
yes climate change will be solved and already has earth is currently coming off the peak of the approximate k year inter glacial cycle earth is supposed to be warm now warming cycles also have shorter cycles that recur approximately every to years during the past k years there have been global warming cycles similar to today with some being warmer than today much warmer k years ago k years ago and especially k years ago these shorter cycles alternate between warm and cool every o years and earth will be going into a natural global cooling cycle once the el nino ends during april the pacific ocean warm cycles will be transitioning to a year cool cycle the warm atlantic ocean cycle will begin its transition to a cool phase around these are all natural bottom line right now both oceans area in a warm phase cycle earth is in a warm inter glacial and short term warming cycle earth is supposed to be naturally warm at this stage of the cycles and have higher atmospheric carbon dioxide the rise in co since is not due to fossil duel burning it is natural earth has had cooling cycles during the past k years and during the past k years will begin shortly so the problem is solved do not waste money trying to fix a natural cycle for explanations of all the cycles including co view my podcast interviews go to and the climate page on,POSITIVE,POSITIVE,True
don't like renewable energy and making it so we stop driving omfg nuclear is definitely a power option and i've heard that other countries have success in sending water up waterfalls to be used as power during times of surplus it's mostly industries especially since trying to do anything about it would require being chest deep in research climate change make future go ptth,NEGATIVE,POSITIVE,False
i agree that the richest and wealthiest americans are the most responsible for pollution climate change but i m a believer that a every little bit counts and that we as individuals should try to do better and help the environment too it s important to start raising our children with the perspective of moderation is key to start making any major progress,POSITIVE,POSITIVE,True
climate change is my primary concern,POSITIVE,NEUTRAL,False
us peasants don t really need to change our personal behavior since we aren t contributing to it like others but we can do our part by not voting for climate change deniers,NEUTRAL,NEGATIVE,False
work from the bottom up in your community make friends talk about climate change with them once you have a community you can help organize them around one or more of the big issues denser housing walkability good transit safe cycling especially e bikes and cargo bikes banning new methane natural gas hookups in homes and businesses electrify everything heat pumps evs cooking check out volts wtf or strongtowns org for more great ideas there is no silver bullet coming just you and your friends doing the hard work of transition to a free energy economy,POSITIVE,NEGATIVE,False
my worries have shifted from climate change to the collapse of insects,POSITIVE,NEGATIVE,False
i like many thought man made climate change was real and a threat because we'd been taught about it in school the tv the scientific publications then i did my own research and realised it was all a big scam to suck money into a multi trillion dollar carbon credit trading scheme yes there are trillions now flowing into useless renewable energy projects which are bankrupting households with expensive and unreliable power on the optimistic side this means that there is no climate emergency the only thing that really effects the earth is the sun humanity can carry on happily into the future without fear or worry because human impacts on climate are immeasurably small and certainly no carbon rationing system is going to effect the temperature of the earth,NEGATIVE,NEGATIVE,True
so i've done a lot of work with climate change research and have a few major points i want to bring up first off note in parts i totally agree with you but in other parts you have some fairly common misconceptions first off fossil fuels you hear a lot about fossil fuels being the worst thing from climate change activists and in particular about moving to cleaner alternatives the thing is this honestly isn't quite the case that fossil fuels are the worst nor is it the case that really any cleaner alternatives exist in many cases first off you have to realize the term fossil fuel covers a huge range of fuels ranging from coal to natural gas each one having their plusses and minuses now the major advantages of the major fossil fuels in use today gasoline and natural gas are they are some of the cleanest portable fuels available in comparison to things like ethanol or biodiesel they are actually far less polluting really if you are looking for a more portable cleaner fuel you aren't going to find anything better than fossil fuels now some people bring up electric as an option and bring in the cleaner electricity production methods well once again you face the issue of portability solar or wind can't run a car or plane or ship even with the best energy storage technology we have that would be utterly impractical the thing is fossil fuels are going to be absolutely necessary to actually halting climate change its simply far more nuanced than alternative fuels i agree on deforestation but there are far more reasons other than beauty biodiversity is a huge one and public transportation is complex there are many situations that a public transit system would actually create more pollution than cars and be more expensive but once again its complex for many urban cases yes they would be a net benefit but the farther from a city center the worse and worse it gets,NEUTRAL,POSITIVE,False
with climate change on its current path what do you anticipate the migratory path to be for humans in the next years?,POSITIVE,NEUTRAL,False
believe climate scientists not jordan peterson not joe rogan not trump not poilievre not wielicki not any of these idiots that are not climate scientists whatever research of your own that tells you otherwise is lying and you have fallen for it remember the fossil fuel industries have an intere t in people denying anthropogenic climate change you are their sheep,NEGATIVE,NEGATIVE,True
yes i have seen that paper not a single study per se but an editorial introducing a special issue and summarizing the research to date to lay down the groundwork for that symposium back when it was published simply put if you have linked to it in your comment instead of the guardian's article i wouldn't have said a word to you in the first place i know that goulson knows what he's talking about but i also find it undeniable that that piece and his book it's pulled from is written from an activist perspective of motivating action above all complicating details be damned people may agree or disagree whether it's worth doing for a good cause the guardian certainly agrees but the fact that he does it there is undeniable the headline is written as if a full disappearance is actually plausible a decline in biomass over years observed in one german study is treated in the subheading as if it was an absolute fact everywhere in the world this may be more on the guardian's sub editor but goulson could have always asked to have it changed if it went against his wishes contrast that with pnas editorial's take there are still too little data to know how the steep insect declines reported for western europe and california s central valley areas of high human density and activity compare to population trends in sparsely populated regions and wildlands unlike the pnas editorial his piece completely omits the increase in freshwater insects emphasizes the importance of pollinators including for crops but omits that domestic honeybees are not under threat globally pnas again anthropophilic and human assisted taxa which include many pollinators such as the western honey bee apis mellifera in north america may well thrive due to their associations with humans etc etc again the perception one would get from seeing the pnas symposium vs seeing goulson's piece preceded by your comment the only real evidence i need to point too that absolutely underscores how apocalyptic and dire things are is the fact that insects are going extinct i e the food chain is destroyed is radically different as for this one also we are on track to completely over shoot the threshold for mitigating the climate crisis which will have a severe impact on the total population of insects i should say that climate as the main threat to insects appears to be a common misperception the highly controversial analysis linked to by the guardian is often cited for its figure that of insects are threatened with extinction which was derived simply searching the database for declining species and nothing else the part of the analysis that's less commonly mentioned is that it placed climate change last on its list of four main threats to insects the main drivers of species declines appear to be in order of importance i habitat loss and conversion to intensive agriculture and urbanisation ii pollution mainly that by synthetic pesticides and fertilisers ii biological factors including pathogens and introduced species and iv climate change the latter factor is particularly important in tropical regions but only affects a minority of species in colder climes and mountain settings of temperate zones like the analysis' main conclusion that claim also does not have everybody on board but in general climate change appears secondary to land use drivers for most insects i e see where the climate ranks in this analysis for fireflies that's not necessarily good news arguably it's worse than what most think because it suggests that many of the approaches that would help to keep the temperature down and attempt to secure global food supply in process would ultimately hit the insect invertebrate diversity much harder than the alternative but it's also the view held by too many experts in the field to be ignored,NEGATIVE,NEGATIVE,True
the average temperature is rising this doesn t preclude places from experiencing record cold due to destabilised weather systems which are destabilised from the increased heat energy they contain thanks to climate change,NEUTRAL,POSITIVE,False
controlling the population is the only way to fix climate change because the more human the desire and desire lead to climate change,POSITIVE,NEGATIVE,False
it all depends on how you look at it sure moving from a projected c increase to c is a considerable improvement but a c rise is still an ecological catastrophe and that s only looking at global warming environmental issues are multiple and climate change is just one of them ecology as a whole unfortunately continues to deteriorate at a frightening pace,NEGATIVE,NEGATIVE,True
we are actively making progress toward climate change,POSITIVE,NEGATIVE,False
they're not the same terms and they're extremely vague vis a vis mitigation op asked about mitigating climate change that's way too vague for a good answer imo you might like vague questions tho it takes all sorts how about something more specific like how to go about mitigating the increase in arable acreage caused by the rise in atmospheric co available for plant growth? you know something you can get your teeth into so to speak,NEGATIVE,NEGATIVE,True
climate change has been happening for millions of years mankind cannot stop it move on with your life,POSITIVE,NEGATIVE,False
shortening the standard work school week would reduce emissions while also significantly upgrading human intelligence across the board seeing as the current economic machine is destroying the sustainable habitability of the planet the first step to improving the situation would be to stop running that machine so much by at least slowing down the destruction to at least some extent the only problem with that solution is that our ruling billionaires oligarchs kleptocrats don't want their serfs to have the time and energy to challenge their own power profits and domination over the species billionaires oligarchs kleptocrats should not exist to a large extent the problems of climate change unnecessary ecological collapse and mass human retardation are symptoms of brutal political and socioeconomic oppression more than they are existential technical engineering problems,NEGATIVE,NEGATIVE,True
fixing climate change in itself is easy the question is how many lives and how much prosperity do you want to sacrifice in doing so? if you just kill of earth's human population and then have a child policy china style the crisis would be resolved very quickly,POSITIVE,NEGATIVE,False
agreed with most points here but i think you need to be careful one pertinent question several deniers use the argument that the fragility of our predictive models for climate change or our lack of understanding of the latter as a reason to defend inaction and not your approach which i would qualify as resilience focused as an engineer don't you agree that it should be used for the opposite? half the people in the usa cannot distinguish between weather and climate and yet will regularly be asked to vote on actions concerning climate yet i've sat through a hr seminar on specifically the error margins for meteorological models and i would say left even less confident in our understanding of the issue than i previously thought the difference is the only conclusion i could come to is if we are still this bad at understanding our climate isn't that a reason to be extra cautious with it instead of throwing our hands in the air accepting our ignorance? i'm on the same page in terms of improving resilience to manage an identified risk as every engineer should be now we do know that agriculture is dependent on stable climate that desertification is real and accelerating and that sea levels are in fact rising even if all predictive models were bogus i see these as good reasons to keep trying to fund and improve them but this isn't the path people chose when they argue against predictive models in reality most deniers chose the status quo and oppose govt mandated sustainable development in general so when talking to people how do you justify investing in these improvements you mentioned? especially when profit is non existent? on a side note i don't think it is fair to identify a mainstream green movement as such can you be more specific? i've been in several academic political and social circles across the world and never witnessed widespread agreement on climate change mitigation action are you referring to a specific agreement? edits wording,NEUTRAL,NEGATIVE,False
its leftist nonsense ff is socialist slop every problem is now somehow related to climate change refugees migrants raping women in germany? climate change muslims killing christians in africa? conflict fueled by climate change german state media is going absolute nuts about this you wouldnt believe it,NEGATIVE,NEGATIVE,True
all the great powers are in a race to become the dominant player in green energy which is cheaper than ever the end of fossil fuels is inevitable due to recent breakthroughs in diplomacy and technology solar wind and in the coming decades even nuclear fusion will replace oil and natural gas coal is doomed china is currently winning the race to dominate green energy due to the us only taking it seriously during the clinton obama and biden presidencies the corruption in the us republicans during the reagan bush and trump eras involved gaslighting the public climate change was not real or not a big deal freak weather and obvious climate change is now putting political pressure on governments to do something last year for the first time the united nations unanimously agreed to move away from fossil fuels nearly country in the world is now dedicated to ending climate change currently the us and china are leading the green energy race with over hundreds of billions of investments in green energy and infrastructure this peaceful competition between the two will benefit the world especially parts of the developing world where people will skip fossil fuel use entirely for zero pollutant energy sources the inflation reduction act transformed the us to properly compete with china and meet of its pollutant reduction emissions by the eu and other countries accused the us of unfair domestic subsidies and raced to pass their own subsidies we are in for a few bad decades of warming and bad weather but politically we ve already turned the corner the good effects just aren t happening yet because politicians should ve dealt with this since the s but neither the us or soviet union government had much interest in shifting away from fossil fuels,POSITIVE,POSITIVE,True
plastic isn't bad in all cases it's one of the most useful and important materials we have today from a climate change perspective it's not even one of the big contributors you should be much more concerned about concrete and steel if your focus is on climate change the c emitters if you are worried about plastic pollution then you could maybe focus more on plastic,POSITIVE,NEGATIVE,False
because oil companies right wingers and politicians have poisoned the discourse around climate change,NEGATIVE,NEGATIVE,True
yeah this!! using ai to solve climate change is like giving money to criminals to fight crime insanity clean your own house first please ai and energy will ai reduce emissions or increase demand? world economic forum weforum org,NEGATIVE,POSITIVE,False
climate change is obviously happening and it's pretty clear that humans are at least partially to blame i remain open to the possibility that pollution has exacerbated a natural rise in global temperatures that would have happened anyway albeit to a lesser extent i do not however believe that the doomsday scenario about which al gore was super serial is likely to happen a heavy polluting technology is rapidly falling out of favor as cleaner alternatives become more economical and b if there's one thing that natural history shows it's that the earth is resilient if a gazillion megaton asteroid impact couldn't wreck the biosphere beyond repair what can our paltry influences do? so i believe that the attention that we currently pay to the environment is sufficient to ensure that we remain good stewards of it factor in the rapid advancement of technology and the fact that environmentally friendly actions have been the cool thing to do for several decades now with no signs of changing and i think that climate change's days as a political issue are numbered,POSITIVE,NEGATIVE,False
i ve been thinking about this a lot myself timothy morton puts it best when he refers to climate change as a hyperobject it s omnipresent yet elusive because of this i m going to play quasi relativist and say there isn t one field that is most effective to contradict myself slightly i ll say that the field i feel may have a fair amount of efficacy is ai if we responsibly steer its exponential potential towards fixing the exponential problem of climate change maybe that s a naive thought regardless by itself such a path certainly can t save the world but i m sure if you take a list of some of the other answers here and make friends with people involved in those fields along with my humble submission you ll get close to a satisfying answer things are bad but the fight is not lost!,POSITIVE,NEGATIVE,False
changed my degree to plant sciences to better understand not only what plants can do for climate change but also how to grow my own when it s inevitably harder to grow on a mass scale,POSITIVE,POSITIVE,True
who s deflecting responsibility for climate solutions to the individual? big oil and coal which party is owned by oil and coal? the drill baby drill republican party calling climate change a hoax is a tactic to maintain profits it s all about money and greed not genuine doubt based on facts,NEGATIVE,POSITIVE,False
renewable energy has never been cheaper and is currently cheaper than all fossil fuels humans have quite a peculiar way of adapting too late so we will probably adapt when it becomes even worse there are geoengineering solutions that could offer a 'last line of defence' the most viable one is where we put tiny particles in the stratosphere to reflect sunlight one downside is that this could affect precipitation patterns but climate change is affecting precipitation anyway even if all goes to hell and humanity dies out this is just a change we humans are part of system earth and this system has gone through numerous mass extinction events the fact that we have big brains that can tackle complex problems doesn't make us more special than other species that died out the entire universe is beautiful all life is beautiful and i am glad that i could witness everything i have in these past decades,POSITIVE,NEGATIVE,False
it depends on where you live i guess? if you're talking about western countries in the northern hemisphere there will be no such thing as living in bunkers because of climate change even at c where we might be heading most of the northern hemisphere will be fine sure we'll have increased extreme weather and eventually will have to deal with sea level rise but there's nothing catastrophic anyway to answer your question people who deny climate change will keep on denying it doesn't matter what happens they base their truth on feely stuff if they didn't they would've been in the climate change is real camp already,NEUTRAL,NEGATIVE,False
never the people who don't believe in climate change will just think it's being caused purposefully with chemtrails weather manipulation haarp or its a natural cycle of earth,NEGATIVE,NEGATIVE,True
i think the degree of relationship between religion and climate change is spurious republicans are often the more religious of the two parties and i believe that it's because republicans deny climate change which makes the religion percentage so high neat graphs though,NEUTRAL,NEGATIVE,False
my comments on the consensus part is in relation to of scientists agree etc it s literally irrelevant if or agree all that s relevant is the actual facts of the matter that s why i bring up the consensus because what should be here is actual evidence that proves or as strongly as possible suggests that humans are a significant cause of climate change and that said climate change will cause xyz degree of damage is instead phrased as everyone agrees it will happen so if you don t agree with it you re anti science or a science denier and i m not singling anyone out i m just stating that that is a reductionist and anti scientific framing of what is going on and that it s actually antithetical to getting the desired results because people spend all day arguing about the validity of consensus or the bias of the researchers or global conspiracies etc when they should just be debating the data and policies that make sense in relation to that data,NEGATIVE,NEGATIVE,True
this is a great question you have also just made the shift from the hard sciences how does the world nature work to the soft sciences what is happening in society given how rock solid the science of climate change is the interesting and very important space is now in the social and political given we know what we know why do we still do what we do? or as the philosopger slavoj i ek might say they know very well what they are doing but still they are doing it the sublime object of ideology,POSITIVE,POSITIVE,True
the us military spends billions every year to respond to climate change as does every military in the world every agricultural policy and business in the world studies and plans for climate change every insurance company in the world studies and plans for climate change every university and government research institution in the world studies and plans for climate change every logistics and transportation company in the world studies and plans for climate change all the energy companies in the world especially the oil companies studies and plans for climate change politicians who deny climate change still vote to fund military department of agriculture and department of energy research and response to climate change because they understand at some level that it's real every serious person in the world understands climate change and those who can't see that are so stupid and ignorant that there's no proof they would accept,POSITIVE,POSITIVE,True
this one time at the beach i got a really bad sunburn was that climate change?,NEGATIVE,NEGATIVE,True
i don t buy into any of the alarmism about climate change all of that seems way too excessive based on what we know climate change isn t just real it s frequent on our planet it happens all the time with or without human impact it wasn t that long ago that glaciers covered half our continent during the middle ages there were periods of the little ice age and warm period we should absolutely take every possible measure to limit humanity s impact on the climate but only in a sensible way encourage efficiencies clean technology research and development etc we don t need to ban gas powered cars in years we don t need to upend our economy and way of life by grasping at every possible green technology at first glance the world isn t going to end our kids won t be fighting over patches of withered grass talk like that is just ridiculous,NEGATIVE,NEGATIVE,True
exactly we have no collective will to do anything about climate change,POSITIVE,NEGATIVE,False
so climate change is not going to 'kill us' it is going to make some farming harder and more expensive mby some famines will happen in poorer nations it will cause a lot of damage through hurricanes and general shittiness of climate it cause some issues with sea levels which will impact costal cities and some of them will probably need a lot of money to counteract that but you're not going to straight up die from it there are several solutions decarbonizing the energy grid this is probably the highest priority as long as we burn coal and oil we're just producing a shitton of carbon and that will drive futher climate change carbon free transport cars trucks cargo ships all use mostly oil products to move this has to change also going electric will only help somewhat as long as the energy grid uses coal oil and gas food production there is a lot of greenhouse gases produced by meat farming that can be switched to lab grown meat which should be more efficient carbon wise in the future some ppl think we should all go vegan but i think ppl would rather die lol removing carbon this is a shit solution extremenly expensive and unlikely to be ever viable but if we want to control the earth's climate we probably need to do it at some point unless space mirrors since this is futurology sub by far the most cool solution is to put 'solar shade' at earth sun lagrange point and use it to just cut down on the amount of light coming to earth it would require a lot of infrastructure but we want to kick off the space industry anyway at some point so mby a big project like that would be nice,NEUTRAL,POSITIVE,False
as for the far right it really depends on the countries the knowledge about climate change has been tested among the electors though with a scoring from to the findings show that electors on the left score higher the far right electors score lower but not that low the right being in the middle the lowest score falls on people who don't claim any political affiliation this tends to demonstrate that while the political family do impact the level of knowledge about the climate crisis overall all electors are quite aware of the issue it has however fall down in the list of concerns the economic situation and the war in ukraine are on the top of the minds climate change feels too far away,NEUTRAL,NEGATIVE,False
yes when i talk about temperature related deaths i ignore deaths due to fossil fuel pollution because temperature and air pollution are two different things just like i ignore death by suicide volcanoes or terrorism i don't understand why you keep nagging about that fossil fuel deaths are surely relevant for the entire picture related to this topic but not for temperature related deaths specificaly please explain why you are bringing in the temperature related deaths into this debate humans have died from temperature related deaths since there have been humans are you saying those deaths are occurring because of global warming and would not occur without global warming? if not what is your point? this sub is about climate change and the thread says the op wants to learn you want to talk about temperature related deaths and i want to talk about deaths related to global warming it's pretty convenient for your argument to limit the debate to just what you think supports your argument that global warming is not much of a problem and then ignore anything that shows the cause of global warming kills humans and the simple fact is that even if you ignore the number of deaths caused by non industrial fossil fuel pollution there are over million deaths caused by industrial fossil fuel pollution which is causing the problem of global warming what climate scientists? not these ones hess global evaluation of the dry gets drier and wet gets wetter paradigm from a terrestrial water storage change perspective copernicus org here is from the ipcc wgi report p i always accept the peer reviewed scientific research is it is supported by other climate scientist so i will no longer argue the ddww issue you seem to like the ipcc reports will you accept the scientific results shown in those reports? it's good overall but i have several points of criticism and the summaries are one of them they are not a good reflection of the actual contents of the report if i show the results of the ipcc reports which are from the summaries will you point out how they differ from the actual reports by climate scientist and will you accept the results of the actual reports from the climate scientist,POSITIVE,NEGATIVE,False
i think we need a roaming band of preachers who speak in front of congregations about god's displeasure with those who are destroying his gift of a garden of eden with their selfishness and greed that he will visit more natural disasters on us until we change our ways call for a war on climate change where we fight the global climate terrorists where they exist with the latest weapons carbon scrubbers!,POSITIVE,NEGATIVE,False
i suggest that each person come to accept the fact that each of us will die i am nearly age and i have arrived at that place of acceptance and i am filled with optimism for the future i believe that the indescribable fear some people harbor regarding climate change cc stems from their inability to envision what comes after mortal death i suggest that each fearful person first come to grips with the period of time that will follow his her life then when their mind is settled on that topic they may wish to let their mind wander off to focus their fretting on their climate change anxiety happy thinking !,POSITIVE,NEGATIVE,False
i agree with a lot of the comments here but i'll give a hot and spicy take i just want a fucking life is how we got into this mess don't have a normal bland life built on consumption and being normal do something valuable with your life check out or become a vegan activist or find a way to move the needle on climate change even more there has never been more opportunity to do something valuable with your life in history than right now when i was much younger and feeling nihilistic i was talking to my dad about why anything matters and quoted pink floyd we are just another brick in the wall my dad replied if so i want people to look at my brick on the wall and say 'that is a damn good brick right there ' so that is how i live i'll be a great brick because not everyone gets the choice,POSITIVE,POSITIVE,True
the most tangible and i believe the most effective approach ultimately is to engage with the problem at a community level become better informed about local climate change concerns and potential solutions talk with your neighbors about the issues push for local changes to housing public transportation etc it may seem less important than the country wide initiatives but it has more potential for change while also allowing for different areas to experiment and learn from each other in many ways the smaller scale provides benefits that larger scale initiatives don't have at a time where many technologies are still being test driven and the status quo is largely unwilling to change ultimately climate change will require sociopolitical changes on a global scale better to strengthen the bonds of community now,POSITIVE,POSITIVE,True
well he's clearly not someone who responds to evidence and facts which is the basis of proof that humans caused climate change thus there's no point in debating with him because he's not open to having his viewpoint changed by evidence you can try searching for scholarly articles with lots of graphs but again if he won't respond to evidence that's futile,NEUTRAL,NEGATIVE,False
it's more the opposite we have an immediate problem of feeding the world each year vs a future problem of massive climate change in that example renewables would be the small cup of water which you suppose would keep the world going in the short term just like in your example that cup has a lot of growing to do before it can feed the world in the mean time we need to keep on feeding people which is going to cause us to overshoot which is why we need to continue developing carbon capture,NEUTRAL,NEGATIVE,False
i guess different standards for me we aren't even at the starting line for solving climate change until ghg production basically goes to zero after all we don't even have any real viable way to sequester carbon yet on the scale needed if you took one of the first successful carbon sequestration plant in the world and slapped it into the us with the current grid it would actually produce more carbon dioxide it only really works because iceland has an absolute ton of geothermal and still only really does so for people while you are satisfied with going from of energy production being renewable to about in fives years as a huge win reality is we need probably like of our current grid to be renewables if we want to be comfortable for climate change and projections are what ? also sears ge red lobster yes i'm salty about that one like of the gaming industry and pretty much anything black rock touches which is a lot honestly they might have a good case for d though,NEGATIVE,POSITIVE,False
i purposely stayed in a region i knew would be better off climate wise wa in the us as for preparing i am very limited by my income by what i can do and i personally will be affected by the cuts this new budget bill is doing to the social safety net i may end up homeless and not be able to feed my family i already rely on food banks and snap because of this i focus on the knowledge of my indigenous ancestors and herbalists of the plants around me learning what s edible and medicinal because healthcare is on the chopping block i already use this knowledge to care for my family as we often have to go without already due to money issues for example i make a cedar tea that is naturally an anti microbial and antifungal it keeps my autistic kid clean when he has severe issues around bathing normally also english ivy an invasive species locally can be used as a laundry detergent which is a lifesaver because something that most folks dont know is that disability is messy and we do a crap ton of laundry as a result we also barely consume anything new all used clothes except underwear and socks used toys limited travel also i know this is a climate change forum but all the cuts to usaid and to the social safety net criminalization of homelessness abortion bans all point to mass death to the undesirables like myself along with the rise of authoritarian governments all look to be responses from the elite class to climate change this along with ai looks like the elites want less people so they don t have to do a universal basic income when our jobs are taken peter theil jd vance s funder literally does not care about the survival of humanity google the interview where he is asked about humanity surviving btw he s a billionaire in love with tech feudalism i am storing food as much as i can because of prices that s hard i am looking to geurilla gardening and advocating as much as possible for low income and the disabled currently with mutual aid networks these things appear not climate change oriented and they aren t directly but who do you think is most hurt by disasters? and high food costs? or energy costs?,POSITIVE,POSITIVE,True
on a scale of to how sure are you they climate change isn t real? if he says there s no changing his mind and it s wasted energy if he says anything else why not number ?,NEGATIVE,NEGATIVE,True
the only thing unpopular about this is that you posted it here the vast majority of the modern world takes zero actions to actually address climate change the closest we get is a cup and ball game of profiteering in the name of saving the planet to swipe them greenbacks from the few who think they might help won't matter in the end b c greed is ever present in humans eventually we'll kill ourselves off by taking too many of everything on the planet i'm fatalistic about it the more i learned about the scams of recycling carbon credits and the sheer scale and reality of cleaning any of this up i don't have any hope for humanity to do it,NEGATIVE,POSITIVE,False
as much as i am about preventing climate change i actually agree with you my state california is in the process of phasing out gas powered appliances stoves water heaters etc i honestly am against this at the end of the day we need to be able to eat and we need to be able to stay warm on a cold day if you have a gas stove you can still cook if the electricity goes out because you can light it with a match and if you are able to cook you can eat stuff before it goes bad due to the refrigerator having no power and with a gas water heater you can take a hot shower to stay warm if the electricity goes out and you can't turn on the heater and what's nice about the water heaters they're making now is that if the pilot light goes out you no longer have to re light it with a match instead there's an igniter button that you push that will create a spark which lights the pilot and it works without electricity it basically powers itself so yeah until we all can easily live off the grid it's best to have alternate sources of power should one fail,POSITIVE,POSITIVE,True
because was a large outlier in the historical instrumental temperature record and it s easier to get the public media interested in one outlier year than to get them interested in long term trends if you re interested in long term trends then i suggest this video from dave farina which includes an interview at the end with the climate scientist professor andrew dessler matt ridley is lying to you about climate change,POSITIVE,NEGATIVE,False
types of deniers it really depends on what type of climate change denier they are what is their stance on these issues and what media do they consume? keep simple simpler than keep it simple lol to start people can tend to argue with pretty pictures and complicated concepts unless you know the science to some extent its going to be lost on them i usually try to keep it basic yes we have very elaborate models for predicting future climate under various scenarios which are surprisingly accurate although they tend to underestimate how bad things will be we have a very simple causal model see note below that tells us that if we keep increasing carbon dioxide in the atmosphere the temperature will increase if they reject physics then i guess there isnt much to say despite everything in their life being produced using the same science note in the field of modelling a massive field causal models are exceedingly rare we usually have to settle for correlation models things that tend to change relative to some other things but we dont know which one is causing the other or if there is a whole separate influence impacting all of them other than that i ask them questions from a position of curiosity and allow them to contradict themselves if i can trustworthy sources this was understood half a century ago perhaps longer no one in the scientific community is questioning the validity of the greenhouse effect the vast majority of the science and data is publicly available its potentially one of the most difficult issues to create fraudulent results and get away with it there are hundreds of thousands of experts analyzing climate science constantly its the least likely of the global conspiracy theories to be true since there is essentially zero evidence its far more likely to be true that the fossil fuel industry has one of the largest counter intel and propaganda campaigns to sabotage transitioning to clean energy because its well documented this is despite the fact that the fossil fuel industry was among the first to learn of the consequences of ghg emissions sea level rise sea levels haven risen places have flooded but its obviously more complicated than just a water level rising its average rise what we have failed to teach communicate about just the idea of average is what must be attached to that average and what it means every distribution of data has an average that can be computed but to have any kind of meaningful signficance the deviation must also be computed it can be more complicated but the basic distribution that demonstrates these two values average and deviation is the bell curve its a curve that looks like a bell the pattern can easily be observed by trying to hit a bullseye on a dart board after a bunch of throws most of the hits will be near the bullseye and it tapers off the farther from the bullseye hypothetically speaking and not encouraging anyone to be stupid enough to do this if your friend stood with his head near the edge of the dart board where there are very few hits he might trust you enough to not hit him with a dart by accident lets say he was paid to do so might be easy money tell him to move his head a few inches closer and it might be a different story the reason is because it becomes exponentially more likely that he would get hit in the head with a dart and we have a natural sense of this but have difficulty applying it to abstract large scale problems like climate change if a sea wall is built to hold back of rising tides during storms a city might be safe enough from any kind of flooding in the unlikely event that the seas go above the sea walls the occurrence is so rare that they would have enough funds to repair the damages however move that sea rise up several inches and the likelihood of the sea going above the sea walls increases exponentially and this is a problem with discussing average sea level rise without understanding statistical distributions average and deviation,NEUTRAL,NEGATIVE,False
is this a topic worth losing a friend over i have a friend who is a staunch believers in man made climate change i do not so we just don t discuss that particular topic he drives his electric car and i drive my eight cylinder wd pickup i accept is choices and beliefs and he accepts mine,POSITIVE,NEGATIVE,False
my work involves helping communities prep for climate change disasters will it ever be easy to not pollute? yes definitely there have been so many breakthroughs on this front and there s a lot of money in solving this issue will there ever be no climate change related natural disasters? no but it s relative i used to live in a sweet spot of hurricane alley and tornado alley the disasters i grew up with would be insane for the area that i now live in but over there these were normal things we planned for communities all over the nation are prepping for climate change disasters we re tending to our forests better strengthening sea walls and even prepping emergency cooling and fresh air shelters the things we find extreme now will seem much less extreme in the future when we re more prepared to handle them with any luck i have around years left so i ll be with you for a lot of those years i promise you there are people working on this we re going to make it and more than that we re going to build a future that is so much better than our present,POSITIVE,POSITIVE,True
as much as it sucks for them they will get hit first and the hardest by climate change,NEGATIVE,POSITIVE,False
thank you for sharing your perspective i think everyone has their own moment of realization on this and different info matters to different people it s always good to hear what works i ll answer your questions simply i do not think that the impact of climate change will be in issues directly and simply attributable to climate change but rather it will steadily and is already create a global crisis this crisis will take the form global crises always take war natural disasters famine migration instability governments may respond by focusing on the problem of the day could be a local war crop failure or flooding or governments may try to also address underlying causes the best solutions will address both for example by subsidizing community solar we build a society that is more resilient to disasters of any kind while also reducing emissions,POSITIVE,NEGATIVE,False
given the threat of climate change what are your personal thoughts on the likelihood that our species will survive the st century?,POSITIVE,NEGATIVE,False
but the poll only wanted to establish the first part do you believe that climate change is occurring? correct but when answering my guess is that a lot of respondents were influenced by the other five factors for example if they do believe the climate changes but that humans have no impact they might respond in the negative of if they agree that humans cause it but don't see it as a negative they still might respond in the negative it is hard for a pollster to tease out these nuances,NEUTRAL,NEGATIVE,False
naturally warming and cooling of our planet generally takes place over the course of thousands of years the man made warming we're experiencing is taking place at a rate much faster than that this is a good read on the impacts of climate change and why it is such an important issue to tackle,POSITIVE,NEGATIVE,False
you're gonna be fine i've been listening to this garbage for years first it was global cooling then global warming and finally the all encompassing climate change peak oil this tipping point that all of the predictions and doom dates have come and gone many times and things still aren't much different than when i was kid you're gonna be fine,NEGATIVE,NEGATIVE,True
i predict i will die of old age before anything of substance happens to fix it and we will still be predicting calamity to happen as soon as years from whenever a climate change expert makes the statement,POSITIVE,NEGATIVE,False
iran already has a nuclear power plant and chernobyl was a very outdated design that no one is building the diffrence in scale of danger between nuclear and climate change is not even comparable if the united states and the rest of europe had just followed frances nuclear plan we would be in a much better place right now the fear mongering over nuclear has showed me how easily people can be manipulated and the really bad part is that i really do believe we are contributing to climate change and will not be able to stay within any co limits that would have helped so now we are going to be stuck with trying to mitigate the worse of the consequences,NEGATIVE,NEGATIVE,True
whatever your career convince as many people as possible to not have kids or to at least have fewer kids this current generation of people will be smarter for not having to raise as many kids and the world needs smarter people more than it needs more people and climate emissions will be drastically reduced if we can lower the reproduction rate globally thereby cutting both pollution and climate emissions climate change is ultimately a human overpopulation problem as much as it is a technological and ecological one,POSITIVE,POSITIVE,True
enjoy your life by not traveling enjoy your life by not consuming too much measure your clogged home by how liberating it is to use things daily and shed those that you rarely use embrace relationships and make impacts in your community forget climate change it's too existential for us to do anything meaningful,POSITIVE,POSITIVE,True
okay you probably aren't really genuine as these are such basic and politicized questions the people pushing the climate change agenda what does that even mean? scientists are not being hypocritical one just got fired because he refused to fly home from a research site he wanted to come back in a more carbon neutral way but that would take more time are there hypocrites? absolutely how does that change the science? no there is absolutely no censorship of evidence opinions etc if you believe there is provide an example there is no plausible evidence backed case against agw acc yes the earth's climate does change for natural reasons there is no evidence for natural change human influences explain all we're seeing right now what do you think they're missing? there's not been any widely accepted predictions that should have come true by now the projection was one model and even it wasn't saying for sure few climate scientists thought it's projection was likely the ipcc continues to project a seasonally ice free arctic ocean around mid century science is less likely to be lying to you than the oil and gas companies plus the libertarian think tanks who put out disinformation about climate change looks like you've been lied to,NEUTRAL,POSITIVE,False
my own opinion is that we lack the will as a species to do anything about climate change because it's nearly impossible for most people to think about causality on a global scale we've blown past the levels of carbon emissions that would allow us to prevent the worst effects and we show no real intent to reign things in instead favoring instant gratification in my mind the real threat of climate change is not the weather but it is the destabilization that this will bring to societies around the world dry areas are going to get drier wet areas are going to be hit with storms all areas are going to be impacted and it will heavily impact food production and social stability drinking water may become scarcer for some areas in an extreme case you may see worse humanitarian crises such as drought famine civil unrest and wars over resources i expect that refugee and migration emergencies will only become more pronounced and that that will have an ever stronger impact on national and international politics by the time that we will be ready to accept stricter measures on the climate it will be too late to do much about it other than to attempt mitigation there's no putting this genie back in the bottle small changes like using renewable energy or recycling are steps in the right direction but nowhere near enough to offset the damage we've already done even the paris agreement's goals of or degrees c temperature change are too little too late and we're not even on track to reach those goals we would need to cut carbon emissions by up to of the levels to reach the degree goal for perspective we emitted an estimated x metric tons mt kg or lbs of co in we'd have to reduce it to x mt to meet those conservative goals given that based on the global average co emission per person per year of mt only amounts of x mt it's clear that no matter what households do we're not going to reach those goals as it would require of all of us to reach a true zero carbon emission lifestyle that's without even talking about how st world countries really skew that average the average american emits mt of co and studies show that even if all best carbon choices are made there is a floor of mt which no further energy choices reduced the us is no longer a paris agreement signatory a further bit of perspective the average us coal fired power plant releases mt of co in a year gigatonnes is approximately coal fired power plants or billion passenger cars vehicles to reduce the carbon emissions by to reach the degree c goal we would have to reduce emissions by x mt alternately it takes acres of forest to sequester the carbon from a single coal fired power plant that means to reduce the carbon to the degree goal we would need to ensure that coal fired plants are taken offline or that million acres of forest exist of all available landmass including deserts excludes water surfaces only percent of land is covered with forests currently and we have a tendency to reduce rather than increase that amount further carbon emissions grew in to gigatonnes so we're headed further in the wrong direction,NEGATIVE,NEGATIVE,True
i am but that's a bit beside the point anyway human civilization relies on agriculture which requires a stable climate that's why climate change is a civilization ending disaster in waiting if that network of technology enabled farming crashes we're nine missed meals from anarchy and people have nuclear weapons,NEUTRAL,NEGATIVE,False
don t waste your time climate change isn t a belief other s should be converted to it s a fact and it s science and it s here if someone isn t convinced it means someone isn t educated to the facts or not able intellectually to understand them no need to try to convince them it s not about them it s happening,NEGATIVE,POSITIVE,False
i read my first book on climate change when i was and became an environmentalist but i thought we had more time until maybe years ago then it dawned on me that we didn t i am now at a place where i honestly think we are going to see some form of societal collapse due to climate change in our lifetimes certainly in my kids the science news is bad really really fucking bad but no one gives it the urgency it deserves reading the ipcc report was scary i would bet money my kids and will choose not to have their own kids i won t influence that decision but i seen it happening more and more and frankly thats what i would choose if i was in that position again makes me so fucking depressed,NEGATIVE,NEGATIVE,True
how does this answer the question at all? feels like a cheap politician's talking points flashcard are you just repeating off someone else or have you read it? the paris agreement is a political mechanism and will obviously have shortfalls although what you claim is debatable at best what does that have to do with reality of the threat of climate change and why people should care?,NEGATIVE,POSITIVE,False
this is a great post most people know climate change is real but lack the will to do much of anything about it it's a small minority that would accept one iota less economic growth to do something about it this makes it very tempting for many to just fall into and stay in denial about it that's the easiest thing to do especially for older folks who just think they won't live long enough to see it even if it's true the majority who thinks it might be real are also finding it a bit too easy to just think we'll deal with that later where later really means never tl dr we are in the movie don't look up,POSITIVE,POSITIVE,True
how come the earth s temperature has warmed and cooled countless times over the last few s thousands and millions of years the folks gaining money and power from first global cooling then global warming now climate change want you to support their lust for power and they re even willing to greatly handicap our economy to do so since the price to the united states standard of living and economic security is so high to be green enough the proponents of this must have incontrovertible proof that anyone and everyone should see as obvious that this climate change is different than all the previous ones i e this one is only man made,POSITIVE,POSITIVE,True
over the last few years i really began to find a passion for sustainability and concern for environmental stability i recently read nasas article on climate change though and it was eye opening not sure what exactly about it clicked but something fell into perspective for me that makes me how real and immediate this issue really is not a within the next years issue but a happening right now sort of thing,POSITIVE,POSITIVE,True
an interesting article and i think that i agree generally with their more hopeful tone however i do find some key issues with how they have interpreted the data handed to them most of the things they list as being far more dangerous to the species than global warming are also far less likely to happen if someone told you a large comet was coming towards the earth or that we were in the midst of ww you'd be understandably much more concerned of those outcomes than now when they have a relatively small probability to happen global warming and climate change is a clear and present danger they paint economic growth as a purely good thing and say that less people are in poverty now than years ago but fail to take into account who has actually seen the most gains from economic growth wealthy elite who generally have a track record of poor work environments and paying far less than they should the growth isn't good it's exploitative at least in america things have somewhat improved since for most people but not nearly as much as for the wealthy and we still struggle with exploitation homelessness and living paycheck to pay check in what could be a post scarcity world most people developing these conditions because of warming and climate change are doing so out of a sense of helplessness you can bring your footprint down sure but you have very little individual effect in reversing course on this danger most of the power to enact change is seated in the halls of government and the hands of corporations that caused this issue it doesn't help that america has an entire political party that has been paid off to prevent regulation from being enacted and china will seemingly do whatever it takes to position themselves as the dominant country and a rather small nitpick about how they've used climate change several times when they should have said global warming they are related but different things overall i think it's important that we do look on the optimistic side where possible but we must never forget whose fault it is we are here and how they would really rather preserve their profits than human life,NEUTRAL,POSITIVE,False
the climate has periodically changed due to all kinds of circumstances and i think everyone is blowing the man made changes in the climate way out of proportion that's not to say we shouldn't take care of the environment but as an example stopping the use of certain energy sources before having a sufficient replacement for it is just dumb bottom line is climate change is over exaggerated but taking care of our environment is still a no brainer,NEGATIVE,POSITIVE,False
you will notice higher temperatures there will be more droughts more severe weather like extreme hurricanes and tropical storms there are changing rain snow patterns and glaciers are melting you will see warmer oceans rising sea levels unfortunately what is even worse than a denier is the fact that at this point climate change is irreversible beyond our control diseases such as malaria dengue cholera respiratory illnesses and malnutrition will start to run rampant the climate is changing faster than we expected the demise of the human species is being discussed more and more i don t know what state you live in but where i live the seasons are drastically changing between f f is too hot for the human body to survive and will stop functioning properly the hottest temperature on record so far in is f and this is just the beginning wait until late july august climate change is currently causing some deaths each year through sickness and weather disasters and the annual death toll is expected to rise to half a million by heat kills more people in an average year than any other type of extreme weather edit there are tons of online and youtube resources if you re genuinely curious i recommend checking some out on youtube for me personally i find it fascinating and i have obtained a wealth of knowledge on the climate change topic i have also watched videos of the five mass earth extinctions and i wouldn t be surprised if climate change eventually leads to number edit again check out r climatechange,NEGATIVE,NEGATIVE,True
if i think about it then yes it's worrying however i can't honestly say i think about it that much i think humans are fundamentally designed not to worry about major things that feel out of their control that much for example in less than a century every single person on this thread will be dead that's something that can be said with a pretty high level of certainty however i imagine most people don't spend a lot of time worrying about that climate change is too big for most people to worry about which i think is part of the reason we got here in the first place,NEUTRAL,NEGATIVE,False
hey another person here who's been struggling with anxiety and climate change just wanted to thank you for posting this reading it felt like a big weight off of my shoulders stay optimistic everyone!,POSITIVE,POSITIVE,True
i remember as a child having ice skating parties on our friends' ponds sledding etc all throughout the winter kids these days in our area get maybe days of sledding and the ponds rarely if ever ice over enough to hold the weight of skaters how people who have lived where i do and experienced this and still don't believe in climate change is beyond me,POSITIVE,NEGATIVE,False
we are no where near the first generation to feel climate change in fact sudden climate change basically almost killed everyone in the 's it was pretty radical people have been dealing with climate change since there were people and no optimism without action is still just optimism same with pessimism the issue right now isn't really fear vs urgency per se a lot of people bought into the whole climate change urgent action thing a lot of countries took urgent action and often damaged their economy badly as a result and the people are looking around saying nothing changed at all and we took the hit for nothing now they're skeptical and it seems like the gov'ts both left and right aren't really worried about it and wouldn't they be the first to freak out if the situation was dire? the threat doesn't feel very existential anymore it feels like we should be worrying about adapting and reduce carbon over time but that there's just no point in panicking about it right this second,NEGATIVE,NEGATIVE,True
it's a divisive topic you're far from the first or only person to consider it as possibility and certainly won't be the last you'll get plenty of support here and perhaps a bit of pushback timeframe also matters you'll have a lot easier time proving we'll be extinct eventually since every species disappears at some point it's much harder to prove it will happen in a specific timeframe and it gets harder the closer you want to bring the end date for humanity as for the quote itself it's not even remotely the same thing climate change denial is going against a scientific consensus spanning over more than years we even call it denial instead of disagreement because there is a mountain of evidence proving man made climate change is real and anything contrary is shady and flat out wrong extinction denial would only be an appropriate term if someone wanted to argue that humans will never disappear which would of course be totally wrong but not being convinced that the evidence points to human extinction within the next or so years isn't denial it's a normal disagreement,NEGATIVE,NEGATIVE,True
there is a lot of denial of reality in this culture it's snowing! climate change can't be real uh huh riight,NEGATIVE,NEGATIVE,True
do you believe all these sensational articles trying to pin every problem on climate change?,POSITIVE,NEGATIVE,False
start with the feds the epa climate change projections the fema risk maps and the usgs climate adaptation research page are all handy the fema tool is great because you can select a range of risks fire drought flood hurricane etc and it also includes info on community resilience,POSITIVE,NEGATIVE,False
climate changes all the time whatever progress we make can be undone in week by a volcano,POSITIVE,NEUTRAL,False
native american communities on the olympic peninsula in washington state are having trouble finding salmon because the mountain melt off is warmer than usual and so the fish aren t seeking that water to swim back upstream not cataclysm events but very real effects of climate change in action,POSITIVE,NEGATIVE,False
how much of it is real vs taken out of context? how big is the disconnect between science and politics? i'm not doubting the work you are doing but rather the people who present it to the public are the politicians who talk about climate change accurate? is it all doom gloom and climate catastrophe or has the truth been stretched and taken on a mind of its own? this subject is so polarized that its hard to find untainted answers to these kinds of questions,NEGATIVE,NEGATIVE,True
yes there's lots of good news and i'll come to some of that later but to answer your second question fully first what can individuals do? some of the things you do as an indvidual matter most do not matter much at all but let's look at some of the things that do matter a lot how you vote when you are old enough to is the single most important decision you make when it comes to climate exactly what choice you make depends on which country and region you live in and what your electoral system is in most places there are one or two parties that a have a significant influence on policy and b have good climate policies nationally in the usa that's the democrats in ireland that's the green party with two or three other parties being somewhat good and all the others being pretty poor the next most important thing you can do is to keep yourself healthy and prepared for the decades ahead we need all the people who care to be at full readiness for what's ahead we're going to see some huge changes in weather locally and globally if you're able and willing to move home when you need to you'll be able to keep going keep earning a living and keep helping the climate and the third most important thing you can do is to have this conversation with friends and family so they know that it's important to you and so that they know what they can do and that voting is the most important thing and in much of the world it's the thing that will make the difference between success and failure ok now three good climate news stories and links to some more a in a small number of years battery electric cars evs have gone from being really niche to being about in of new car sales globally that's an amazingly fast acceleration of a new technology in norway more than of new cars are plug in electric! b pv solar panels in much of the world are now the cheapest form of electricity that the world has ever seen in some places it's now cheaper to build a new solar farm than to buy and burn coal in an existing coal power station c and today is a very special day for coal britain started the industrial revolution powered by cheap and plentiful coal for the last or centuries britain's economy was powered in part by coal and today is the day that it finally and permanently closes its last coal fired power station coal is dead in britain the birthplace of the coal powered economy! here's more good news and the really good news is that the global climate movement is so big and so fast growing that whatever you decide to do as a career you'll be able to help out lawyer banker architect medic engineer artist writer geographer satellite designer anthropologist chemist philosopher i know people in all of those jobs and more who are working on tackling climate change,NEUTRAL,POSITIVE,False
hey! life lesson! don't go through your life worrying about things outside your control you're just spinning your wheels it makes a lot of noise but doesn't get you anywhere be concerned about climate change is a good thing and you can take actions in your own life to do your bit such as reducing electricity etc etc but worrying about it is just shooting yourself in the foot instead try to focus your mind on the positives the things you can do in your life your so young and have a long life ahead of you so stay positive as to what will happen with climate change? it's hard to say but the world is working to combat it this is something every civilisation in the universe has to go through the transition from fossil fuels on renewables it's definitely solveable but we're going to have to go through some rough patches to get to the other side just focus on your world stay informed and stay positive it's too soon to say what the final outcome will be but i good will overcome the doubters who want to put their head in the sand and pretend it's not happening we will not burn up! that's not going to happen,POSITIVE,POSITIVE,True
if you're looking for big problems to solve i recommend checking out the un's sustainable development goals here's a youtube primer goal is take urgent action to combat climate change and its impacts they have a lot of good information,POSITIVE,POSITIVE,True
i became collapse aware in early december for a long time i believed in to degrees of warming but when those articles about earth's albedo and cloud coverage came out from then on i get depressive episodes relating to climate change,NEGATIVE,NEGATIVE,True
your claim your burden of proof you learn this in school by the time you were years old you claimed upthread poor nations are doing a lot about climate change right now you mean expenationaly sic increasing emmissions sic ? prove that poor nations have expenationaly sic increasing emmissions sic,NEGATIVE,NEGATIVE,True
climate change is happening now the thing we are trying to do now is reduce the amount of warming that will occur,POSITIVE,NEUTRAL,False
yes we'll stabilize co levels hopefully by a lot of damage will already be done or be locked in and unpreventable we'll be able to slowly reverse co levels but that will take way longer but once we adapt to the new climate even if it means a large amount of people need to relocate it's not really climate change anymore it's the new normal weather patterns winning is stopping further change but even the winners need to deal with the aftermath of a costly war,POSITIVE,NEGATIVE,False
i think a portion of the world will be utterly utterly screwed by this unfortunately most of this will be the global south e g the poor so the powerful nations will not care at some stage you'll see climate change related wars and terrorism the anti immigration rhetoric in europe is preparing people for when the borders may need to be closed with literal walls going up to stop the flood of displaced people this is a dark prediction and i hope it doesn't happen but i can't really see any other way especially with the current fracturing of the world order any global climate change deals are dead in the water now,NEGATIVE,NEGATIVE,True
not one proposed solution by governments would actually stop climate change i think newpolitics' question stands up what can politicians do in the status quo? they can do nothing right now,NEGATIVE,NEGATIVE,True
right so the issue with climate change is irratic and unpredictable extreme weather sea level rise isn't really the major issue it's more like growing crops bush fires droughts floods etc if you think sea level rise is the major concern you are misinformed,NEGATIVE,POSITIVE,False
no nothing meaningful is being done see actual observational data on ghg levels in the atmosphere no world leaders are not taking meaningful action see paris kyoto etc leaders probably don t understand or are planning to relocate with their wealth to somewhere more survivable i wouldn t be surprised if they have accepted the reality however realise that trying to get elected on a platform on degrowth massive energy cuts won t get them elected despite the other comments re renewable energy we can see from the data that renewables on a global scale do not displace fossil fuels they are simply additional energy sources sucking up more of the earths rare minerals yes we probably will cause a massive ecosystem collapse through rapid climate shifting see latest publications on estimating a chance of remaining below degrees at which point feedback loops such as permafrost melt and shrinking ice mass will start to feed themselves uncontrollably and exponentially ice melts which reduces solar input being reflected in to space earth warming increases ice melt accelerates warming increases and so on and so on the only hope we have i think is if significant climate change driven disasters hit the great economic powers in quick succession but by the time this happens i fear it will be too late as to realistic forecasting have a look at any recent climate model which shows worst case scenario forecasts you ll see the observational data matches up quite nicely so far these models predict we ll be at degree sometime before,NEGATIVE,POSITIVE,False
but i think this is perhaps one of the big reasons behind why there's a lot of skepticism over climate change i think it may be important to draw a distinction between being skeptical and being in denial for the purposes of this argument lets assume that skepticism is a reasoned challenge to a given idea or fact based on knowledge of the subject at hand denial would be the refutation of information or an idea based on ignorance certainly there is some skepticism regarding climate change but the vast majority of the conversation is flat out denial exactly as you've done here i think the larger cause for this denial is the fact that it's complicated and fixing the issue will require sacrifices and communal action which we folks in the us aren't really great at we are perfectly capable of accepting expert opinion or at least simple summaries of expert opinion on complicated subjects so long as nothing will be required of us i terms of sacrifice or action but when it looks like we may need to give up creature comforts or old habits in order to curtail negative consequences everyone is suddenly up i arms about how they are skeptical of subjects they have not bothered to inform themselves about i can't summarize the main findings for you you have to do a lot of reading the onus is on you my response is more along the lines of if you can't be bothered to educate yourself on the subject you should refrain from speaking on the subject i think if you want people to better understand climate change and why it is so serious it has to be relayed in a way that is easy to understand i think that there are dozens of hundreds of explanations freely available and the bar you are setting to convince you and other deniers what climate scientist already know as fact is horse shit,NEUTRAL,POSITIVE,False
very much wrong if climate change keeps pace most of the middle east will not be liveable in years time we will have a huge influx for refugees from these uninhabited places of the planet technology will not fix everything,NEGATIVE,NEGATIVE,True
that the information about climate change is accessible and goes into peoples minds i think that will produce a big shift the fingerpointing does not help and also theres just a small amount of people who have the luxury effort time money will to deal with this problem doesnt help that it is something that doesnt pay off instantly so in summary the information being accessible and everyone acting on his her own accord makes me optimistic yet we are late and the reprecussions will happen also your post has to be allowed because it is important to keep the topic active without disturbing people all in a decent manner even tho one should actually freak out,NEUTRAL,POSITIVE,False
one of the most effective actions you can take against climate change is to vote for government policies that aim to reduce it this has the potential to impact the other endeavors in a positive way,POSITIVE,NEGATIVE,False
we have to think about how we can adapt to climate change because there is no way we can stop it just slow it down,NEUTRAL,NEGATIVE,False
climate change is the great filter there's a pair of videos that i think you might like i dunno if you've heard of joe scott or isaac arthur but if you haven't i bet you'd really like both of them isaac especially if you like futurism and stuff so the actual job i work in now is agriculture! finally i can speak with some certainty about stuff! so soil quality is extremely important but it's also something that you can control in timespans measured in months and years and you certainly wouldn't move soil across continents building up your soil health is one of the most important things you can do as a farmer and you have to have a solution catered to your personal microclimate like the farmer just a couple doors down will need a different solution than you do for example if he has highly graded soil then he needed to worry about erosion but if you have flat land then you can do more vertical tillage but you don't want to do that during a drought etc etc etc it's completely impossible to explain succinctly but soil health isn't a problem i would worry about it's a problem we solve on an ongoing basis it can carry an economic cost to the farmer like you may have to grow a less valuable crop to improve the biodiversity or you might need to add nutrients or specific carbon to your field but not a food sustainability issue indoor farming may be the solution eventually but right now it's kind of viewed as hipster i suppose in the farming community there's a term called farmers of consequence which essentially means the people who produce most of the food greenhouses while they can get great yields per unit area are not remotely close to the same yields per kwh or yields per that you get with a sunlit field it's free solar energy! plus it's way way way way way easier to improve soil health across canada than it is to pave canada over with greenhouses vertical farming adds another layer of complexity in that you now also need to build a skyscraper which are insanely expensive and you can't just film over your rigging and see the sun because there's a bunch of floors of stuff between you and the sun it may be practical someday but feeding the world isn't a supply issue it's a logistical issue the world produces a lot more food than it needs to the struggle is to get that food to the people who need it of food is wasted uneaten if we just stopped wasting it we could feed more people without changing out diet with minor changes to our diets like eating less beef and pork and to a lesser extent other meats we could already produce food for billion people don't worry about feeding the planet's humans food is not our great filter maybe climate change but not food output,POSITIVE,POSITIVE,True
yes but also there's a difference between going insane and going insane while using the emotions around climate change as a motivator to try to bring about change is great and can be cathartic in a way i think op's overwhelm anyone's for that matter in response also requires finding ways to self regulate and be at peace on a day to day basis that doesn't mean compartmentalising the climate crisis in an unhealthy way just remembering to be kind to yourself it's very difficult to find the energy to try and make a difference and to effectively go about doing so if you're experiencing a lot of anxiety so it's a win win to make sure you keep out of fight or flight as much as possible to have the strength to do what you can,NEUTRAL,POSITIVE,False
climate change is a constant process even if all humans disappeared today instantly our own climate change effects will go on affecting earths climate for centuries before leveling out to nature alone so it's definitely not gone by climate change will still continue just due to natural forces even after that as it always has for millions of years and really all of earths history during the paleocene eocene thermal maximum million years ago earth was an average celsius warmer than today antarctica wasn't covered in glaciers it was covered in lush forests and had palm trees on its coast with temperatures closer to coastal california climate change will continue past it will continue past and it will never end in either direction warming or cooling what matters right now is that earth is warming faster than ever before in history due to human caused climate change due to greenhouse gas pollution in the atmosphere,POSITIVE,NEGATIVE,False
finally a climate change post i agree with one which uses common sense so thank you! us crippling our infrastructure to be able to be renewables is so out of the realm of reality they have said reducing co has helped supposedly but it s a good cheap fuel source that is readily available i do not see any large country getting rid of fossil fuels me being in the industry for years and now to the point i enforce rules regulations put in place from the likes of epa ferc and the standard and best practices put in place from the gas companies themselves it has significantly improved from what it was,POSITIVE,POSITIVE,True
the stern review was a good read thanks! broken window fallacy doesn't apply here sure current solar and wind power have greater maintenance costs now but those costs decline as technology advances your point also ignores nuclear technology and the near future of nuclear technology the economics is not clear on this at all economics is never clear yes it's probable that energy costs would increase in the short term but how much does it save in the long term? how does it affect other semi related realms like space travel? we can't get to mars and sustain life without better renewable energy how do you measure the economic impact of a mars shot ? you've not presented anything that means these actions should be stopped they definitely have less of an incentive without climate change but nothing makes it into the con column,NEGATIVE,POSITIVE,False
one of the easiest thing to show is the change in growing season the growing season has gotten longer over the years due to climate change which is easy to look up one may think that longer growing seasons is good but it also means that the environment which plants have adapted to for thousands of years have changed and the environment which farmers have adapted to have also changed a crop adapted to be harvested on a certain day has adapted to an environment where it gets a certain amount of sun light rain temperature which is now all out of whack your family may not believe in climate change but climate change doesn't give a shit about what your family believes,POSITIVE,POSITIVE,True
it's also worth noting that even if we ceased emitting ghgs climate change would continue until a new equilibrium is reached i just through that out there because i can imagine a scenario where we stopped emitting and people were like why is the climate going crazy and then scientists would have to try to explain overshoot and how this lines up with what we were saying all along honestly though that scenario isn't very likely because the western world seems determined to continue our dependence on fossil fuels and it looks like we may be on track fir c if western right wing movements have thier way,NEUTRAL,NEGATIVE,False
to some extent however any action taken against climate change is meaningless if our entire civilization and economy is still running on fossil fuels an electric car doesn't have much impact if it's electricity is coming from fossil fuels the only effective measure against climate chamge is a restructuring of our entire power grid infrastructure and economy that's why the human race has been dragging it's feet about it for decades it takes a lot more than recycling and carpooling to have an effect on climate change,NEUTRAL,POSITIVE,False
i think humans are bad at changing their habits for non immediate threats especially when it implies losing some immediate gratification i see it like smoking fags you know it very well might give you cancer down the line but down the line is far away the next cigarette is already in your pocket people understand that climate change is happening but the effect to their life are not well defined and a good steak cheap plane ticket and nice cars are too good to pass,NEGATIVE,POSITIVE,False
but i saw a post in my knitting group on facebook that it's all made up by the eskimos to sell ice! s honestly i don't know if humans have it in them to pull off a miracle once i would've been confident that we could correct course but it's becomming harder to do so and more obvious that we'll less inclined to do it locally government wants to build an off shore wind farm but a bunch of people are suddenly complaining that it'll ruin their beach view they don't realize that their beach houses will be swallowed by the ocean if climate change gets any worse it's like believing in aliens i want to believe we can do it but it's hard,NEUTRAL,POSITIVE,False
edit down voted in less than a minute? ya i bet that was read use your comments not your ability to censor so you're essentially saying that everything boils down to it's too much money it's not worth it this is a weird way to interpret this literally speaking if you can't afford something you can't do it it's like physics you can't occupy the same spot with objects to presume it's not worth it means we then must just have everyone go bankrupt because theories? what other theories are out there that we could go bankrupt over? there are more ways to destroy civilization than just climate change so if we want to incorporate asteroids and what not the cost will be greater after all you think it's not worth creating some atmospheric net to stop asteroids considering we think they already caused a mass extinction? even if it costs a lot of money i'd imagine that much of that goes into r d and jobs i'd argue that spending money on science and creating unnecessary jobs stimulates the economy more than it hurts it government jobs don't add to the economy if i am paid via tax money that was money taken away from people and given to me any tax that i pay is merely from tax money not new money thus not creating new jobs and this is normally misunderstood anyways as green energy jobs whole point of existence is to rid of dirty energy jobs and the ratio of replacement is not so the concept of a new job only works in terms of language in that it wasn't there before it's goal is to replace jobs though it's counter intuitive to put a band aid on the issue instead of removing the source even if it's cheaper to do so initially eventually the cost of continuing to filter will outweigh the costs of transitioning and since you keep pushing costs it's recking economies implementing carbon tax concepts so while people say think about the children what about those living today? it doesn't mean pollute but is government the only way to progress a society? scientifically speaking what progression has government done that makes you think they've a solid track record given there abilities in destroying the planet in ww etc i'll start any time a war machine or anything involving a war advancement they are amazing at rockets radar internet communications,NEGATIVE,NEGATIVE,True
very much real i seriously hope a ton of climate change deniers just shut the hell up after this virus blows over we ve already seen a huge reduction in pollution and the ozone layer is healing itself now if that s not enough to convince those idiots that it s very much real and human made then nothing will,POSITIVE,NEGATIVE,False
you know this whole change my mind thing is a joke the information is out there finite planet size with a still growing population try putting lbs of s t in a five pound bag what happens? climate change is the same there has never been a population increase and subsequent technology increase as has happened in the past century to be honest if you can't see that with more people comes more waste and pollution then you will never get it it's a direct correlation to population growth with destroying ecosystems to house people and contain technology that produces metric tons of garbage including co and other toxic emissions but i'll make it simple for you imagine the world is your bed with a sheet over it get under that sheet and just breathe you will notice a temp increase after a few minutes now add five people under those sheets watch how hot it gets as people move around breathe fart whatever add your dog expended energy equals heat the more people the more heat then add things like your phone maybe a tv then throw a plastic sheet over the top to mimic the atmosphere being covered by gases that don't allow the thermal energy to escape from the surface you get a hot mess guess what it's not cyclic it's manmade the planet is out of balance with regard to populations and ecosystems and as we grow in size like a cancer the planet will continue to heat up oh and because it's nature science can't always predict what a living breathing organism like the planet is going to do or become i'm not sure any article spreadsheet or scientist with decades of experience and training will change the minds of people living in a post truth society where a click even if they are lies give you a dopamine rush change my mind,NEGATIVE,POSITIVE,False
in addition if they accept climate change not only would they have to change how they live today but they would also have to accept that all their choices in life so far have been wrong this is not something most people are prepared to do because for them their feelings are more important than their curiosity love for the truth,NEUTRAL,NEGATIVE,False
well we do have a machine for processing huge quantities of carbon and sequestering it the ocean and it's been the only reason why we haven't already begun full runaway climate change the ocean is a gargantuan bioreactor what we need the courage to do is focus a significant fraction of our societies output to jazzing up the oceans carbon metabolism geo engineering we need to accept that we will harm some ocean species while doing this even sending some extinct but it's a drop in the ocean compared to the alternative we can not wait for governments or billionaires to save us they have long ago proven they don't care and during the fall of the ecosystem they will simply wall themselves off and live in relative luxury on all they have squandered from the work of the people,POSITIVE,NEGATIVE,False
here's the fun part climate change is very likely to lead to some of those other things you mentioned like war and epidemics you're just short sighted,POSITIVE,POSITIVE,True
the climate changes and humans have some effect on environment however we are not that impressive when it comes to the earth itself we are fleas on the back of the dog asking other fleas to vote for them because they can tell the dog what to do the climate change movement is too perfectly setup for politics you can't prove it is or is not true and the results will not happen to any of us good or bad lastly the predictions have all been bs so far please the inconvenient truth and it's predictions we need to keep our planet clean we need to protect the environment and keep our air clean at most but climate change is a scientific truth is a load of bs and just a perfect way to guarantee votes and to suck money out of people and the worst part is there is nothing we can do to fix it if it is true we are not that special cap the volcanoes and block out the sun monster and we can talk when i was a kid it was the next ice age was coming anndd fix that how? here's how do nothing i get that all of you hate rush limbaugh but he just took al gores claims and setup a doomsday countdown claim clock and it hit the death mark in and nothing as usual it was an easy bet on his part anyone calling for of our attention to anything especially an unprovable impossible mission like climate change has either drank too much cool aid or just wants your money to win power or both let the down votes began but you all believed al gore and the results speak for themselves here is a great list of all fake climate predictions in just the last years focus on keeping the planet clean renewable technology should get better and some focus keep the environment for the bear and the salmon and let's keep focused on other endless political footballs end climate change bs now edit spelling,NEUTRAL,POSITIVE,False
you are absolutely right so insufficient that i have received multiple awards for science communication in the climate sciences and sit on multiple editorial boards for leading scientific publications all of which publish climate related research i obviously do not understand climate change,NEGATIVE,NEGATIVE,True
biggest difference there would be that by the late s you had countries that were already outlawing slavery by the british were actively engaged in intercepting slave ships and freeing the captives the northern states had abolished it by i m just not seeing similar progress being made by the current climate change movement and think it s time to change tactics,NEUTRAL,NEGATIVE,False
start a climate change sub in your state perhaps even a separate climate change sub in a major metropolitan area in a state as noted in the above thread my experience is that many state and local subs delete any reference to climate change science facts even when it impacts the state or local area mods don't want links posted to climate change website such as yale climate connections would climate change subs in florida and texas make a difference in political outcomes in those states if residents much better understood current and future climate change impacts?,POSITIVE,NEUTRAL,False
something people don't talk about with climate change is fires it's already happening we have massively altered our forests and now the fires are getting much more frequent and more intense forest fires have been getting bigger and bigger and hotter and hotter since the early s,POSITIVE,NEGATIVE,False
your viewpoint on climate change highlights a balance of optimism and realism while a degree increase in global temperatures might seem manageable it's important to recognize the severe impacts it can have on ecosystems and communities leading to extreme weather and displacement building walls and relocating people may provide temporary relief but it s a complex and costly solution innovations like carbon sequestration and geoengineering offer potential but come with risks that need careful consideration to make a real impact it s vital to support organizations like eoroe which focus on empowering communities and promoting sustainable practices engaging with such initiatives allows individuals to contribute actively to climate action and work towards a more resilient future for our planet,POSITIVE,POSITIVE,True
in order for there to be effective action on climate change there has to be a government in place that understands the gravity of the situation i think most americans are focused now on just living through the next four years the climate change legislation likely to be passed will only move the needle the wrong way,NEUTRAL,NEGATIVE,False
because climate change is natural,POSITIVE,POSITIVE,True
climate change global warming resource depletion increasing gatbage and waste production call it what you please bit the reality is staring allow us in the face and has been for at least years if one is unable to see and understand that year after year we are simply producing way too much to hide in some hole or distant tract of unused land or a limitless ocean dumping ground then one is either incredibly foolish or willfully ignoring what's happening around you there is no solution to this problem to be found in green energies or alternative fuel sources since energy is only part of the issue it is what the energy gets used for that is the problem the continous nonstop creation of cars trucks houses roads bridges concrete co puters phones electronics skyscrapers sheds fences billions of gallons of paint chemicals tires plastic whether packaging or product all end up in the landfill eventually etc growth capitalism growth economics and consumption based lifestyles is has destroyed the world's natural resources and it has never demonstrated any historical precedent of stopping let alone reversing it's a tough truth to swallow but the th and th century lie that capitalism is good for the world is a failed experiment that will stumble to it's natural end in a world filled with garbage and products sitting side by side with no visible difference the talk of green energies is a distraction allowing the foolishness and selfishness of western capitalism to continue unchecked with the vague promise of somehow fixing a slight error of fuel choice think the age of wood was replaced by the age of coal which was replaced by the age of oil which is to be replaced by the age of nuclear? green fuels? alternative energies? we use more wood today than ever so the age of wood is still with us we use more coal today than ever in the history of the world so the idea that the age of coal passed with victorian england is wrong and we use more oil today exponentially than even at the peak of oil consumption of two world wars even while imagining a world of green energy whatever new fuels used for energy sources are devised they will not replace established fuels they will only be added to them and used to continue to produce a society built on growth and consumption it's a tough truth to face especially in the west read usa where the entire premise of society is built on the pursuit of limitless growth good luck changing this direction,NEGATIVE,NEGATIVE,True
they might have mean that the world is gone by because of the climate change,NEUTRAL,NEGATIVE,False
so we're now in the is there any way to counteract the fact that humans are causing global climate change discussion the idea of releasing something into the atmosphere to counteract it is interesting i don't think that's possible but i could be wrong however that point that i was trying to convey is simply human activity is increasing the average global temperature i'm not trying to argue with you on whether it will be a problem long term because i don't have the information to do that part of it well,NEUTRAL,NEGATIVE,False
i don't care about the debates around the existence of climate change or the degree of human involvement global temperatures are rising the ocean is acidifying and significant ecosystems are at risk how do we solve that? in of the u s ' greenhouse gas emissions came from energy and transportation for energy that is solved by transitioning from coal to natural gas and then to nuclear along with other renewables for comparison france has nearly the opposite transportation represents of their emissions comes from energy because an impressive of their electricity comes from nuclear the of transportation related emissions in the us requires two main solutions electric vehicles powered by green energy and more transit a lot of pollution in cities comes from the fact that everyone is forced to drive on an individual level i think everyone should try to limit how much waste they generate and to recycle when possible in summary more renewables mainly nuclear evs and public transit and stop littering,NEGATIVE,POSITIVE,False
most people agree that climate change is occurring if for no other reason that the climate is constantly changing and always has been the numbers on whether it's man made are a little tighter,NEUTRAL,NEGATIVE,False
you can change peoples minds about reducing their energy consumption that is causing climate change by coming up with an approach where they don t have to accept any changes to their lifestyle,POSITIVE,POSITIVE,True
well first off it isn't just heat the extra co enters the ocean as carbonic acid which makes the ocean more acidic which is really bad for a lot of ocean life especially anything with shells also some food crops will produce cyanide in higher co concentrations meaning some food becomes poisonous most of the plants and animals in the world are adapted to their current environment changing the temperature and amount of rainfall a chunk of the great plains turns to desert in our models will heavily affect that life peaches for instance are no longer a good crop in georgia so far during my lifetime the preferred climate has moved about miles north in the us humans and our crops can just move but a lot of species will be wiped out which is also costly to humanity large chunks of the world will get too hot for humans those people will need to move north or south from the equator new land will be habitable in russia and canada but it will mostly be some really nasty swamp oh and speaking of land a lot of the coast is going to become ocean low estimates for the cost of climate change this century are about trillion in current dollars the first trillion spent on mitigation halves that but the people who would have to pay for mitigation are mostly old and won't live to see the worst effects better for them to screw gen z,NEUTRAL,NEGATIVE,False
interesting i would like to hear more how would climate change directly result in such things?,NEUTRAL,POSITIVE,False
indeed! we should employ a scientific method and take measurements over the entire globe yet every single time i am given a link to that same graph from the ice cores from vostok btw i am a scientist and my company profits from the idea that climate change is manmade,NEGATIVE,NEGATIVE,True
there is a good book titled denial self deception false beliefs and the origins of the human mind ajit varki danny brower in it they mention climate change hope i helped you in some way if not it is a good book just to read,NEUTRAL,POSITIVE,False
on a slightly more optimistic note partly it is because people governments and companies are all acting on reducing our impact on the environment in the uk we are so close to having over of our grid produced by renewable energy huge amounts of consumer goods have reduced our plastic packaging there is fantastic momentum on rewilding and expanding our natural habitats and we are finally getting to grips on our sewage problems it may be less noise and protests about climate change because policies are not only being enacted but followed through it s not perfect but it s a start,NEUTRAL,NEGATIVE,False
not going to happen a sizeable portion of those who do not believe in man made climate change are fundamentally anti materialists and are operating under a fundamentally different framework than what's commonly referred to as 'reason',NEGATIVE,NEGATIVE,True
the point isn't whether or not it's happening but rather the speed with which it is happening in the earth's past when rapid climate change has occurred it's always been in consequence of something like a meteor strike and has been followed by a mass extinction event this time it looks like the mass extinction is already started but outside of carbon emissions there is no good explanation for why climate is changing so fast i am open to other ideas but so far i haven't heard of anything even remotely convincing,NEUTRAL,POSITIVE,False
rule don t discourage people from convincing others that climate change matters,POSITIVE,POSITIVE,True
do scientists expect earth to become outright unlivable by the nd century? that's not a helpful way to frame the question it's not a binary between unlivable earth and human extinction or we are fine we are going to keep warming and are currently on track for to c of warming that causes range of adverse impacts on water resources ecosystems infrastructure etc i understand your question and everybody wants to know what the future will look like but it is a bit unfair to ask people to summarize exactly what climate change looks like when it is so vast and there's so much of information out there in general to frame the issue it helps to remember than even c brings us back in a couple hundreds years to a global climate last seen several millions years ago,NEUTRAL,POSITIVE,False
well out of experience when climate change is brought up of ten times people assume you're talking about global warming due to man made hazards climate change is happening always has happened and will happen forever anyone who thinks climate change isn't happening is plain ignorant i was just clarifying the difference because of this,POSITIVE,NEUTRAL,False
okay here's my take i am almost and you possibly could not believe the number of things that were about to end the world in the next ten years on a loop for my entire freakin' life oh they changed it to climate change but it was first global cooling yes we were going to have a massive ice age where no food could be grown and everyone would starve and then global warming where the oceans would boil and life would end on the planet we've had the hole in the ozone layer most of my childhood and teen years was nonstop global thermonuclear war we had y k that was going to destroy modern society overnight we had the mayan calendar end of the world which i'mma be honest things have been so weird since then that i'm not sure there wasn't anything to that one but still not thunderbolts raining down from the sky now please do not misunderstand me i am an old school environmentalist and i have a great deal of concern for the planet's ecosystem and we absolutely must grow up as a species and stop behaving like children but what i am telling you is that there's a saying in the news industry and it's that if it bleeds it leads meaning anything scary or looking like a disaster on the horizon or whatever isn't just given a place at the table it's often the only aspect of things that gets covered and they definitely have financial incentives to make things look more extreme and more hopeless than they are likely to be you want to make a positive impact on the environment buy more durable goods and produce less trash and don't pour nasty chemicals of any kind on your yard stop mowing most of your lawn if you can manage only cut back the parts that you actually use and stop killing every single living thing around you just because it's a bug and you're afraid of it there is always going to be a new headline and you cannot let yourself get paralyzed with fear spend some time making a study about how propaganda media interest and advertising work hand in hand to keep you upset and paying attention so they can make money off of you learn how not to be the product you'll feel so much better natural disasters have happened and will happen again on this planet that were pretty extreme but why would you trade the happy days you have the chance to have right now for a fear that will likely never come to pass? you're being your own worst enemy here,NEUTRAL,NEGATIVE,False
i agree it will be the chaos that comes from change and stress caused by climate change that will be the real killer there will be countries that will be completely underwater which is probably the closest to climate change just destroying countries on its own,NEUTRAL,NEGATIVE,False
not a chance and for a reason that is almost never mentioned on this forum climate change is a global warming problem in order to taper off or limit or end emissions india china russia and the mid east countries would have to cooperate to lower emissions that cannot and will not ever happen i mean we can't even get russia out of ukraine the idea that russia will stop exporting using oil is laughable climate change is kept active in western media because it serves some really important political purposes inside india china russia and the mid east countries its rarely mentioned cutting emissions means cutting economic growth cutting economic growth isn't a popular political move even if you have control of media internet,NEGATIVE,NEGATIVE,True
i recommend the books the uninhabitable earth life after warming the sixth extinction an unnatural history merchants of doubt how a handful of scientists obscured the truth on issues from tobacco smoke to global warming and anything by carl sagan as for your questions what exactly is the climate change ? what is the physics and the chemistry behind it some gasses absorb more heat like someone who just put a warm blanket we have emitted a lot of these heat trapping gasses the main one is co and they will stay in the atmosphere until removed even if we stopped emitting them now these gasses are important otherwise the planet would be trapped in an ice age with an average temperature of c compared to our current c so this rising temperature means more water evaporates and storms are stronger droughts are harsher the ice caps melts faster this disturb weather patterns and cause a lot of problems mainly in the ability to capture co right now the micro algae in the oceans absorb of our emissions of co but there is evidence that the warmer waters are preventing the photosynthesis and reproduction of this algae the co also dissolve in the water itself creating carbonic acid in concentrations that accentuates the problem forests do the same thing on land but we are cutting our forests down very fast you know the trunk and leaves of trees are made from the co they absorbed from the air the soil contributes to almost nothing it's important to increase the biomass of the forests because it mean more co is trapped in the trees there is also broken feedback loops such as the reflection of the heat by the white surface of the polar caps and how the darker water exposed once they melt absorbs more heat and many more also there is the matter of the hole in the ozone layer which reflects uv rays from the sun cfcs are a type of molecules used in refrigeration and many other applications that break down the ozone it took a lot of time and activism to get the companies producing them to stop although there is many that continue and the ozone hole will eventually heal around if trends continue ozone replenish itself naturally but it takes time of course the main emissions of co come from us burning fossil fuels release the co that was trapped in the ground and geological records and many more branches of science are very clear on that it's not fluctuations in the sun's energy output it's not poor measurements it's mostly the emissions we output that lead to global warming what molecules are the worst and why? is it just co and or nox? it's about co methane nox and the rest is the cfcs i mentioned before along with a bunch of other emission from our industrial process why are we the world even in this position to begin with? have we been here before thousands hundreds years ago ? bigger emissions of co started in the industrial revolution with the burning of coal which continues to this day but now with more people and more goods produced although more efficiently we emit a lot more co than before there is many ways to know the climate in the past but one of the best one is to drill in glaciers and look at the layers of ice and analyze it this tells us that the rate of our current climate is faster than any period ever this and many more hints show us that we are having a huge impact on the ecosystem at what point in history did climate change become a topic? the science behind it was discovered around but the first real warnings came in when guy callendar a british scientist calculated that the earth warmed by half a degree celcius between and due to the rising co emissions from the industrial revolutions the book merchants of doubt explains the rest very well some scientists in unrelated fields created a lot of confusion deliberately and now the public thinks there is a debate about the issue with only a tiny minority influencing a lot of people despite their conflicts of interests through their associations with oil industries what are the consequences? longer droughts harsher storms more floods rising ocean level warm water expand melting ice caps islands being evacuated coastal cities being flooded climate refugees animals and plants dying many have reproduction cycles very sensitive to temperature water ph pollution etc along with the fact they can't turn the ac on diseases and invasive species that spread more as animals migrate to the poles crop failures economic devastation from bigger forest fires and all the other problems listed above poorer people more impacted so more inequality water shortages and a lot more where do we see the consequences in the world? everywhere the poles warm the fastest but as weather is disrupted everywhere rare events that would have disappeared quickly stays for days or weeks and that impact our food supply drastically the rising waters is a very visible thing especially on some low islands that have to evacuate such as the residents of marshall island the thing is that not many consequences are super visible yes the micro algae in the oceans is dying because of it but it's hard to see directly even though it lead to less krill which mean less fishes and that mean less bountiful waters but that's also happening because of over fishing so it's hard to correlate that directly with climate change too for the average fishermen the extra co helps some plants to grow more but the combination of warming pollution and over exploitation counters this many times but the short answer is that although the effects are everywhere the poorer nations have less tools to resist the worse effects so places where people have to work outside in the deadly heat or that cannot protect their infrastructure from the floods and hurricanes are bound to feel most of the pain related to the above are the temperatures going to rise? are islands around the world going to disappear? why? yes temperatures will continue to rise as someone who put a blanket on even if we stopped emitting now the heat trapping gasses in the atmosphere will mean that rays from the sun will continue increase temperature until we remove the blanket some islands will disappear as sea levels are expected to rise between about to feet by could be much more as the rising temperatures also melt the permafrost it releases a lot of methane and that's something that if factored in the estimates can lead to catastrophic sea level rises as the water warms it takes more volume try it put some cold water in a glass put it in the microwave and see how the water level rose this is what's happening along with the fact that the ice melting adds more water to the ocean the ice caps are above the water,POSITIVE,NEGATIVE,False
easy don't be friends with idiots then you won't have a friend that doesn't believe climate change is caused by humans,POSITIVE,POSITIVE,True
paying more taxes isn't going to change the weather we're talking about climate and no tax hikes are on the table to pay for green initiatives can you explain to me how your expertise as a data scientist translates into you not believing climate change?,NEGATIVE,NEGATIVE,True
easy the same people telling you the world was going to end due to climate change in years years ago are the same ones telling you it's going to end today technology and innovation are going to stifle the factors contributing to climate change much like the industrial evolution we are in a period where the demand has taken off faster than the technology take electric cars for example the way they are produced today is arguably much worse for the environment than ice vehicles this is rapidly changing and once provisions are in place it will actually do what the experts said it would do innovation takes time there is nothing you can do to on a personal level to change this relax and enjoy life,POSITIVE,NEGATIVE,False
i agree that nothing congress does today would stop it tomorrow but the claim that politicians are powerless is pure unadulterated bullshit the only thing that would stop climate change is the behavior of every citizen short of a tyrannical government a government can't forcibly change the behavior of the population true but they sure as fucking shit can set a standard to live by and up to what thehallowman said is sound congress tomorrow could start the process that would end climate change in years given enough political will the leaders need to lead to set goals to challenge the population to change its behavior and educate people of the impact they make we all know why they don't the oil thugs make too much money keeping us addicted but again the claim that politicians are powerless is bullshit if politicians are so fucking inept of power why are they even there in the first place?,NEGATIVE,NEGATIVE,True
holy shit you realize you will also starve to death under these assumptions? there is no border to protect you from climate change,NEGATIVE,NEGATIVE,True
al gore already did that and he gets relentlessly mocked as an 'alarmist' for it i honestly don't think anything will change these people's minds many are beholden to the republican echo chamber they are simply not amenable to any ideas that go against the party line i would go as far as saying that accepting climate change would be tantamount to treason to the party it's like trying to convince a democrat that abortion should be illegal that's because money talks in politics and that money is coming from petroleum interests not science advocacy groups realistically the only way to effect change in the u s political system is to throw more money at politicians than the other guy otherwise republicans will continue along the same traditional paths they've been on since we can remember deny global warming support gun ownership support israel unconditionally oppose abortion support tax breaks for the rich etc and when it comes to all these issues there is always one side that has much much more money than the other in our case specifically few industries have as much money as petroleum companies the solars are just starting to recover from the crush of they have so much debt to pay off that they'll probably never have a role to play in politics for at least a decade we just have to make due with what little political willpower we have,NEGATIVE,POSITIVE,False
climate change is a symptom of the human overshoot of our ecological carrying capacity co is the largest by product waste of the human industrial complex excess co ppm on the atmosphere will cause solar radiation or heat from the sun to become increasingly trapped within the biosphere polar ice caps glaciers will melt giving to sea level rise breakdown of ocean thermal circulation increased temperatures allow the atmosphere to carry larger amounts of moisture giving to greater storm intensity fluctuations breakdown of natural weather cycles trade winds ocean circulation amoc collapse gives to wildly unpredictable weather rains in desserts intense bushfires droughts in fertile lands the short answer is plants will not grow as well or not at all billion humans is a lot of hungry mouths,NEGATIVE,NEGATIVE,True
you have a very black and white idea of what fits into noble the real world is not close to as simple public transportation networks that destroy migration routes for animals still noble? advancing energy past the point of availability to less advanced cultures then selling it to them at slavery rates while outlawing and prohibitively taxing cheap energy still noble? saving rainforests while farmers who own the forest lands families starve and we continue to farm our previously great forested lands still noble? climate change is presented in such a black and white way as an absolute good which is why i am proud to be called a denier what ever the fuck that means of course climate change is real do you really believe the fortune tellers that claim to know enough about the planet climate human technology and sociology years into the future? if you do believe them do you really trust them to be telling you the truth about solutions and all the effects of those solutions years into the future? you are a bigger believer than i am computer models do not instill me with that level of confidence not even close,NEGATIVE,NEGATIVE,True
some people see what their country does in terms of green initiatives and then see other countries and how much they contribute to climate change and get fed up they get disheartened to the efforts they make only to see some place burning tires burning coal dumping pollutants into rivers and then ask why bother taxation will not solve climate change,NEGATIVE,POSITIVE,False
exactly this first thing i thought when i read ops list like people who study the climate are causing climate change? naw,POSITIVE,POSITIVE,True
i like how people are denying it cause i love climate change it'll push humans to learn to adapt sooner and survive in harsh conditions it's really easy to convince people to pump out more greenhouse gases and pollution,POSITIVE,POSITIVE,True
i'm still doing things to reduce climate change heating at c day c night rarely use ac electric motor scooter and public transit live near work don't fly except mandatory work related maybe once a year buy locally as much as possible especially food everybody should be doing that first then think about adaptation,POSITIVE,NEGATIVE,False
we have dozens of multi billion dollar corporations and many massive political parties who would shine the light of a thousands suns on any research showing climate change wasn't real this absurdism conspiracy argument is lazy and tired how do you know earth is round what if it's just a conspiracy by the scientific community?,NEGATIVE,NEGATIVE,True
i have enough on my mind and enough to worry about than think and worry about climate change honestly it's there and that's bad but there's nothing i can do about it so i'll focus on surviving,NEUTRAL,NEGATIVE,False
yes i am skeptical about some of the climate change findings and have some suspicions of the link between carbon and warming that said i do what i can to minimize my carbon output so i live like i believe it ultimately i think we have an inflated sense of what we know of a system that is incredibly dynamic and complex i think it is very hubristic of us and more often than not it is government pushing an agenda that is behind the fear mongering,POSITIVE,NEGATIVE,False
democrats try to blame everything on climate change look at old news articles men are getting more violent climate change to blame,NEGATIVE,NEGATIVE,True
well that's interesting that these d o events were common they were also as i understand it all or mostly caused by melting ice altering ocean currents interesting but hardly relevant to our current predicament caused by rising co levels with the exception that ocean current changes may exacerbate the problem climate shifts in the past were all very complicated and interesting sometimes fast sometimes slow saying typically or commonly fast or slow might be a subjective view point depending on perspective if you're claiming that my use of common was inacurate then i'll concede the point but the op question paraphrased is what's the point of doing anything if climate change is inevitable? i'm just wondering what your point is with respect to op if not obfuscation? is it not the case that climate shift in the past that was most comparable to our present state of affairs would be the rising co levels produced by volcanic activity in the early jurassic is it not true that this took place over tens of thousands of years? is there an example of co level rise causing climate change that is comparably rapid to the present moment?,NEUTRAL,NEGATIVE,False
climate change lags by years decades even after the actions governments want election cycle solutions not years,NEGATIVE,POSITIVE,False
there is a very good documentary quite entertaining as well called merchants of doubt it goes into how large companies have been successfully muddying the waters on various issues for years including climate change but it tracks it back to the initial tactics used for cigarettes and other things,POSITIVE,NEGATIVE,False
ok years before the world is drastically changed by climate change in a way that alters our life completely it's that better?,NEUTRAL,POSITIVE,False
what has worked for me is framing climate change as alternate issues which have risen from it now deniers can agree that it's important to look after the environment this can include water air focusing on air the nearest issue can be forest fires which have increased in frequency across the world due to lack of rainfall and so on there is an opportunity at this point to discuss how such environmental crises are anthropogenic and the destruction they are causing,POSITIVE,NEGATIVE,False
who gives a flying fuck what uneducated hicks think climate change is happening i don't give a shit how many people believe that we have the evidence less do somcething about it i'm so sick of hearing out people who stick their heads in sand,NEGATIVE,NEGATIVE,True
previous iterations such as global warming cooling have really tainted the perspective on climate change so breaking this down global cooling was a media fad that took off in the late ' s but never achieved anything remotely resembling consensus among scientists global warming meanwhile is a branding issue the earth is in a technical sense warming due to greenhouse emissions on average but this doesn't necessarily result in universal warming at all locations on earth and in some areas there may be a net cooling as the global climate shifts and in some areas there may be no real net effect hence what used to be called global warming is now being called climate change but it's all the same general idea the name change is simply to highlight what's actually happening more concisely and clearly to the public i do think pollution is bad for the overall health of our planet and its people but i find it hard to believe that the amount of emissions that we do cause are capable of globally raising the temperature by any significant amount this is understandable as climate change is somewhat hard to take in as the problem is so large as to be somewhat obtuse let me give you a personal account to actually showcase why the emissions we've been producing are actually changing things rather substantially when i did my engineering undergraduate back around the financial crisis of my thermodynamic textbook was like many other engineers moran shapiro's fundamentals of engineering thermodynamics like any good engineering textbook the back was littered with all sorts of tables for looking up physical and chemical properties of different substances one such table is the air table which basically just has the thermodynamic properties of standard air at different pressures and temperatures entirely because air is the most common working fluid for engineering problems by a pretty heavy margin i'm currently a grad student and students swarming me during my office hours have moved on to a new version of the same moran shapiro textbook but i can no longer use my air tables to help them work through their homework problems as the values are different enough in the new editions that i get a wrong answer the cause of this difference is the increased amount of co present in air as the global average increased past ppm a few years back granted you might think this is evidence of bias on the part of moran shapiro but they're not the only thermodynamic tables that have changed in the interim so have the janaf tables used by the department of defense for their engineering thermodynamics problems and the moran shapiro tables match the janaf tables janaf is actually far more precise as befitting who utilizes it the argument of scientific bias falls apart when you realize a few key things agencies that are unbiased with respect to whether or not climate change is real are taking it very seriously and preparing for it the dod only cares about whether or not the science is legitimate making them a rather good arbiter of the validity of the science in this specific case clear concise proof that climate change isn't real wouldn't be silenced on the contrary the academic journals would be fighting tooth and nail over the paper s that result from said research as they'd potentially be the most widely cited and widely read papers since einstein's works on relativity the academic journals are interested in money truly but also status and having the copyright ownership over those papers would given them immense status in the academic world as universities and research groups would be forced to buy the paper and or a subscription to the journal in order to read the paper no anti climate change research has been buried so far if it was it'd be easy enough to show as you can publish the papers through other means if the science is solid you can publish as a white paper which although not peer reviewed would still get it out there and it would still attract attention if it should have been up to par normally but only was declined because of bias it'd be an immense scandal and would completely tarnish the journal that buried it again the journals aren't collaborating with each other and are motivated to look out for themselves over their competitors so expecting all of them to work together to bury real science runs into the prisoner's dilemma in contrast the only science that has been buried on the issue seems to have been buried by the other side and this research points even more conclusively towards anthropogenic climate change being real so really yes there is a consensus and it's among various groups that wouldn't have a vested interest in agreeing on said consensus if said consensus wasn't real,NEGATIVE,NEGATIVE,True
most conservation measures should take place at the state level there are a few that maybe the federal government could be involved in now let's tackle climate change i'm a huge climate skeptic in the sense i'm skeptical of the huge negative effects that are supposedly going to happen what should be done though? i'm in favor of removing the corporate income tax lowering personal income tax and instituting a tax on pollution paid by the consumer of the goods there would also be taxes applied to imports as well obviously i don't have the know how or expertise to say what percent would be good how we calculate damage done by pollution etc but that is what i would like to see done in the short term happy cake day by the way,POSITIVE,POSITIVE,True
degrowth of energy use will have an impact on carbon emissions and future climate change,POSITIVE,NEUTRAL,False
no i only suggest that some people seem to try to trivialise the current climate change by suggesting that the change in average global temperature is small the change in temperature may be small compared to changes in weather and daily temperature variations but it is quite large considering it is a global year average also these reported small temperature changes does not reflect the changes in latent heat in warmer regions due to higher humidity nor the warming oceans,NEGATIVE,POSITIVE,False
i am sorry! i see that i made a mistake in my previous post i do understand that you don't think the current climate change is unprecedented and i agree with that what i wonder about is why you feel that you need to suggest that it isn't? it seems to imply that you think someone is saying that it actually is unprecedented? as far as i know that is not true at least not when it comes to climate scientists and the ipcc so i suspect that you either make some strange strawman argument or that you have read something you didn't quite understand or perhaps i am wrong? where did you get unprecedented from and what was actually said?,NEGATIVE,POSITIVE,False
i dont know amybody who does not believe the climate changes i know plenty of people that are against certain ideas to limit output it is implied that they dont believe in climate change to stop any discussion,NEGATIVE,NEUTRAL,False
not so easy for you to say when you are living in a hut worrying about safe drinking water every day and how exactly is unmitigated climate change going to improve this rather than make it extremely worse? such as being to cure cancer being to extend life being able to remove diseases etc cancer cure is entirely speculative at this point and as awful as cancer is i don't think there's any justification for allowing the very real and tangible detriments of climate change much of which we are already witnessing to proceed unchecked on the basis of assuming or hoping we'll reach that cure even if when we do what of the millions who will have died from starvation loss of arable land worsening extreme weather events and collapsing infrastructure due to flooding and mass migration? you are really willing to endure all that collateral damage for a possible cure for a single disease? and by the way diseases will be running rampant all the while in the poorest areas that have no safeguards against the invasive species that will fill the niches left from mass extinctions and ecosystem collapse,NEGATIVE,NEGATIVE,True
we are a great cause of climate change but no we are not the only cause farms yes farms are adding quite a bit along w many other natural events we as humans do definitely play a very large part in the problem tho,NEUTRAL,POSITIVE,False
climate change has been happening since the planet earth has been around human beings should really stop flattering themselves!,POSITIVE,NEGATIVE,False
hey i work in media relations for a environmental ngo so can add my two cents it definitely being covered by some outlets but others are either not covering it or actively putting out stuff denying the importance of addressing it it's kinda depressing seeing like outlets report major findings relating to how climate change is impacting life on earth and then seeing it covered by barely any other outlets like it's not a big deal science and environment journalists editors can have a hundred potential stories appear in their inboxes every day often these are small teams for which climate change is just one of the topics within their remit and they can't cover it all i'd recommend looking at a variety of different outlets if you're keen to get a broad scope of what is happening unfortunately a lot of outlets are also keen to not publish too much 'overly negative' news about climate change it's a very frustrating conversation to have but ultimately they need to share stories their readers are going to want to read will click on and unfortunately that sometimes means prioritising more positive stories i think we're starting to see a bit of a shift in this last point but there also seems to have been a disconnect between climate change and its impact on other news focuses such as business sustainability making it unlikely to be covered by other news desks i suspect this will shift as we see more sectors feel the impacts of climate change but its frustrating when these are shifts that previous studies were warning about,NEGATIVE,POSITIVE,False
adapting to climate change independent of its cause will ultimately provide a pathway for capitalism and emerging economic potential and this will have a formidable impact to discount the imperative to address the cause science and engineering will unearth literally vast amount of virgin resources at the same time collectively it is hard to imagine a scenario where everyone is on the same page to reduce emissions and pollution,POSITIVE,NEGATIVE,False
protesting doesn't do anything you have to commute to get there and often buy single use arts and craft materials for signs that get thrown away after limit your consumption on electronics stop travelling overseas and limit the travel you do in your country to train bus ride share as much as possible ultimately the problem of climate change i hate that term pollution is that we continually vote with our dollars to have someone service our demand for goods so as close as you can get to stop buying things and move onto a self sustaining farm the better,NEGATIVE,POSITIVE,False
when i was young the east and west were saber rattling with nukes we thought we wouldn t make it til because of someone hitting a red button but here i am years later with so many improvements over how things were back then climate change is really important but also a very slow acting agent the things you will notice in your lifetime are very survivable the air rivers etc are much cleaner than years ago illiteracy and hunger are waay down there s a lot of work still to be done but we ve also come a long way in general things are moving in the right direction even though we sometimes slip back,POSITIVE,POSITIVE,True
my biggest frustration with this topic is that this question normally means everyone who doesn't agree with my environmental plan is a climate change denier,NEGATIVE,NEGATIVE,True
i don't fully understand how people can not believe in climate change at this point like the world had gotten noticeable hotter there's a wildfire season in my country the winters are notably milder climate change is no longer some far off thing it effects us daily i can understand someone buying the oil propaganda and not believing in anthropogenic climate change i've met some right wing people who are like humans can't effect the climate to that extent it's from volcanos and they don't understand the research behind it but that is a rational if obviously incorrect conclusion if you refuse to look into it and consume what the climate change deniers want you to but not believing that it's warmer now than it was years ago strikes me as straight up denial a person like that will simply not want to learn and is digging in their heels and politicizing things perhaps you should focus on other environmental causes with them if they refuse to accept climate change maybe you can get them on board with the need to stop ocean pollution or to assist the recovery of forests things which are visible and undeniable i think a lot of people on the right specifically dislike climate change and view it as a political thing but still appreciate nature so aligning environmental causes with the values that group has rural existence hunting preservation of the nation independence and anti government thought etc will benefit them more,NEGATIVE,POSITIVE,False
i believe man made climate change is occurring but i'm not convinced that the effects are going to have as large a negative effect as people say,NEUTRAL,NEGATIVE,False
'i'm a huge climate skeptic ' this is what i don't understand the absolute lowest number i have seen was as to what percentage of scientists believe in man made climate change the highest being how on earth are people still skeptical of this?,NEGATIVE,NEGATIVE,True
there need to be more estimates on timelines no need to fear monger but people need to hear from the outset of the messaging that the lower range of estimates will be in our lifetimes and then they need to hear how subject that timeline is to getting shorter what tipping points that might trigger and what impacts would look like a graph showing projected crop yields with types of climate change and how much that could increase prices?,NEUTRAL,NEGATIVE,False
it just feels irrelevant because it's over fixing climate change would have required decades of inter governmental cooperation between europe america china russia and the middle east starting decades ago three of these regions have an active war going on in there right now that makes cooperation impossible two of these have nothing going for their economy but energy exports america and europe who were the only ones to care to begin with are now overrun by climate change deniers there will just not be any coordinated action to stop climate change the best we can hope for is that the fact green energy is much cheaper than fossil fuels means it will gradually replace fossil fuels somewhat and we get a c scenario rather than c or something higher,NEGATIVE,NEGATIVE,True
help us advocate for a carbon fee and dividend so we have a reason to be optimistic about climate change in the loong term,POSITIVE,POSITIVE,True
earth's climate has changed throughout history just in the last years there have been eight cycles of ice ages and warmer periods with the end of the last ice age about years ago marking the beginning of the modern climate era and of human civilization most of these climate changes are attributed to very small variations in earth s orbit that change the amount of solar energy our planet receives the current warming trend is different because it is clearly the result of human activities since the mid s and is proceeding at a rate not seen over many recent millennia it is undeniable that human activities have produced the atmospheric gases that have trapped more of the sun s energy in the earth system this extra energy has warmed the atmosphere ocean and land and widespread and rapid changes in the atmosphere ocean cryosphere and biosphere have occurred earth orbiting satellites and new technologies have helped scientists see the big picture collecting many different types of information about our planet and its climate all over the world these data collected over many years reveal the signs and patterns of a changing climate scientists demonstrated the heat trapping nature of carbon dioxide and other gases in the mid th century many of the science instruments nasa uses to study our climate focus on how these gases affect the movement of infrared radiation through the atmosphere from the measured impacts of increases in these gases there is no question that increased greenhouse gas levels warm earth in response ice cores drawn from greenland antarctica and tropical mountain glaciers show that earth s climate responds to changes in greenhouse gas levels ancient evidence can also be found in tree rings ocean sediments coral reefs and layers of sedimentary rocks this ancient or paleoclimate evidence reveals that current warming is occurring roughly times faster than the average rate of warming after an ice age carbon dioxide from human activities is increasing about times faster than it did from natural sources after the last ice age the planet's average surface temperature has risen about degrees fahrenheit degrees celsius since the late th century a change driven largely by increased carbon dioxide emissions into the atmosphere and other human activities most of the warming occurred in the past years with the seven most recent years being the warmest the years and are tied for the warmest year on record the ocean has absorbed much of this increased heat with the top meters about feet of ocean showing warming of more than degrees fahrenheit degrees celsius since earth stores of the extra energy in the ocean the greenland and antarctic ice sheets have decreased in mass data from nasa's gravity recovery and climate experiment show greenland lost an average of billion tons of ice per year between and while antarctica lost about billion tons of ice per year glaciers are retreating almost everywhere around the world including in the alps himalayas andes rockies alaska and africa satellite observations reveal that the amount of spring snow cover in the northern hemisphere has decreased over the past five decades and the snow is melting earlier global sea level rose about inches centimeters in the last century the rate in the last two decades however is nearly double that of the last century and accelerating slightly every year both the extent and thickness of arctic sea ice has declined rapidly over the last several decades the number of record high temperature events in the united states has been increasing while the number of record low temperature events has been decreasing since the u s has also witnessed increasing numbers of intense rainfall events since the beginning of the industrial revolution the acidity of surface ocean waters has increased by about this increase is due to humans emitting more carbon dioxide into the atmosphere and hence more being absorbed into the ocean the ocean has absorbed between and of total anthropogenic carbon dioxide emissions in recent decades to billion metric tons per year,POSITIVE,NEGATIVE,False
none of what you mentioned has anything to do with climate change you're catastrophizing like every generation before it the actual threat from climate change may very well be negative meaning it will be beneficial and the actual climate change we're experiencing is on par with previous civilizations and certainly not anywhere near an existential threat maybe read an actual study rather than headlines and political propaganda,NEGATIVE,POSITIVE,False
i work a lot in the space there are a few things to keep in mind a the developed world is decoupling gdp growth from ghg emissions this is very good and important b the biggest part of the global emissions problem right now is still coal it makes up around of global emissions from fuel luckily this is also the lowest hanging fruit some of this coal will be displaced by solar wind and nuclear which will result in dramatic ghg savings for those grids a bigger part is likely to be replaced by natural gas which results in an immediate reduction in ghg emissions you can cheaply convert the coal infrastructure to natural gas making it a very attractive decarbonizing pathway environmentalists don't love natural gas but you can use it over the next years for cheap and fast ghg reductions c most of the world is still quite poor and has a very small ghg footprint per capita the developed world is spending a ton of money on decarbonization tech with any luck this tech will be cheap and ubiquitous by the time that most of india africa and rural china start producing huge numbers of the global middle class d the effects of climate change will not be distributed evenly pakistan bangladesh india and the mena region are going to experience the brunt of really bad flooding and extreme heat events places with access to milder climates and lots of fresh water are probably going to be fine e the push toward net zero is having the intended effect we will probably not get to net zero before but it is a useful tool to get companies and countries where they need to go when it comes to efficiency and alternative energy there is a lot of great things happening trillions of dollars are being invested in updating our global energy infrastructure the benefits will only become obvious in years time f climate finance and accounting is driving a huge amount of behavioral changes at the institutional level there has been a lot of progress on this over the past few years and it is only accelerating,NEUTRAL,NEGATIVE,False
even the fact that people use per capita numbers to talk about progress proves op right the planet doesn t care about per capita you cut carbon emissions or you don t the conversation around climate change has become completely unserious ever since people realized there s no path without cutting energy consumption and decided to just ignore that fact,NEGATIVE,NEGATIVE,True
i would say there's a few camps climate change isn't real a vocal minority akin to the westboro baptist church climate change is a natural occurrence and humans play no role larger than above still small climate change is happening but at a rate slower than alarmists have predicted al gore said i would be underwater by now why do banks still offer year mortgages on ocean front residences climate change is a mix of natural occurrence but isn't helped by human industry singular humans families are not responsible why do i bother recycling when china pollutes more in a second than i will in my entire life the average human pollutes about tons in a lifetime china pollutes nearly tons a second there's obviously a complete denial of science in the top camps the rd camp is probably somewhat in denial but there are only so many times that you can cry wolf before people stop listening the th is somewhat defeatist absolving yourself of blame but can sort of be understood,NEGATIVE,NEGATIVE,True
your friend is right in that climate change has and probably is happening due to shifts in things like solar output and changes volcanic events or lack thereof which do change climate but it's also true that human activity is changing the climate and doing so more dramatically and faster than almost any other period in history so both can be and are true unfortunately making that concession something scientist often do because they want to be very scrupulous has an undesirable effect on people unaccustomed to the qualification and equivocation inherent in scientist speak and who are looking for any little thing to confirm their partisan bias they just run with what they want to hear and ignore the rest,POSITIVE,POSITIVE,True
this isn t an opinion it s a truth claim and it s wrong climate change has caused many species to go extinct and we re watching some go extinct as we speak humanity is an animal like any other and we and the species we rely on for food have limits when those limits are strained we will start to die,NEGATIVE,NEGATIVE,True
climate scientist and climate science are new terms established for a specific purpose it's a catch first you create a field of study for those who conform with the narrative and then you invalidate the opinions of everyone who is not a climate scientist climate change is a multi faceted and complex field you need physics meteorology statistics geology chemistry etc you cannot just study climate science and become and expert in all those fields and get a full overview of the state of the climate people with various backgrounds have been gathered together by the ipcc they don't do research themselves they collate the research that has been done mostly they do a good job at that at least wgi except for the summaries but the concept of consensus in science is anti scientific what expertise do you have that makes you capable of doing the analysis especially when it disagrees with the experts in that field i am only talking about data analysis i have a master's degree in it and am working with it on a daily basis data doesn't disagree with experts in the field can you name one climate scientist doing research in climate science that agrees with your conclusions? what conclusions? you seem to have a very simplistic view on this matter there are multiple various aspects of climate change on some topics i will agree with some scientists on other topics i will agree with others it's not like all scientists have the same opinions on every aspects of climate change but patrick brown generally seems to hold the same views as me most of the time there is a name for you i don't know what you mean by 'invariable and uniformly distributed' are you saying like the temperature is the same all over the world? within each km cube of the model the physical parameters are the same there is not enough computer capacity for higher resolution however if you really deal with models you should know that a model is validated by whether it correctly projects the results and the climate models do that very well temperature increase has been predicted fairly well the relationship between co and temperature is the least complex part the relationship with long term trends of weather events is far more complex and i don't think we can conclude that the models have predicted that well so far we even have problems seeing trends in the data it is a good starting point and we are seeing the results are not good i don't think it's bad either i showed you some results i'm looking for a benefit to humans for the greening of the planet you didn't present any i don't have to present evidence that grops and forests are good for humans and animals come on that report showed deaths during cold weather and during warm weather not due to cold or heat that is what the article i posted was talking about so if a lot of people die when it's cold perhaps less cold is good then? you can remove influenza from the data set but why is there more influenza in the winter if it has nothing to do with the cold? influenza bacteria just happen to like january regardless of temperature? and it doesn't include the million deaths from fossil fuel pollution no a study on temperature related deaths does not include deaths by other causes than temperature weird huh?,POSITIVE,NEGATIVE,False
to me it is pretty obvious that climate change will be solved at this point in time,POSITIVE,POSITIVE,True
i had an oddly optimistic conversation about the pandemic i was talking to my sil today about covd she is a doctor i am a teacher we agreed that the one thing that made us both hopeful was how quickly things changed and were accepted we tend to think that it is impossible to change people s behaviours but covid showed that given the will large scale international change can happen quickly and be adapted too as well of course there were a few wing nuts who see everything as a conspiracy but they re always there i don t know what kind of cataclysm it will take for people to address climate change in a similarly serious fashion but i believe when they do the change can be made,POSITIVE,NEGATIVE,False
some global warming and cooling are naturally occurring cycles much of what is driving the speed at which the globe is warming is anthropogenic caused by humans if we cut down on emissions we slow down the speed and thus the devastation caused by rapid climate change,NEUTRAL,NEGATIVE,False
the person you're replying to didn't call climate change risible they said its risible to blame this issue on climate change,NEGATIVE,NEGATIVE,True
just fyi if you're really interested in a positive take about climate change you should definitely look into playing beecarbonize do take your time to read the descriptions of each card they're worth it to learn about each topic!,POSITIVE,POSITIVE,True
of course and i mentioned global emissions but we also have various levels of personal and political influence that is geographically bounded which is relevant which discussing actions that impact climate change,NEUTRAL,NEGATIVE,False
we won't die from global warming but climate change might influence or accelerate many threats that have the potential to do that,POSITIVE,NEGATIVE,False
not really my argument is that op should be at least as skeptical of the denier position given the documented history of natural climate change swings of large magnitude ice ages wouldn't the burden of proof be on the claim that climate change is human caused?,NEGATIVE,NEGATIVE,True
i also believe that climate change is not caused by humans it was caused by god when we had the flood since the flood climate change started before the flood we never had climate change that's why noah was made fun of when he said it was going to rain before the flood it never rained on earth because god caused climate change he promised not to have another flood the rainbow is his reminder of that promised statement he made climate change is showing more today because we are in the end times like the bible explains being that we are that generation witnessing signs of the times,POSITIVE,NEGATIVE,False
agreed all the billionaires and celebs with their private jets can take the first step and leave us the fuck alone with their bullshit climate change virtue signaling while they do the most damage to the earth,POSITIVE,NEGATIVE,False
this dude is just a fucking idiot he has no clue how climate change or elections work,NEGATIVE,POSITIVE,False
there's a lot of things start gardening restore native habitat if you have lawn rip it up and replace it with native plants if you don't have native lawn do it at a city park if not in a city restore fields and abandoned places grow food forests start community gardens build community guerilla garden there are million acres of lawns in the us that need to be restored to native plants join r solarpunk learn about all the awesome ways we're already fighting sweden is building wooden wind turbines using massed timber making them carbon negative finland is using sand batteries to do district heating they learned from drake landing in alberta canada estonia is making sand batteries for the residential level california has a company that is making carbon thermal batteries out of graphite these things can heat up to c on renewables and are used for industrial processes decarbonizing the industrial sector is as impactful as our current agricultural practices your community gardens and food forests help tackle that issue all of these materials are super abundant and cheap they're also constantly getting better this also means that renewables have the market edge in fossil fuels which need trillions of dollars of subsidies to stay profitable advocate for your city to adopt more renewables using the info above you could lower taxes this way because their operating costs would be reduced furthermore renewables also make individuals energy independent saving them tons of money in both electric and heating see sand batteries costs it has the added benefit of reducing carbon emissions while there are million acres of lawns to be restored to native gardens an estimated million acres of bamboo planted in barren land is claimed to sequester enough carbon to reverse climate change this doesn't mean you should plant a bunch of bamboo in your yard certain types are very invasive and can be destructive to your local ecosystem bamboo can be found all over the world and in the western hemisphere guadua augistifolia is a species that isn't considered invasive because it forms clumps rather than thickets native to the mountain climates for coffee beans it grows ft in months and can be harvested annually after it reaches maturity in it has similar properties as white oak one of the strongest timber there is and is waterproof and rot resistant it can also be made into massed timber you want to solve climate change? advocate for the use of this kind of bamboo in every application it can have build carbon thermal batteries at the mills powered by renewables on structures built with this lumber but start with a garden,POSITIVE,POSITIVE,True
hi ian and everyone else i just found out about this subreddit and it looks pretty cool! i'd just like to share my point of view early last year i was exposed to the surprisingly large world of climate change dismissives many of them are offended by the word denier so i avoid it although denial seems less verboten i also avoid the word skeptic because i'm a skeptic in the scientific sense and i'm certain most of them are not after being utterly bewildered and horrified by their behavior i ended up researching climate change a lot and writing about it as well as about climate change denial until finally a mod at skepticalscience founded by yes john cook took notice and invited me to join the volunteer team i must say that i do think there are legitimate criticisms of the cook study if i had been on the team in i think i would have asked for revisions but if you accept the criticisms of dismissives you risk believing something silly like of climate scientists think humans cause global warming the wording of the paper may have been overoptimized to maximize the impression of consensus but the raw data is published here i made a summary of it here and here and so far i've never seen dismissives make any allegations of specific abstracts being misclassified so the raw data seems sound it's true that other studies show lower levels of consensus i read a bunch of studies personally and made a summary of them i found a picture that is not as rosy as it appears in cook although there may be a consensus of up to of the top climate scientists judged by number of published papers by the time you look at the top it goes down to about and it continues getting lower as you admit more and more scientists with fewer and fewer published papers bottoming out at around or even less if you include completely random scientists who have never published a paper about climate science my current thinking is that cook 's why not ? the link explains can be reconciled with other estimates around by considering the fact that consensus scientists have published twice as many papers on average as non consensus scientists source anderegg iirc and therefore approximately of the scientists may have published approximately of the papers cook primarily measures papers whereas other studies surveys mostly measure scientists now that i think of it it ought to be possible to actually find the top or based on public databases and write a page paper that manually classifies each one publicly based on other public information this methodology should have good reliability and transparency yet afaik no one on either side of the debate has done it edited originally this said based on verheggen and anderegg but then i remembered that the verheggen survey had a response rate so its top is most likely representative of about scientists,POSITIVE,NEGATIVE,False
as for climate change we can choose between two different attitudes bitch about it adapt to it,POSITIVE,NEGATIVE,False
the idea that developing nations are the primary drivers of climate change is one of the most stupid takes look up historical emissions look up co emissions per capita instead of total look up how if the us military was a country it would be like the th largest polluter the reason us in the west are developed is because we stole trillions in wealth from these now developing countries and the sheer arrogance of us to turn on them and say that they can't use the same technology we used to develop all the while not cutting back on our own pollution even though we know these developing countries will suffer the brunt of the effects of climate change no individuals are not responsible for climate change but our governments and the corporations that run them certainly fucking are,NEGATIVE,NEGATIVE,True
technical forest fires are not caused by either forestry management practices or by climate change but each of these can contribute to the severity and frequency of wildfires the usgs for example states that climate conditions especially in the western united states have grown hotter and drier if climate change continues to play out as predicted the likelihood of wildfires will worsen while we are working to improve fire management we are also dealing with the compounding issue of climate change richardson et al global increase in wildfire potential from compound fire weather and drought npj clim atmos sci reports we show that the lengths of the fire weather seasons in eastern australia and western north america have increased substantially since it is likely that anthropogenic climate change is the primary driver of these changes the ipcc reported in that climate change was playing an increasing roll in wildfires that fire weather seasons had lengthened due to agw and that while drought was the dominant driver of fires there has been an increase in fires in wetter regions due to higher temperatures,POSITIVE,NEGATIVE,False
there is no benefit or anything to gain from pushing the belief that climate change being caused or at least accelerated by man kind? absolutely none,NEGATIVE,POSITIVE,False
imo it would have been a better argument to reduce pollution into the atmosphere because tackling pollution would have been a good first step towards fixing climate change we could have provided a better immediate now but instead focused on avoiding future calamity and it gave room for bad actors to come into the argument,NEUTRAL,POSITIVE,False
absolutely things aren t changing as fast as the most doomer prognosticators want it s never going to steering the planet to be less negative on the environment is waay more complex than most activists allow we re not going to be able to quit oil anytime soon without completely crushing the entire world s economies but if you look around things are changing and the pace is picking up we ll maneuver to a better place i wouldn t put any stock in those who forecast some kind of human extinction event due to climate change that s just so much hollywood,NEGATIVE,NEGATIVE,True
i'd suggest checking out the podcast the climate deniers playbook they have two episodes that break down why some of the potential positives you listed while there is some level of truth won't actually work out well in practice co being better for plants hotter being better reduced desertification each episode they go through various claims of reasons to disregard climate change or why it could be good and break them down in a good faith manner plus the hosts are quite funny and entertaining which is an added bonus all their sources are listed in the episode notes if you want to read more on a particular topic i'll also bite for one possible benefit of climate change is the level social change and global cooperation that will be needed to combat the root causes and mitigate the effects on society could have long standing positive lasting effects for civilization,NEUTRAL,POSITIVE,False
so you're agreeing that the climate changed,NEUTRAL,POSITIVE,False
agreed and that's probably my biggest gripe with both sides of the aisle on climate change the left focuses mostly on renewables despite things like energy storage tech not being there yet and the right ignores the issue for the most part if republicans came out and said it's an issue we need more nuclear power to meet our needs in a clean manner this is our plan i think they'd do a bit better,NEUTRAL,POSITIVE,False
it's just a grand scale manifestation of humanity's struggle with delayed gratification if it means making sacrifices now we don't want to do it and convincing people climate change isn't real is a great way to accomplish that,POSITIVE,POSITIVE,True
with the reports on iran's dire groundwater situation and the way water resources are being managed and decisions are being made by people who have very little respect for the planet and the people is there a future for progress and prosperity without a political transformation? without major policy reforms we cannot address many environmental problems including climate change water bankruptcy and biodiversity loss some policy reforms need radical efforts by the politicians when the society does not care about the environment or does can not put pressure on its politicians a radical shift is very unlikely that is why we need to focus on education societies and policy makers at the same time in my opinion focusing only on one side leads to a failure kaveh,NEGATIVE,NEGATIVE,True
there are no zero credible scientists who claim man made climate change is not real zero if you find one please feel free to post his name and let the good people of reddit tell you why he's not credible,NEGATIVE,NEGATIVE,True
climate change refers to statistically anomalous climate behavior relative to what we see historically and what we'd expect to see if only natural processes were at play,NEGATIVE,NEUTRAL,False
well i think about the absence of the idea of the future a lot i think the posts that we can t personally do anything about climate change miss the point at least for me the fact it becomes harder and harder to ignore becomes a material concern in our local communities and we can do something about that we will die if we continue business as usual cannot stop doing business as usual and cannot openly say this business as usual which we re doing is getting increasingly desperate i think the dissonance of that is causing an enormous amount of material damage already and that it can only get worse so i suppose i think not thinking about it doesn t seem pragmatic to me? better to find a way to come to terms with it whatever that looks like but i m not going to go around shouting at people about it,NEGATIVE,NEGATIVE,True
climate change or poor design and the urban heat island effect ?,NEGATIVE,NEGATIVE,True
my thoughts on it are that it exists but it s not as serious as some keep saying i think a lot of the alarmists are unintentional puppets being used so governments can cram down more regulations on their people while using climate change as an excuse this makes more sense when the science doesn t seem to back up the doomsday we ve got twelve years stuff also the fact that a lot of alarmists keep screaming we don t have much time and they ve been screaming it for a while now anytime you say it may not be so bad even if you acknowledge climate change as very real you get called a climate change denier that sounds to me like someone pushing a political narrative rather than the truth the sky is still blue the forests aren t all burning down and the air and water away from cities is still clean well minus the mud and other natural stuff it s definitely real but it s also been going on for a while and we ve done alright that being said it s certainly something we should address being able to affect our climate in a way that improves our situation would be a good thing and i think the solution to climate change comes with free markets and technological advances where there s a need there s a profit what can individuals do? probably just do their part to keep stuff clean recycle what you can if your city requires lets you pay for a recycling bin go ahead and do it see if you can learn how to reuse some thing you have that you re ready to get rid of as humans it s our job to take care of the earth and on an individual level recycling is probably your best bet do industries need to change? maybe some but it may surprise you how much some industries already do from reforestation to using recycled cardboard and donating too we have an impact for sure but i don t believe it s as big as some believe it to be,NEUTRAL,POSITIVE,False
no there is no 'solving' climate change that boat has sailed the best we can hope for is manageable damage and smart adaption and even to achieve that we need drastic action and we need it years ago,POSITIVE,POSITIVE,True
since the real world impact is mild and effectively unalterable the urgency of climate change is proportional to its political usefulness which naturally declines after decades of crying wolf,NEGATIVE,NEGATIVE,True
climate change is real and terrifying we need to rapidly develop and implement alternative energies yes recycle limit waste don't drive if you don't have to take public transportation bicycle commute eat a plant based diet all of these things are easier to do than people think i've changed my lifestyle in these ways and i feel much healthier and happier without change we will severely impair our ecosystem which will eventually destroy food sources with rapid change we have the potential to live on a happy healthy planet overall i'm not optimistic about it,NEUTRAL,NEGATIVE,False
so i'm a phd in chemical engineering and i worked in oil and gas i honestly didn't know what the fuss was about cause it's hard to imagine a small amount of co in the atmosphere would cause the temperature to rise and even if the temperature rose by a few degrees what's the big deal right? and the temp went up and down forever so it must not be tied to co ? anyway i ended up working in the renewable energy space later for like years and at the start of it i wanted to learn more and read about climate change and it's impacts i basically boiled it down to how does this affect me? it it's water food economics water too much or too little and unpredictable food billions of people rely on food which requires a predictable amount of water not all of it dumped at once economics civilization was made about years ago on a stable climate before that it was unstable and the population increased or decreased based on food consumption they couldn't have agriculture without a relatively stable climate that surplus food let to economic systems and we built everything off that so i think in an environmental class should be mandatory cause i went all the way to a phd in engineering and wasn't exposed to this stuff it's clear now that the problem is a major issue for humans i can't imagine what folks that don't have a science background think they probably treat it like a religion and not evidence based,NEGATIVE,POSITIVE,False
thats fair enough i was trying to make a point about rapid climate change but yes that is different to global mean air temp,NEUTRAL,POSITIVE,False
for one rising sea levels will impact coastal cities where most people in the world live if you think immigration is a problem now just wait until increased flooding forces these people from their homes it doesn't stop there overall weather patterns are deeply influenced by climate change some areas get wetter others get dryer the syrian conflict has been influenced by climate change in the short term it makes sense to have your attention focused on the conflicts of the day and how we can fix them but it's important to realize the behemoth of conflicts a changing climate can cause,NEUTRAL,NEGATIVE,False
fracking in the usa has reduced emissions in the usa more than germany with their green energy drive and kept energy prices reasonable it is a example of technology making a difference this a technology that could be deployed around the world to reduce the reliance on coal but the main thing to be encouraged by is the general improvement in the population grown x better fed and educated and live much longer climate change is a problem but only to the developed world,NEGATIVE,POSITIVE,False
another aspect of climate change that has been touched on but not really explored is climate stability as an engineer you know that most systems have various points at which they are stable and will tend to shift back toward that stability point after a disturbance unless the disturbance was large enough to cause the system to shift to a new stability point think of a floor lamp it is stable when standing upright and if you give it a small push it will settle back to its base give it a large push however and it'll tend toward the more stable position of laying on its side the earth is quasi stable at around pre industrial temperatures that's why there are cyclic periods of glaciation ice age this is the lamp sitting on its base however models show that there is a much stronger point of stability at roughly to degrees higher than pre industrial temps this is the lamp laying on its side us pumping co and methane out in the atmosphere is the equivalent of pushing the lamp over to its new stability point most models show that if we cross to degrees warming the earth will naturally warm to to degrees we are well on track to hit degress warming if we don't significantly reduce our emissions most of the biosphere is incompatible with that amount of warming and global carrying capacity would reduce from roughly billion people to approximately one million people this transition would occur over one or two generations,NEUTRAL,POSITIVE,False
false until proven otherwise proving climate change is caused by human activities requires isolating variables and comparing to a control variable doing both of those is nearly impossible to do on a global scale without doing this all data shows is trends but not causation from point the climate has been warming since long before mankind was a factor providing that climate change cannot be blamed solely on mankind and what role if any mankind plays cannot be measured specifically so how do people not believe it? simply because belief requires faith and many people hold a higher standard for validity than faith modern science is more akin to a religion that requires belief and appeals to authority rather than verifiable or repeatable collecting and testing of data it's easy to say that the earth is getting hotter and then pointing to cars that produce heat and smog as the reason but proving their impact requires a significantly higher standard of empirical research that will never be carried out if the experts were right about climate change we would have all been swimming in boiling water two decades ago,NEGATIVE,NEGATIVE,True
protecting biodiversity how are we currently effecting biodiversity? what is the issue you're referring to here? food is just as important if not more important than fuel conservation and management should be as important all modern food production is done by machines powered by electricity without fuel to provide that electricity there is no food so i'm going to have to say that your point does't stand conservation is also irrelevant to your point conservation is about preserving the natural environment and the agriculture industry is one of the biggest destroyers of natural environments water conservation water conservation is important but it is still one of the most abundant resources in the world desalination plants can get freshwater out of seawater and our civilization relies heavily on water purification machines both of these things require electricity to work which requires a power grid we are loosing it due to arctic melting people weren't using the polar ice caps as a water source to begin with it's not exactly in a convenient location and it's not like water just disappears when it melts it's still on the planet the ice caps melting is a problem but i don't see how it has any effect on our water supply if you're referring to glaciers or mountain ice or something else that people do use for water sources then i guess i can see your point maybe environmental issues need to get a bigger part in climate discussion they already do you can want to save the rain forest and want to see large scale adoption of nuclear power at the same time the two aren't mutually exclusive and in most cases climate change and environmental issues are not separate freshwater shortages desertification dust storms wild fires all of these things are symptoms of climate change you can't solve one without solving the other,POSITIVE,NEGATIVE,False
climate change is increasing the value of farmland in north america so if you own farmland in canada or north dakota you are benefiting from it,NEUTRAL,NEGATIVE,False
he s not saying affected by climate change he s saying he hears less about it which is true in the u s like it or not the government influences what gets talked about and our current government doesn t care about climate change and is actively trying to silence discussion of it they are legally banning research discussion and comments about it also there s only so much news a person can take in and the current admin is a firehouse of crazy nonsense leaving less room for other topics,NEGATIVE,NEGATIVE,True
climate change is a politically motivated term that replaces the previous term global warming which had replaced the original term anthropogenic global warming agw the term agw was seen as being too obscure for common people the term global warming also failed to excite because people prefer warming to cooling so that term was replaced with climate change because that sounds scary and it worked nothing works as well in getting people in line with your agenda than does scaring them to death other political issues can be seen from several perspectives and that leads people to vote one way in one election and a different way in another climate change is easy to understand and is sold as a black white issue it polarizes people like nothing else because we now have a huge number of people scared out of their minds who are pissed at the people who aren't scared and vice versa worse each side attributes every deplorable feature of humanity on to the other side so now we have a situation where belief or non belief in agw requires adherence to a wide range of beliefs that are exclusive to one side or the other for example i'm a skeptic of agw so i've been accused by believers of being anti vax a flat earther a gun nut a racist misogynist a nascar fan anti abortion and a shill for big oil they have no evidence of that other than my not buying into agw on the other hand those who are extremist the other way assume that i'm all of those things because i agree with them on one issue that is political polarization at work climate change is a sick political game and nothing else the tactics used to sell it are underhanded it appeals to emotion rather than sense reason or science it is such a pervasive construct that psychologists now recognize climate derangement syndrome as a mental health issue,POSITIVE,NEGATIVE,False
some people will die because of all the extra flooding landslides etc but generally speaking no your generation won't die because of climate change but it's probably going to suck quite a bit more than now and it strongly depends on where you live,NEUTRAL,NEGATIVE,False
climate change is not real! it is a government conspiracy,NEGATIVE,NEGATIVE,True
all climate doomsday predictions up until now have also been debunked these predictions and models are just that predictions and models and hurricanes floods heatwaves and coldwaves are natural phenomena and more intense versions of them are in no way proof of anthropogenic climate change,NEGATIVE,NEGATIVE,True
thank you for your service glad to hear from people like you for many reasons i know there is technology being tested and will assist us dealing with climate change but the global picture is concerning if only the news media could be frank and pragmatic then maybe there'd be more sensible direction in dc,POSITIVE,POSITIVE,True
it was politicized we turned the whole argument into money and power instead of a quality of life issue that we all need to address big money players have polarized the argument in order to keep their money and so people will see that their political views mostly align with these people with the exception of climate change our political parties are so polarized that it is all or nothing if you are republican this polarization attempts to force you into aligning with all the views they have so you default into believing climate change isnt happening and then the echo chambers do their thing and you see nothing of the problem,NEGATIVE,NEGATIVE,True
even if we stopped all the pollution in the world climate change will still there,POSITIVE,NEGATIVE,False
i agree that it's complex but the poll only wanted to establish the first part do you believe that climate change is occurring? other polls have broken it down further for instance those who believe climate change is occurring don't always agree that it's caused by humans or that measures should be taken to alleviate climate change,NEUTRAL,NEUTRAL,True
i live in california which is a very liberal state our governor and his cronies sold out hard to the utilities and have dismantled green energy incentives all the while talking about how they support action vs climate change what a joke they also jacked up electrical rates the cost of living in california is already bad and this makes it worse so of course going green is associated with getting screwed financially over cents a kwhour people associate those costs with green energy i tried to do my part and i regret it now i wanted solar panels for my house but couldn't afford to buy them so leased them through solar city which got bought by tesla i had to pay to get my roof fixed prior which was a major expenditure as time went on i realized i was a fool to lease my panels and they were able to grossly increase the costs of the lease due to electricity prices increases i didn't know that could happen till it did and i was surprised to see my lease go from slightly over to around i should have never bothered newsom wants to be the next president of the usa he says he is for fighting climate change but he is a con man just like the other politicians and it is insanely expensive to live in california,NEGATIVE,NEGATIVE,True
it s ideological just like the notion that all climate change is man made is ideological there s no doubt that climate is changing that said climate has always changed is man causing climate change? yes is man the primary cause of climate change? this is where ideology blinds those on the other end of the spectrum many people on this very sub lose their minds at the very sight of this question without ever taking a meaningful objective scientific look into it the looming barrage of downvotes will only prove my point,NEGATIVE,NEGATIVE,True
beyond the very strong science on this talking points for 'kinda sceptical' friends family on climate change,POSITIVE,POSITIVE,True
only that everyone believes they can be part of the few millions so its easier from a psicological point of view to cope with climate change i think,NEUTRAL,POSITIVE,False
idk if this will help anyone else but it does help me a bit essentially even in the absolute worse case scenario with climate change where humanity is unable to survive as a result of it life will still be here yes it will have taken a great hit but it has done so before and would have done so again regardless of how things turn out with us it will take time but life will come back,NEUTRAL,NEGATIVE,False
spot on the thing that terrifies me the most about climate change is a methane burp from rotting permafrost and destabilized gas clathrates that is a self reinforcing feedback loop growing exponentially it could go from bad to hell on earth in a decade or so and abrupt climate change is always a mass extinction event,POSITIVE,NEGATIVE,False
the climate change deniers tend to vastly come from another demographic and that's religious people they don't believe climate change is human caused because it doesn't fit into the end times mythology the few that aren't religious and think it's a hoax think we aren't capable of making that much of an impact on our environment,NEGATIVE,POSITIVE,False
the danger is desertification of arable land and depleting non renewable fresh water sources climate change is a result of the much bigger problems caused by poor agricultural practices exacerbated by us government farm subsidies,NEGATIVE,NEGATIVE,True
well climate change is everyone s thing nobody will be infected by it which would be the argument for probably though it s unclear what op actually means by that,POSITIVE,NEGATIVE,False
not really climate has been changing for thousands of years and it will continue to do so regardless bill gate says climate change is overrated so don t sweat it it was a big lie anyways,NEGATIVE,NEGATIVE,True
there is constantly climate change and inspection of ice cores clearly shows this variation these cores show facts not predictions or statistical fiction the biggest pile of crap ever delivered is delivered by big mouthed idiotic scientists backed by big business not the majority by any means but definitely the loudest oh yes there is a big agenda for many very very wealthy people in ensuring this absolutely inane ideology pervades we are constantly told that climate change is man made it is not!! our impact is miniscule now you need to be absolutely sure of what you are espousing when it costs trillions of dollars and the impact of this leads to economic destruction of the less privileged members within western civilisation bear in mind almost all pollution comes from india and china well over this nonsense will be looked back on in much the same way as the ludicrous reaction to covid we have all been controlled and duped sad times for civilisation,NEGATIVE,NEGATIVE,True
i think everyone can literally see the effects of climate change now with all the weather disasters getting bigger and bigger but most think it won t drastically affect them in their lifetimes,NEUTRAL,NEGATIVE,False
it should be called climate instability not climate change if cc wasn't caused by dirty energy big oil could would have funded the research to prove it decades ago with their almost infinite wealth funny how they didn't likewise if co was removable from the atmosphere they could develop the tech and then continue making bank with no pushback funny how they don't despite their shitty bad faith arguments about liberal elites with beachfront properties conservatives know as well as anyone that things are looking really bad they just don't particularly care about their offspring and aren't very good at the conservation part of the word conservative it's always been a question of when not if the ipcc models were wrong and we're at c already turns out sometimes alarmists have a reason to be alarmed,NEGATIVE,NEGATIVE,True
i think its past time for everyone to consider personal and financial protection for themselves and their loved ones after all the government has known about the dangers from climate change for decades and yet they still issue those fossil fuel permits so don't expect a knock at your door with help from the federal or state governments before or after a large scale climate disaster hits your town,POSITIVE,NEGATIVE,False
to add to that the corporations use their political influence to take advantage of the most vulnerable of our population this is the basis of our political culture there is a reason that the republican party targets groups with low education levels and religious groups they have spread the idea that colleges are pushing their woke agenda because they don't want people to trust science or facts religious groups are also an easy target because and i'm sorry to all of the religious people who are not prepared to hear this they already have shown that they will blindly follow the group mentality or authority figures without questioning or using any logical thought these are the easiest groups of our population to manipulate and this is why we keep hearing so much pushback to ideas that seem obviously correct to people who are educated things like climate change taking care of our environment having a global mindset social justice equality also from a psychological perspective people who tend to trust have a need for authority figures also tend to have a high degree of fear that's why we hear arguments like the immigrants crossing the border are murderers and rapists or we need to keep muslims out of our country so the terrorists don't get in these ideas obviously have no merit when you look in to them politicians are just fear mongering because that's what their demographic responds to,POSITIVE,POSITIVE,True
a lot if there was a meteor heading to earth that was guaranteed to hit in years and kill billions i think people would be pretty worried and we'd be ok with doing spending whatever it takes to knock it off course but climate change and they just shrug and say there's nothing they can do it pisses me right off how everyone can be so ok with making everything worse for the next generations and being so unwilling to make even tiny sacrifices themselves,NEGATIVE,NEGATIVE,True
you provided a pdf from a climate change denial site congratulations there are no academic papers that say it,NEGATIVE,NEGATIVE,True
population reduction affluence reduction technology focus change to produce only the barest essentials people need to survive shelter water food it is not a glorious future i envision but resources are running out either way and we'll be there no matter what the faster we accept end of material affluence and cease using polluting forms of energy the less damage our generation does to the planet the issue is this program a degrowth of everything is the opposite what people want so it isn't popular and i predict no one else will say that we need to do all of this and more if we are to fix climate change which is direct result of use of technology nonrenewable energy resources and having massive oversized population whose needs for living space and massive quantity of waste that is byproduct of economic activity is currently directly destroying the biophysical basis of life on earth we won't give up our comforts voluntarily is my prediction and therefore climate change is not fixable all we can manage is maybe slow it down a bit like a few years before it gets as bad as if we had never cared one bit about it,NEGATIVE,POSITIVE,False
climate changed before but at a slower speed therefore plants and animals had time to change with the climate animals with short fur grew longer fur in order to make it through harsh winters birds migrated further south things like that that takes generations to do think about it like this if i totaled the amount of blood you have lost from every cut nick gash it would probably be in the pints however if you lost that amount of blood now you die this is what we are doing to the climate,POSITIVE,NEGATIVE,False
i work with natural ingredients and every year certain materials become more scarce due to climate change flood heatwaves frost and when there's scarcity big companies buy up all the stock creating further shortages and increase prices,POSITIVE,POSITIVE,True
'you can lead a horse to water but you can t make him drink ' aesop's fables in the world was modern and advanced in the eyes of people who were alive in and most believed the world was flat when the magellan expedition sailed from spain in and returned in they reported that they successfully had circumnavigated the world and did not fall over the edge because the world was round and not flat many people who learned of this claim thought it was tantamount to a hoax or some sort of big lie because they knew that the world was flat and that the expedition members would have fallen over the edge and died if they had tried to sail beyond it map of the world the brown colored outer border of the map marks the edge of the world where people would meet their deaths if they sailed beyond it wikipedia the total global human population increased from an estimated million people in to an estimated million people in census bureau i would not be surprised to learn that during the period somewhere around up to of the global population believed the earth was flat however by most of the global population had learned to accept the idea that the world is not flat during the next or more years some people and their descendants might continue to believe that human induced global warming and climate change are not real somewhat like people who continued to believe that the world was flat after the magellan expedition circumnavigated the world during,POSITIVE,NEGATIVE,False
as an individual the greatest things you can do are to consume less animal products and to also fly less otherwise you can t do much else it s mainly industries and corporations with the blessing of government and the top that cause the most damage your personal contributions are in comparison negligible however it s important to educate yourself and the community around you teach kids convince elders protest set up grassroots campaigns and spread awareness because the world needs to be encouraged to action messaging needs to clear and positive doomerism does not convince anyone climate change is a global problem and it will take a united effort to fix therefore democracy is our only hope,POSITIVE,NEGATIVE,False
it isn t strange it s very common climate changes has occurred when humans had no agency in the world and endless variables effect it it is strongly believed and evidenced we are contributing to current changes but your friend probably is right to be skeptical and climate change can happen regardless of humans,NEUTRAL,NEGATIVE,False
ope i think i may have misread or misunderstood a part of what you had said earlier then i think we all know climate change is very real however i think the doomerism just tends to kind of be a part of it because of how dire the climate change situation is,NEUTRAL,NEGATIVE,False
i have literally never seen content saying climate change will be gone by where do you see that?,NEGATIVE,NEGATIVE,True
climate change is a natural solar cycle that heats and cools the earth nothing we did caused it and nothing we can do to stop it although pollution is a very terrible problem that is caused by and can be fixed by humans pollution is the enemy,POSITIVE,NEGATIVE,False
nothing effective is being done to slow stop climate change or even to slow it down greenhouse gases in the atmosphere keeps rising at a steady pace without any sign of slowing down none!,NEGATIVE,NEGATIVE,True
i feel scared of course but i alternate between hopefulness and despair i currently only have the time to write a short response but i have hope knowing that we have all the solutions necessary to mitigate climate change and maybe even bring us into a carbon negative world what gives me despair is that we have one major road block getting there us because apparently to our government the military deserves to be funded more than continuing to exist on this planet of course we ve made great progress yes but it just isn t enough if you look at climate action tracker you will see that there is quite literally no nation fully on course to meeting the paris climate agreement goals though other sources say only the uk and denmark are it s a mixture of despair and hope knowing that we can do it we just aren t doing it fast enough,NEGATIVE,POSITIVE,False
typically the same person who denies climate change also is christian faith is believing in something that you know deep down isn t true you still believe it because it makes you feel good inside the reverse is true for a person that uses faith for their beliefs has a hard time believing in actual facts because it causes issues with their faith,NEUTRAL,POSITIVE,False
i think we have reached the point where most people that would care are already aware and most of the rest there's not much we can say to them to make them care climate change is a well accepted phenomena we don't need more talk about climate change existing which is what regular people seem to think is enough because we're passed the spreading awareness phase what we need instead is the action phase there's a lot of grassroots climate change action but what we need is systemic change which will only work if enforced by government the next problem is that we have so many other immediate problems in government that we are all too distracted by that to push for too much political climate action which is fair because if we live in a dictatorship there won't be much we can do systemically about climate change anyway,NEUTRAL,NEGATIVE,False
climate does change you're right about that the problem is not the fact that it changes but the rate of change check out the relevant xkcd you're expecting grand changes before you notice it's slight changes a few degrees which can have catastrophic events also what are the more important issues that climate change is distracting from?,NEUTRAL,NEGATIVE,False
i think about it all the time because i have a very old house that is particularly susceptible to long dry spells followed by heavy rain and easterly winds which is how it appears to be manifesting in my part of the world this doesn't do the garden much good either and the farmers here are clearly heavily affected some years too i don't really worry about it because there's nothing i can do minutes in america will show you that the uk and europe is pissing into the wind when it comes to emissions reduction the population maths is equally damning we should obviously be trying to reduce egregious emissions and equally obviously prevent all pollution but we're already suffering from diminishing returns and choosing to wear a hair shirt while much of the world is pigging out without remorse is pointless and little more than virtue signalling as an old school environmentalist i am also aghast at how much attention climate change has stolen from less fashionable causes like pollution prevention and habitat protection the vast majority of at risk species will perish from these two causes long before climate change gets them these are much more immediate problems that we can actually do things about and will have an immediate effect on the environment we live in,NEGATIVE,NEGATIVE,True
i kinda get trying to find a positive side and not looking only at the negative side but i'm not really gonna join that discussion tho good luck with it! about the other people in this thread most people that studied a bit about climate change see your question as similar to asking what was the good side about the holocaust? because most studies show that climate change is headed towards mass extinction of humanity that can obviously and justifiably be a sensitive topic to talk casually like you did it is also definitely not a pretty basic question if it has an answer it is probably a lot more complex and layered than you may think i hope this provides some insight on why people are answering you the way they are i'd still like to understand why you asked the question but i believe i asked you in another comment if you'd be so kind as to answer it too!,NEUTRAL,POSITIVE,False
ok so let's have a look at some of the things that are happening solar wind installations are at a record level the price of these are falling rapidly across the world all grids are moving towards carbon neutral even in china which is continuing to build more coal power they are building even more solar and wind than that battery tech is improving and dropping in price rapidly the price of lithium batteries is expected to halve over the next five years according to catl who are the biggest manufacturer alongside that sodium ion batteries are becoming viable these are much cheaper but much less energy dense than lithium batteries but should be good for home and grid usage at grid level battery tech is proven and commercially viable i don't know about other places in the world but in the uk every new solar wind installation will now come with some battery storage installed with it iron air batteries will make grid level storage extremely cheap assuming the proof of concept works next year which it should evs are absolutely going to replace cars in of places in the next couple of decades phevs might cling on in some extreme rural areas cars vans lorries are all good now with the progress we can expect to see cargo ships are being worked on hard to find solutions airplanes? who knows gas heating is going to change to hydrogen or be replaced with electricity already across the eu it's mandated that new boilers need to be dual fuel so they can handle hydrogen if and when a switch is made there was a trial in the uk for the switchover but i've just found out it was cancelled at the end of last year so idk what is happening with that but air source heat pumps are fantastic ways to heat homes and building new homes to high energy efficiency standards is a matter of regulation not technology there's absolutely loads of stuff happening to mitigate climate change will we avoid degrees warming by ? i doubt that probably not even degrees but it can be done don't stop thinking about this stuff we have to keep acting to force governments and companies to produce the major changes we need and be prepared for the impact that will have on the western lifestyle but don't be a doomer the solutions exist to mitigate climate change and manage the problems we will experience and the way to get them in place is to be optimistic about the possibility of a non apocalyptic outcome and fuck it if we try and fail then that's just the same as not trying and failing might as well give it a go instead of sinking into depression,NEUTRAL,NEGATIVE,False
little do they know the warming started skyrocketing right around the time of the industrial revolution fun thought cars stop all the time just like the earth's climate changes all the time if your car comes to a complete stop from a high speed in under a second though you're gonna feel it and it ain't gonna feel good the kind of temperature swing we've seen in the last century normally takes place over the course of a few thousand years so our car is stopping about ten to thirty times faster than it normally does it's gonna hurt the hospital bill is gonna be a helluva lot more expensive than the wear and tear on the brake pads,NEGATIVE,NEGATIVE,True
a few points carbon emissions per person are higher in developed countries see and compare tons per person in the us and canada in china in europe in india and in kenya developed nations can both cut their own carbon emissions and also support developing nations in building a cleaner energy grid next you'll note that the forecast is about years from now while it's true that the effects of c warming are bad in it's not like warming is going to stop there warming will continue as long as human carbon emissions outpace the climates ability to reabsorb it and remain functional buckling down and preparing for the worst case scenario without addressing emissions just means that when hits our kids and grandkids will be looking at another c warming or more by co also becomes disabling to humans around ppm times current levels so at some point that will be an issue too lastly human society is far more interconnected than ever before as a historical example the fall of rome greatly affected europe and northern africa for centuries after it collapsed as the code of laws and trade routes protected by rome fell apart it would be centuries until europe reapproached the level of sophistication seen in rome the level of widespread chaos that will ensure by without a solid reduction in ghg emissions i think is enough to prompt similar events except they'll be happening all over the world as fertile land shifts major species go extinct and fresh water becomes rarer given the current unstable political climate in many major countries this seems even more likely the fall of rome largely didn't impact cultures not within romes sphere of influence but the fall of any major country today will be felt worldwide especially when you consider that globalization has led to specialty production of items around the world even a relatively minor disruption to trade like covid caused significant issues that are still resonating today while i too have no doubt that humanity will survive in some form i'm not sure we will recognize it or what preparations we could do to improve our odds putting aside politics to address climate change one way or another would be a good start but if we could do that we could reduce emissions in the first place to sustainable levels i am not sure many nation states will survive in their current form so basically we need to plan to reduce emissions the better job we do the longer we have to a plan for adaptation and b work on reducing emissions further there is no scenario where humans survive on the planet over many centuries without capping carbon emissions to a sustainable level ie no net increase in co levels the sooner we do it the fewer people die and the less likely a major collapse of civilization like post rome europe is adaptation is a valuable plan too but it needs to go hand in hand with reductions,NEUTRAL,NEGATIVE,False
this is the only answer which sounds like the poster actually talked to a sensible climate change denier everyone else is literally just beating up what they think a climate change denier sounds like i've met a fair few of these types of people many of them even work within esg they'll handily tell you that it's because they work in the industry that they feel so defeatist about it the most common example given all the company incentives to plant trees or carbon offset are done through buying carbon certificates which are actually the company paying into a marketplace and other companies taking that cash to fund carbon offsetting programmes like planting trees the problem is the market always gives the maximum carbon offset amount per tree right from project start when trees kinda need time to grow and then many times these projects are bought out and harvested before they've paid out the carbon offset by the huge increase in paper demand as we're trying to replace plastic another common complaint is the replacement of plastic with paper in completely stupid ways like the production of food paper containers is way more energy intensive than plastic because it is more complicated to make that paper waterproof i still think it helps even if the industry isn't perfect or even good atleast something is being done atleast some carbon is being offset in the tree's short lifespan rather than none,NEGATIVE,POSITIVE,False
ok all women are adult female humans if you disagree with this you're a jackass i don't think this is reasonable here because gender is a taxonomy all models are wrong some models are useful and all that whether or not human influenced climate change is real isn't a matter of opinion or categorization it's actual fact,NEUTRAL,NEGATIVE,False
unfortunately one of the two major parties in the us is a death cult who thinks that protecting the ecosystem that supports life on earth is too woke climate change is not a partisan issue in many other countries,NEGATIVE,POSITIVE,False
simple summary evolution natural adaptation of plants and animals is slow very very slow climate change is fast very fast if plants animals don t adapt they die we can adapt quickly but we depend on plants animals they die we die the end,NEGATIVE,NEGATIVE,True
at this point the best you can do is protect yourself and your family from the consequences of climate change position yourself at an advantageous point,POSITIVE,POSITIVE,True
climate change is a man made myth,POSITIVE,NEUTRAL,False
that's the feeling this post left me with too its depressing that there are still skeptics out there who believe it's better for us to adapt to climate change instead of cutting emissions its like how much more evidence do you need?? does op not read the news?,NEGATIVE,POSITIVE,False
i ve been so depressed and anxious about climate change for the past couple of weeks it s taken deep thinking and lots of different perspectives to really come to terms with the fact that we are creating a mass extinction simply by living our lives but it s also riveting to think that this is a major part of the history of earth and may just be the ultimate karma not only for the greed of the top but for the general inaction of the public so now i ve decided that i am going to spend the rest of my life trying to do something about this whether it be preserving nature or lobbying for laws action is the very best thing for this just do something beneficial and be conscious after all to quote one of my favorite songs silence speaks louder than words,POSITIVE,POSITIVE,True
it's very very difficult to reverse the climate change that has already happened the primary goal is to prevent further change but it's definitely still going to get worse before we get to net zero and prevent further damage hopefully we'll get most of the way there by or,NEGATIVE,NEGATIVE,True
i have to say i'm american and i'm appalled by the number of americans who flat out deny climate change there's plenty of evidence and it's even happening all over the country with obvious changes in weather patterns in regions that have never had that kind pf weather before thank you for the work you do we need people like you,POSITIVE,NEGATIVE,False
the two are not mutually exclusive earth is heating up naturally and climate change increases that heating further,NEGATIVE,POSITIVE,False
tell your friend this that while climate change is natural scientists are still compiling data and adjusting models as needed humans do have an impact on the environment and that though it's always ok to remain a little skeptical it does not hurt to do your research and find ways to limit the wasteful living practices that we have today if nothing else it will save money,POSITIVE,POSITIVE,True
because it's not popular anymore just look at greta she get much more attention and apparently money by her pro palestinian activism climate change was also hijacked by corporation and influences who don't understand sh and politicians who do not want to do anything just do some talks and move money somewhere walkable cities and public transportation? nah let's throw endless billions on electric cars and on high speed train in places where you cannot even commute on rail wonderful example in europe is germany so of course it is off the track when sales pitch is to throw away older stuffs and buy new more expensive stuffs and with higher taxes for you not corporations of course,NEGATIVE,NEGATIVE,True
there is but in a strange and challenging way if you look a bit deeper into the idea of the anthropocene to why it is actually meaningful it is actually saying that humanity technology has reached a state of development where it is now a significant geological force because if you think about what is the root foundational cause of climate change it is essentially the unwise use of technology that is why we are in this situation it's a central mythological story of the west's technological foundation prometheus giving humanity the fire when deep down he knew we would fail the test what i am saying is that this is about a bigger story something on a cosmic scale that has nothing to do with you as an individual but at the same time it has everything to do with you that's the paradox and mystery a story is unfolding something being revealed or shown to us about our own nature which is actually nature getting to know itself which includes technology that is absolutely fucking mind blowing now if only we can survive and continue that story what a story it would be,NEUTRAL,NEGATIVE,False
i only suggest that some people seem to try to trivialise the current climate change by suggesting that the change in average global temperature is small and l suggest the current changes are not unprecedented but others are trying to greatly exaggerated dire consequences predicted for sometime in the future,NEUTRAL,NEGATIVE,False
temperature increase has been predicted fairly well the relationship between co and temperature is the least complex part the relationship with long term trends of weather events is far more complex and i don't think we can conclude that the models have predicted that well so far we even have problems seeing trends in the data temperature is the most important factor in climate predictions it shows that climate scientist understand the basis of climate change weather events can be seen and measured and they are showing the dangers of global warming i don't think it's bad either i showed you some results i agree that not everything is bad but enough is bad that we are seeing it is dangerous for humans and getting worse do you agree that the temperature is going to continue to rise and that extreme weather is going to get worse because of that i don't have to present evidence that grops and forests are good for humans and animals come on crops and forest are good for humans but forest are decreasing and we pay farmers not to grow crops so you still have given zero evidence for how the greening of the planet is helping humans you don't have to do anything but if you can't give evidence for your claims then there is no reason to accept them they are just claims so if a lot of people die when it's cold perhaps less cold is good then? you can remove influenza from the data set but why is there more influenza in the winter if it has nothing to do with the cold? influenza bacteria just happen to like january regardless of temperature? you have provided evidence that more people die when it's cold than when it's hot according to those measurements you haven't given any evidence that less people die during winter when the planet warms relative to population no a study on temperature related deaths does not include deaths by other causes than temperature weird huh? not weird but what does that have to do with global warming?,NEUTRAL,NEGATIVE,False
when people can t afford housing and food abstract things like climate change are no longer their priority when your basic needs are met it s easier to think about less immediate things,NEUTRAL,POSITIVE,False
both would be pretty devastating to life that is currently on our planet but global warming presents a more clear and present danger to human life in particular we're far too dependent as a species on the biosphere as it exists right now for us to be able to adapt to any kind of radical shift in how it operates but global climate change is already causing a radical shift in the biosphere it's only going to continue to get worse,NEGATIVE,NEGATIVE,True
neal stephenson writes about this in termination shock hard right wingers pivot from climate change denial to climate nationalism overnight and their supporters go along with it i think that s pretty accurate,POSITIVE,POSITIVE,True
i believe in climate change and i don't care about it no matter what we do in the west other countries are going to continue pumping shit into the air they'll never stop we could all go carbon neutral right now and it would make no difference because humanity profit blah blah so there's no point in worrying because the earth will correct itself in time humanity won't,NEGATIVE,NEGATIVE,True
this thread has a lot of great answers what i like to say if all else fails is this there are scientists who study this full time for decades they are the world's leading experts and they almost unanimously agree climate change is real and we're making it worse but who cares about experts right?? you googled it for five minutes so you know better than them!!,POSITIVE,NEGATIVE,False
i feel like climate change is man made potentially catastrophic and highly likely to reach catastrophic levels of nothing is done mainly i think we need to move away from fossil fuels for automotive industrial and energy creation electric cars are already viable just more expensive i'm not sure about industrial equipment and the power grid can and should move to renewables like wind solar hydro geothermal and nuclear with battery storage when there is a surplus battery storage has been demonstrated in australia with the tesla batteries and battery tech still has room to improve in the future i'm gonna take a cop out and say both in the short term industries are the biggest problem they produce a lot of the greenhouse gases but long term industries are a group of individuals and if we can create a more environmentally conscious society the industries should start to adapt to fit that some of that can be seen with 'green' packaging becoming popular paper straws bio plastics etc if we don't do enough sea levels will rise and there will be mass migrations from places that will suddenly be in the flood zone the warming sea water will lead to a disruption in the oceans eco system likely making some species of fish we eat difficult to find and many others extinct reduction in fishing and coral reefs will impact tourism economies causing many coastal cities and popular vacation spots to fall into recession currently we've seen areas becoming more arid with longer droughts and poorer farming conditions this will likely lead to more of what we're seeing now where supply for food can't keep up with demand and store shelves empty quickly in the us large parts of rural america are farming economies and will struggle greatly if they're unable to adapt a potential remedy to lessen the blow would be greater use of hydroponics style growing but the yield will likely be lower scarcity of resources due to less food production industries shifting to focus on dealing with increasing temps food production and support political restrictions when people focus inward instead of sharing globally may lead to small wars but people at first may not be willing to engage in large conflicts when entire nuclear nations start starving things may get drastic if we do enough to curb and potentially reverse climate change things will probably go on business as usual for most people there may still be some flooding and crisis evacuations but probably more localized and not as global the fossil fuel industry will drop and coal mining towns will face serious economic hardship if unable to adapt to provide a new service for the country energy production may become less stable for a time while kinks in new technology are worked out but that will likely happen quickly new areas of research will open up as we're seeing already with a focus on energy storage and turbine solar thermal efficiency one study has already found that some plants may grow better in the shade of solar panels we'll likely see much more of this dual use mindset if it's a big global campaign that has determinate goals and progress we may see an increase in global unity and stability as nations work together to solve an existential threat,NEGATIVE,NEGATIVE,True
man made climate change is not a new concept it's not a new scientific or political position your whole logic chain there is based on so incorrect idea to make massive amounts of money they are making less actually loosing a ton of money if man made climate change is a false and they are pushing a hoax they could make more and have a way easier time doing something else like they have zero incentive to do that if climate change is not real the world economy would be doing way better its would be way less costly to burn fossil fuels and have cheap energy the economy would be bigger and growing faster they would be generating and getting a much larger return on investment by not supporting man made climate change and green alternative energy and efficiency control over the population lol? massive powerful companies and the us government already have and had full control of fossil fuels and the energy industry like one of if not most important critical necessary required things for society to function the nation's economy and global economy world trade generate wealth have an elite super power level military etc like you need fossil fuels to wage and win wars especially against super powers like control over the population and the ability to make massive amounts of money was already achieved and on lock for decades man made climate change and renewable energy lessened that dramatically fossil fuels industry wasn't even a free market before lol they literally lost what you are trying to say they gained if anything the hoax could be to switch the economy to renewables quicker so that we have fossil fuels for our military because rockets jets tanks ex will still need fossil fuels if we can make the switch quicker the demand for fossil fuels will drop lowering foerign production thus destroying their economies thus making it hard for our rivals to buy or get access to fossil fuels we have that shit here in the us and can process and transport and store it so they will have to buy from us or not have militaries,NEGATIVE,POSITIVE,False
i have a phd in materials science and have briefly studied carbon capture technology honestly i feel it is a pipe dream the main issue lies in the fact it takes a good deal of energy to regenerate the membranes that are supposed to capture co that is to safely remove the captured greenhouse gases so it can be cycled and used again current capacities are somewhere around gt year billion tonnes or million tonnes per year in order to meaningfully stop the effects of climate change we would need to be removing tens of billions of tonnes a year at least three orders of magnitude more than current operations this is a tremendous technological gap humanity has made huge leaps in science technology in short time spans before but it's hard to imagine that here with limited financial incentive especially with the current us administration that has no interest in subsidizing such tech even before during the liberal biden administration when this area first saw a lot of funding it largely felt like a feel good bandaid solution to give cover for petroleum companies to continue business as usual rather than seriously address the root causes the fact remains that the easiest quickest and most effective way to tackle climate change has been known for decades dramatically reduce fossil fuel emissions right now,NEGATIVE,POSITIVE,False
no no and since humans are not driving climate change there is no point,NEGATIVE,NEGATIVE,True
no longer trendy it is a first world problem and as the first world sees a drop in the standard of living climate change becomes less of a concern,NEGATIVE,NEGATIVE,True
i think it is possible that there are ways to mitigate climate change it's that the cooperation with all the nations especially those that contributed the most is difficult to achieve their goals it is really about how global leaders manage it,NEUTRAL,NEGATIVE,False
the good part about climate change is that it affects you whether you care about it or not,POSITIVE,POSITIVE,True
look i shouldn t be here but i just want to say something to you people that i really hope you all think about in regards to how you approach the issue of climate change most people don t believe humans are causing climate to change most people see climate as ever changing by nature and are not swayed by the information that is presented to us by the experts because it s been inaccurate historically it is what it is now even if humans are effecting the climate which maybe they are half of humanity lives in china and india therefore those are the most crucial parts of the planet to tackle i am not here to argue i have no interest in that i just want to make you people aware of these crucial points so you can better refine your efforts,POSITIVE,NEGATIVE,False
i d say it s a failing strategy to associate any given weather event or even weather pattern with climate change for instance it s been a great monsoon season in northern new mexico this year following a strong snow pack is the argument going to be that that region is a systematic beneficiary of climate change hand in hand with heat waves elsewhere? shall we stream the great monsoon as well so people can see the anti suffering that nominally results from climate change alongside the suffering that nominally results from climate change?,NEGATIVE,POSITIVE,False
we have a major extinction already underway ocean temperatures have increased already just enough to increase acidity to the point many species cannot survive the burning of fossil fuels and the resulting increase in atmospheric carbon dioxide co concentrations are the primary drivers of ocean acidification as co dissolves in seawater it reacts with water to form carbonic acid reducing the ph of the ocean and making it more acidic this process is known as ocean acidification many marine organisms especially those with calcium carbonate shells or skeletons e g corals shellfish and some plankton struggle to build and maintain their shells and skeletons in acidic waters this can lead to reduced growth rates increased mortality and extinction ocean acidification has been linked to mass extinctions in the past such as the end triassic biotic crisis the end permian extinction and the cretaceous paleogene extinction event in these events changes in ocean chemistry including acidification played a significant role in driving extinctions the current rate of carbon addition to the atmosphere ocean system is about ten times faster than during the paleocene eocene boundary event which was marked by a significant extinction event this rapid change in ocean chemistry is expected to have a profound impact on marine ecosystems models suggest that the ocean s ph will continue to decline with a projected increase in acidity by the end of the century studies have shown that extinction rates are higher than previously estimated particularly for bird species biology letters the global assessment report on biodiversity and ecosystem services lists climate change as the third primary cause of contemporary extinctions after land and sea use changes and direct exploitation of organisms climate driven changes in ocean chemistry and temperature are depriving marine ecosystems of oxygen leading to mass extinctions this parallels the permian triassic extinction event where global warming robbed the oceans of oxygen if global temperatures rise unchecked climate change could lead to a mass extinction event equivalent to the permian triassic event with up to of endemic or near endemic plant and animal species committed to extinction by a study found that the current rate of warming is similar to that experienced during the permian triassic event and warned that if emissions continue to rise the consequences could be equally catastrophic frontiers in conservation science scientists are telling us that humanity faces a ghastly future of mass extinction biodiversity collapse and climate change unless major efforts are made to reduce carbon emissions and change human industry and activity to those who don t believe climate change is real or heavily affected by humanity human activities emit approximately billion metric tons of co annually according to the data assuming an average daily emission rate this translates to around million metric tons of co per day you don t think that has an impact you ideots not only that who estimates that out of people breathe polluted air which kills million people every year fossil fuel combustion industrial processes and agricultural activities release various pollutants including nitrogen oxides nox sulfur dioxide so volatile organic compounds vocs and heavy metals so ya we need to take our future and life seriously and act,POSITIVE,NEGATIVE,False
i'm going to assume for now that you are honestly asking questions and not trolling it's not that the climate is changing it's how fast it's changing that's the issue major extinction events take place when the climate changes quickly on the scale of tens or hundreds of thousands of years we are seeing changes far faster than that this has the potential to wipe out a huge of species on earth possibly including us the reason why co is good for plants isn't really applicable is because with very few exceptions plants don't really move that much so when their existing range becomes too hot or too dry or too wet the plants die more co won't help when the forest they used to live in hasn't seen rain in years given the fact that humans still need to eat either plants directly or eat animals that eat plants this is a substantial problem for international stability nothing starts wars faster than running out of food and water as for why co is the bad guy it's because that's what we are changing the most and have the most control over the release rate of the amount of carbon in the carbon cycle is stable on geological timescales as the amount entering through volcanoes is roughly equal to what was being sequestered primarily via marine snow the problem is that these strange hairless apes came around and started pumping out gigatons of carbon that had previously been sequestered in the form of hydrocarbons and burning them back into the atmosphere this is going on at an exponentially faster rate than can be sequestered this higher co level causes a positive feedback loop that triggers further heating creating a runaway greenhouse effect and rapid climate change so if we do nothing we get extremely fast climate change lots of extinct species potentially including humans life will continue we just might not be part of it or if we are likely not at our current level of technological advancement,NEGATIVE,NEGATIVE,True
of course it is some changes make things better and some changes make things worse i honestly don't understand the confusion what i think you meant to say was urbanization is the leading cause of biodiversity loss climate change can include anything unless you have a rd grade level view like climate change human bad we emit co as a result of being extremely wealthy we can use this wealth to protect the environment i e change the climate we can use fossil fuels powered machines drain malaria ridden swamplands and turn it into farms to feed millions of people and animals we can use fossil fuel powered machines to build artificial reefs to grow the natural fish population we can use fossil fuels to create create flood dams to prevent the destruction of the land and instead provide habitat in the form of rivers and reservoirs that's all climate change too,NEUTRAL,POSITIVE,False
yeah for sure my hope is that they won't do too much damage because of the market pressure to keep using solar som red states install them a lot but it looks like president musk is going around throwing things down the woodchipper we're far from the days when he pretended to care about climate change,POSITIVE,POSITIVE,True
wow the first common sense comment i see about climate change in a long time,POSITIVE,POSITIVE,True
issues forests do not absorb co emissions on the time scales you are talking about they burn and decay releasing the captured co back into the atmosphere forests just delay the co which we need now even if we assume forests destroy co forever and all the new forests cancel out human emissions how is just cancelling out emissions positive? we already have more hurricanes fires and more people are migrating due to heat heatwaves kill people animal special are going extinct warm winters caused natural skiing resorts disappeared where is the net good ? climate change isn't is any way net good for nature or humanity there might be specific niches which benefit but unless you narrow your view a lot it's scientifically not true many of the studies into the response of plant life to climate change seem to suggest that most plants will be more stressed and less productive in the future,NEGATIVE,NEGATIVE,True
couldn't this be circumvented by bolstering renewable energy policies an incentive to embrace these technologies rather than focus on regulating the bad energy companies? yes it can but even then it depends dramatically on how it's done respectfully you can get public support for spending other people's money on things fairly easily and that's basically what's happened there are plenty of federal grants and subsidies for these things it just doesn't even begin to approach what climate change activists claim is required for measurable impact on climate change,NEGATIVE,POSITIVE,False
i would say that if you think climate change solutions are noble you should look into it more i would describe climate change solutions as controlling and commercial first before getting to noble much farther down the list of descriptors,NEUTRAL,POSITIVE,False
step one is rebranding the term climate change isn't accurate enough and sounds too natural it is man made climate interference that we need to deal with maybe that specific designation would wake more people up,NEGATIVE,NEGATIVE,True
why nobody cares about climate change anymore that is just silly anymore ? few cares about it in the first place except a few like al gore greta or the soup throwing idiots others at most pay some lip service but i suppose people decide they do not need to even pretend anymore after drill baby drill won,NEGATIVE,POSITIVE,False
it's my main issue when talking about climate change yes shit is going to get pretty fucking bad if we don't do anything about it let's be real though of commenters on this post are posting from their cellphone in their st world western country they are going to feel the effects of climate change the least and even then they will not be feeling super dramatic effects till probably thee end of their lifetime assuming we do nothing just pisses me off because all this doomerism does is make people give up and i think that is the point,NEGATIVE,NEGATIVE,True
no it will be microplastics and pesticides in the food chain that will get us seriously climate change isn't the only dire threat we face an apocalypse in years? probably not but things are going to be very spicy by the year,NEGATIVE,NEGATIVE,True
it s kind of hilarious how he alludes to the truth about climate change and then completely ignores it the thing that really keeps the client scientists up at night is what happens after the weather turns bad enough to significantly impact agricultural yields to the point that the world grows less calories of food than demanded this will eventually happen food distribution when demand exceeds supply becomes a political issue the government has to figure out how to ration or not ration and let the free market take care of it political behavior cannot be modeled and no one knows how the international politics of trade including export controls and war countries without enough food likely to blame external enemies you can t begin to predict that human behavior so climate scientists know climate change will result in an unequally distributed global famine but can t say where due to trade and politics,NEGATIVE,NEGATIVE,True
climate change will always exist,POSITIVE,NEUTRAL,False
ok but even if we concede that climate change isn't entirely anthropogenetic wouldn't rational people still want to mitigate its effects on humanitarian and economic grounds? i know i would earthquakes aren't as far as we know anthropogenetic either but that doesn't mean that we just ignore them and carry on as if there's nothing anyone can do about them to the contrary in places like california and japan building codes together with virtually entire infrastructures are designed specifically with seismic activity in mind anything less would be stupid i would argue that with climate change the case is similar,NEUTRAL,NEGATIVE,False
tragedy of the commons is very hard to wrap your head around how can a single fart from a single cow change the climate? how can a single candy wrapper or a single plastic bottle pollute the entire ocean? how can a single pair of cheap pants be the cause of millions of people being basically slaves? how could ordering a steak in a restaurant be the cause of the extinction of hundreds of species in the amazon? how can a bar of soap or an oreo cookie cause enormous deforestation in indonesia? a lot of people these days also don't engage with the climate or nature at all they just move from their house to their car to the office to the supermarket to the movies to the gym to the restaurant etc etc many cities have very little green cover and where there is some it's carefully managed watered pruned fertilised if the climate change would have wrecked the ecosystem of your area the people spend resources to make sure that things keep looking nice and healthy if someone has been trained to mistrust the public messaging there's a good chance their lifestyle and environment make it seem like climate change truly is a hoax,NEGATIVE,NEGATIVE,True
my footprint is not responsible for any part of climate change and an individual drop is not a part of an ocean it is all those other drops that are responsible!,NEGATIVE,POSITIVE,False
this is wrong if as a climate scientist you did work that was robust and went against the climate narrative your paper would be celebrated and you would win an enormous amount of future grants there is so much money out there if you can prove climate change isn t real with valid science it s hard for me to convey how much money and recognition that would bring to a scientist it wouldn t ruin their career it would do the exact opposite they would be the single lone climate scientist who proved everyone else was a worse scientist than they were hell they might win the nobel prize i m pretty tired of this censorship nonsense argument it doesn t hold any water whatsoever these people are not being censored they have bad science their bad science is being exposed and their careers as scientists are short as a result they are not short careers because they are censored they are short careers because they are bad at what they do same as any career you aren t going to have a long well respected career as a chef if you are a bad cook same thing here bad scientists don t have long careers as scientists but this is a good thing and very much not censorship in any way,NEGATIVE,NEGATIVE,True
i have zero faith in our species there is no stopping climate change,NEGATIVE,NEGATIVE,True
i suggest the book it is an attempt to predict the climate that you'll spend most of your years in if you are now it has plenty of fuel for optimistic and pessimistic takes on the futrue of the planet but it aims to be accurate and realistic since it came out in some of the predictions for the s have already played out so you can see what the limits of predictability are my favorite line so far from that book is that it is almost certain that the world will become more sustainable because unsustainable practices are by definition unsustainable it also talks about how things like war and political extremists slow climate change because they disrupt systems like global trade and as people are less happy they have fewer kids etc so it describes both potential postive feedback loops and the negative feedback ones as well,POSITIVE,POSITIVE,True
for what its worth they started modelling climate change on computers to predict it in the s iirc so now we have yrs to see if those models were correct turns out they were very correct and match reality except i think theyre a little slow maybe? current ai assisted models are prolly even more accurate so they all predict disaster if we dont significantly change our relationship with nature,POSITIVE,NEGATIVE,False
flying is absolutely a problem not because of co but because of the upper atmosphere particulate matter that seeds clouds which trap heat against the earth airlines and scientists are currently working to find out which altitudes seasons and routes are least harmful but guess what? those heat domes are going to be worse over cities with major airports yale how airplane contrails are helping make the planet warmer empty skies after set the stage for an unlikely climate change experiment cabot institute department of aerospace engineering university of bristol an insight into aviation emissions and their impact on the oxidising capacity of the atmosphere cnn study air traffic affects climate reuters aircraft contrails stoke warming cloud formation the climate impact of covid induced contrail changes the contribution of global aviation to anthropogenic climate forcing for to,NEGATIVE,POSITIVE,False
climate change isn't a problem for the survival of the planet however it could well be a problem for humanity starting with increasing conflict over water food etc as climactic changes cause massive reductions in the efficiency of the processes then ultimately large scale depopulation all of which comes with a distinct decrease in quality of life even for the rich people that's what seems to be the major issue at the moment the 'i'm ok so why worry' attitude of those with plenty probably including me to be honest even though i'm far from wealthy and by the time it does start to make a difference to them it will be well past the point of no return for societal changes,NEUTRAL,POSITIVE,False
i would argue that don't blame people as the sole reason because that is simply untrue we are catalysts that speed up the effect far more than what is natural i see often 'humans are the reason rabble rabble rabble' which directly reinforces the anti climate change deniers i took a psychology course for how to explain climate change and its very complex it's like politics both sides have the dumbest people shouting the loudest while the informed minority remain silent this causes many confirmation biases social media plays on this which amplifies everything there's so many systems at play here,POSITIVE,NEGATIVE,False
alot of money and control to be gained from a climate change agenda,POSITIVE,POSITIVE,True
i work in the climate change space and i really appreciate this comment it gets downright depressing sometimes,POSITIVE,NEUTRAL,False
for a simple overviews i think the wikipedia article is a good source and answers all of your quastions for further study the ipcc international panel on climate change has a big report every few years and lots of smaller publications i myself refrain from answering your questions because another reddit or here made a solid job in my opinion he could obviously said a little more like that we could go straight ahead into a global warming spiral but i guess at some point it just gets too much there are multiple reasons for that spiral when the earth gets warmer ice melts which means that there is less area which reflects radiation immediately back into space also when the tundra warms up green house gases are getting released etc if the earth is too warm those effects could take over and we have a very hard time in limiting climate change to not so catastrophic levels,NEUTRAL,POSITIVE,False
further to this the earth s atmosphere is always changing weather patterns related to ocean currents continental drift volcanism etc climate changes welcome to earth,POSITIVE,POSITIVE,True
if it was so true then why aren't they leading by example and getting rid of their climate destroying luxuries like s of s of square foot mansions on ocean front properties their private jets gas guzzling suvs yachts it's all bullshit and the climate change agenda is just another form of wealth transfer who financially benefits the most from the gnd when they force the middle and lower class to purchase the green energy products when a certain party is in power its a different climate agenda and rhetoric the republicans want fossil fuels that we the middle and lower class are forced to buy at exuberant costs taxation and their wealthy donors benefit from it the democrats take control then its all about green energy and once again we the middle and lower class are forced to purchase these products and it's their wealthy donors that financially benefit just research what the us politicians are invested in you'll find some very suspicious rhetoric and investments by the politicians many are invested in fossil fuels pharmaceuticals green energy and other industries that take from the middle and lower class to fuel the wealth of the wealthy and the politicians themselves you do realize that the less we the middle and lower class are allowed to use the more they will take? you do understand this right? so again i'll say it until they start leading by example and practice what they preach they should sit down and shut the fuck up and here's a prime example of the climate bullshit if the climate crisis is so bad then why are corporations continually creating more products that are bad for the environment? all the single serve foods in plastic packaging seriously a fucking pickle in a bag a glass jar of pickles wasn't enough they had to place a single pickle in a fucking plastic bag k cups what was wrong with making a cup of coffee using a paper filter and grounds grounds and a paper filter that could be composted now we got a single plastic cup that cannot be composted and tossed in a landfill with the coffee grounds don't even get me started on fucking bottled water then there's all the plastic packaging for products seriously if it's that bad then why are our politicians allowing big corporations to continually fuel the very crisis they claim will be our doom? simple answer money it all boils down to money and how to transfer the wealth from the middle and lower class the already wealthy corporations also research how the earth's climate has changed thru the billions of years it existed the earth isn't a constant it changes it has cycles that it goes thru and we are just along for the ride if you think it's hot now i wish for you to be around thousand years from now to experience what it's like to be on a hot earth we are not going to change the cycle and we sure as hell aren't going to stop it but we will adapt because that's what living organisms do we adapt or die many will die but many will adapt and evolve,NEGATIVE,NEGATIVE,True
there's a massive difference between natural glacial interglacial cycles and anthropogenic climate change the way the climate is changing now was absolutely avoidable because it's caused by humans the greenhouse effect not by naturally occuring cycles there's no reason for the earth to be getting warmer now we've been in an interglacial cycle for about years and warming occurs steadily for the first ish years after a glacial cycle we're warming at a point x the rate seen during glacial recovery during a point when we wouldn't naturally be warming at all,NEGATIVE,NEGATIVE,True
edited added links to global warming causes of climate change the global effects of climate change and the global health consequences of climate change suggestions consider going to a large bookstore or the magazine section in a large supermarket and buying the latest monthly issue of one or more popular glossy magazines that have easy to read articles photographs and images about man made global warming causes of climate change the global effects of climate change and the global health consequences of climate change later you can give the magazine s to your mate as a gift use a printer to print on stationary the story that appears below double space the lines to make the words easier to read read the words aloud to yourself multiple times until you are familiar with the words and comfortable reading the words aloud calmly smoothly and clearly in an entertaining fashion carry the printed words with you at an appropriate time maybe when you and your mate are having beer wine tea or food together smile and compliment your mate say that they are your mate and you would like to tell them a story casually and calmly read aloud to your mate the following story imagine a cave where people have been imprisoned from childhood but not from birth these prisoners are chained so that their legs and necks are fixed forcing them to gaze at the wall in front of them and not to look around at the cave each other or themselves behind the prisoners is a fire and between the fire and the prisoners is a raised walkway with a low wall behind which people walk carrying objects or puppets of men and other living things the people walk behind the wall so their bodies do not cast shadows for the prisoners to see but the objects they carry do just as puppet showmen have screens in front of them at which they work their puppets the prisoners cannot see any of what is happening behind them they are only able to see the shadows cast upon the cave wall in front of them the sounds of the people talking echo off the walls the prisoners believe these sounds come from the shadows the shadows are reality for the prisoners because they have never seen anything else they do not realize that what they see are shadows of objects in front of a fire much less that these objects are inspired by real things outside the cave which they do not see then the prisoners are released from their chains a freed prisoner looks around and sees the fire the light of the fire hurts his eyes and makes it difficult for him to see the objects casting the shadows if he were told that what he is seeing is real instead of the other version of reality he sees on the wall he would not believe it the light of the fire hurts his eyes and he escapes by turning away to the things which he is able to look at and these he believes are clearer than what was being shown to him in his pain the free prisoner turns away and runs back to what he is accustomed to that is the shadows of the carried objects then someone drags him by force up the rough ascent the steep way up and never stops until the freed prisoner is dragged out into the light of the sun the freed prisoner is angry and in pain and this only worsens when the radiant light of the sun overwhelms his eyes and blinds him slowly his eyes adjust to the light of the sun first he can see only shadows gradually he can see the reflections of people and things in water and then later sees the people and things themselves eventually he is able to look at the stars and the moon at night until finally he can look upon the sun itself during the day with his eyes shielded only after he can look at the sun while protecting his eyes is he able to reason about the sun and what it is then the freed prisoner thinks that the world outside the cave is superior to the world he experienced in the cave the freed prisoner would attempt to share this with the prisoners remaining in the cave and he would attempt to bring them onto the journey into the light of the real world he had just endured the freed man outside the cave blesses himself for the change he feels pity for the other prisoners and wants to bring his fellow cave dwellers out of the cave and into the sunlight the freed man returns to the cave his eyes have become accustomed to the sunlight and he is blind when he re enters the cave just as he was when he was first exposed to the sun the prisoners who remained in the cave infer from the returning man's blindness that the journey out of the cave has harmed him and that they should not undertake a similar journey the prisoners if they were able would therefore reach out and kill anyone who attempted to drag them out of the cave after you have read the story aloud to your mate smile tactfully inform them that they are your mate and that you hope that they will break out of their chains and make the journey out of the cave into the light of the real world smile and give them the printed paper with the story you read aloud say to your mate that you would like to give them a gift and give them the magazine s you previously bought allegory of the cave wikipedia the complete english translation of the allegory of the cave is in the republic by plato born or bc athens greece died bc aged c or athens greece the republic and the allegory of the cave can be read freely at the gutenberg org online library the republic by plato book vii includes the allegory of the cave par and now i said let me show in a figure how far our nature is enlightened or unenlightened behold! human beings living in a underground den which has a mouth open towards the light and reaching all along the den here they have been from their childhood and have their legs and necks chained so that they cannot move and can only see before them being prevented by the chains from turning round their heads above and behind them a fire is blazing at a distance and between the fire and the prisoners there is a raised way and you will see if you look a low wall built along the way like the screen which marionette players have in front of them over which they show the puppets par and if there were a contest and he had to compete in measuring the shadows with the prisoners who had never moved out of the den while his sight was still weak and before his eyes had become steady and the time which would be needed to acquire this new habit of sight might be very considerable would he not be ridiculous? men would say of him that up he went and down he came without his eyes and that it was better not even to think of ascending and if any one tried to loose another and lead him up to the light let them only catch the offender and they would put him to death,POSITIVE,NEGATIVE,False
what can we do right now not to prevent climate change but to prepare for the consequences?,POSITIVE,NEUTRAL,False
saying that china india and other countries are predominately at fault for climate change is an incontrovertibly terrible take not only has the us been responsible for far and away the most emissions since we started tracking these things but we still have the highest per capita emissions in the world say you re not going to do anything to stop a problem you re largely powerless to stop fine pretending this is not a problem largely caused and continually exacerbated by the united states is horseshit,NEGATIVE,NEGATIVE,True
now there is and there should be more we still subsidize the crap out of oil and nuclear and the infrastructure for solar had to mostly come from it being a better deal i think it's like at least x or more bang for the buck on solar versus nuclear and that's not counting the years you will have to mothball the reactors when done with them i'm pretty sure none of these corporations touting the value will be around to monitor after the money dries up most of the reduction in energy use in construction is due to it just making dollar sense for the architects the green tech is negligible to the big ticket costs of a modern office building and the like versus the operational savings over time imagine what we could have done with government mandates subsidies to preserve all that solar tech that went to china and germany in the us and a carbon tax i wonder if the geniuses of staying competitive that spouted out since the 's are going to shut up when our mitigation efforts for natural disasters in the usa exceeds our military budget every conservative without exception has been absolutely wrong about economics and what's good for us since i was old enough to shave and before that as well i really have to wonder what was the point in them other than to make things worse but in a way that benefits them let's not forget everyone who was denying climate change they should forever keep their mouths shut about every topic except sports,NEGATIVE,POSITIVE,False
submission statement one of my favorite channels talks about the zeitgeist of recent moving away from climate change topics why they didn't talk about it offers some positive ish youtube content creators to follow and how the discussion of climate change has shifted from a cultural perspective they focus on a bunch of political issues distracting us but they don't touch many of the other issues very likely to cause societal collapse such as overshoot catabolic collapse pollution ocean acidification etc they state that it feels like we're losing hope and no cares anymore we've entered a new phase of the discussion meaning popular youtubers are focusing on systemic issues which is nice but to change systemic issues you have to change the systems the very systems creating all those political issues distracting us they obviously want a hopeful outlook but i don't buy it we're out of time and between it's going to be when we pass over the zenith of the curves on the limits to growth analysis and start the actual measurable collapse of major factors but i'm a jaded reddit mod what does the community think?,POSITIVE,NEGATIVE,False
humanity will self destruct way before climate change has make the planet uninhabitable,NEGATIVE,NEGATIVE,True
your argument said all of the acts being recommended to counter it should happen anyway what if it were officially recommended that of your income is taken in the name of preventing climate change at that point would you consider if it's real or not?,NEGATIVE,NEGATIVE,True
look at history go back years there was never a time without climate change ice ages and warming periods have been cyclical forever florida used to be underwater dinosaurs roamed new york glaciers left huge scrapes throughout new york the vikings left north america because of an ice age asia and alaska were joined by an ice bridge which melted years ago the sahara desert used to be under water we slowly get warmer then we slowly get colder areas go under water and then rise up again continents move closer and further away from each other it s measurable most mountains slowly get higher others lower non political scientists are very aware of these constant changes and freely admit to that the american great lakes were once one huge lake they filled up when glaciers melted and eventually as the water levels dropped became five separate lakes all of these thing happened before modern man was able to influence anything it will continue in both directions after we are gone,POSITIVE,NEGATIVE,False
always it s never too late to reverse climate change regardless of what doomers say it certainly gets harder as time goes by but never impossible,POSITIVE,POSITIVE,True
we re heading to the point of no return and no serious changes are being made we re resigned to our fate climate change is going to cause catastrophic harm to humanity but the billionaires who make the decisions that could cause change have insulated themselves and don t give a fuck about the rest of us climate change promises are already being rescinded or outright ignored by corporations and governments what s the point of fighting a war you ve already lost? even if we organized right now this moment and stormed the houses of parliament or congress who can actually make changes it s still too late we re fucked all we can do is deal with the fallout there s no point in talking about something that cannot be stopped or changed greed is going to be the death of humanity,NEGATIVE,NEGATIVE,True
i bet you don't i'm really the wrong person to say that to lol you have no idea but that wasn't the point anyway the point is that we consume way too much in the west and you all apparently don't want to take any responsibility for it even if you yourself don't consume that much you're still denying it matters wouldn t work anyway and it's only getting worse not only in the west but other countries are starting to catch up and consume more even if you forget about climate change and pollution and whatnot resources are not finite what energy principles? i'm not here to solve riddles if you got a point make it,NEGATIVE,POSITIVE,False
realistically i'd imagine some kind of revolutionary technology like carbon capture or cold fusion or get people to stop being scared of nuclear i say that not because i'm naive and super optimistic but because i don't see governments reigning in the wealthy private jets mansions etc or individuals in first world nations adopting minimalism at a scale that will actually work millions of suvs commuting often single individuals every day is a thing that would have to change to realistically stop climate change even if the rich got on board and did their part first,POSITIVE,NEGATIVE,False
predicament is a better term you don't solve predicaments you deal with them we're past solving climate change now we're in mitigation phase at best if we only took our foot off the accelerator,NEUTRAL,POSITIVE,False
nobody knows exactly what the effects of climate change will ultimately be or how long it would take for them to subside all we can do is turn to science and use the data and make our best guesses it's not looking great unfortunately the longer humanity waits to do anything about it the less they'll be able to do anything about it the time to act was decades ago not to say we shouldn't act now but half the american public denies it's even a problem so personally while can't know exactly how bad it will be i'd err on the side of caution we don't get health insurance because we know we will need expensive cancer treatments this year what's the downside spend some money now and make the world nicer to live in? vs potentially turning the world into a very hostile place for human society where at the very least we'll be spending a shit ton more to fix things than we would have spent on prevention,NEGATIVE,NEGATIVE,True
being in doomer mode is to some extend appropriate though it's three times better than being in have you heard of this crazy new technology? it's totally gonna save us! mode i got a book suggestion for you jem bendell breaking together it is an attempt at finding a constructive doom affirming perspective on climate change,NEUTRAL,POSITIVE,False
the current weather events are not necessarily climate change it's snowed in fla before it's snowed in alabama climate change is happening but your fl snow is not the result,NEUTRAL,NEUTRAL,True
i don't worry because this planet has gone through many many many climate changes and life on this earth still exists and thrives this planet is getting more green which doesn't sound like a bad thing desserts are shrinking that sound good to me,POSITIVE,NEGATIVE,False
that too but if it helps climate change then the benefits outweigh the cost,NEUTRAL,POSITIVE,False
one of the greatest ploys the elites ever made was convincing climate change was the masses fault rather than corporation s fault it s one hell of a gaslight,POSITIVE,NEGATIVE,False
you're pretty much bang on with what's heading our way it's heartbreaking and terrifying in the uk millennials will be the last generation to have not had our lives completely overturned by climate change that's not to say people aren't impacted now of course but most of us have some degree of normalcy end of the century onwards is going to be a total shit show,POSITIVE,NEGATIVE,False
what is the best genuine argument made by scientists who don't believe in man made climate change and why is it inaccurate?,POSITIVE,POSITIVE,True
it makes a massive difference what kind of question is this?? it's a very very simple question i ask someone like you someone that thinks they can downvote to victory and believes they can control the climate will the climate change? and you say yes it will change naturally then i say that means climate change is inevitable and you spurg out about how rates this and rates that you argue against yourself you know the truth but you want to believe you can control the world it's an absurdity climate change is inevitable period you are not god,NEGATIVE,POSITIVE,False
this whole narrative is going to be mocked in years even if c causes climate change it's concentration will see diminishing marginal returns for sure anyway it is so slow and incremental that humans will easily adapt to it,POSITIVE,POSITIVE,True
so do you not believe that carbon traps heat or do you not believe that carbon is released by humans? i mean if those two things are true then climate change is real and both are very easy to prove,POSITIVE,POSITIVE,True
we need to ban all gas in the united states if people have to struggle in order to fight climate change then struggle it is! i ve been sniffing my own farts for some time now i ve actually begun to like the smell of my own farts! think i m gonna start eating bugs next,NEGATIVE,NEGATIVE,True
the coronavirus has opened my eyes to climate change i was the first person i know who predicted covid 's scope me telling people about the virus and them calling me crazy made me realize i'm that guy calling climate change a hoax so i must say now i'm a changed man also i took an environmental science class this semester,POSITIVE,NEGATIVE,False
confusing an industrial policy problem as a personal level issue is one of the main reasons nothing has been done on climate change if you want to make a real difference in tackling climate change stop thinking about it this way and start treating it like the kind of problem it is i realize there are good emotional reasons to want to try to tackle it personally desperation guilt powerlessness fear but letting our desire to feel better about things get in the way of a sober understanding of what it would actually take to make a difference can often do more harm than good that's why you have millions of people who simultaneously recognize that climate change is a real issue but who don't actually do anything because they've found some sort of personal solution that lets them move on stop caring and stop acting,NEGATIVE,NEGATIVE,True
climate change isn't a problem for the survival of the planet however it could well be a problem for humanity this actually sums it up really nice,POSITIVE,NEGATIVE,False
i just watched this just this morning but not surprised it found its way here yeah i don't think less people are caring about the climate but because there's more things to doom and gloom about in the world especially when the orange muppet came back to power there's now more things to be anxious about i think the people giving a crap about climate change is still there but they've gone silent because the people in power have outrightly gave a middle finger to climate change mitigation and the media is probably in on it as well heat waves and its affiliated casualties probably don't stay for long in the headlines but air crashes and the threat of escalation between israel and its good neighbors for the nth time seems to gain more attention,NEUTRAL,NEGATIVE,False
climate change is real and definitely happening that being said i do not think we get through it via sacrifice and or green initiatives those are more just ways to make various people and interest groups pleased with themselves not only do we as a species suck at sacrifice a rapidly growing population will make that irrelevant anyway only through advancement in technology will we see climate change start to be curbed the advent of electric vehicles are a good example of this for instance we ve actually been seeing declining emissions from this country due to just that and as the rest of the world advances and follows suit you will see the problem getting better,POSITIVE,NEGATIVE,False
i mean to be serious for a moment it's not like it's going to destroy the planet the planet has seen five mass extinction events over the course of life on earth most of them caused by climate change associated with catastrophic changes to the gases that make up the atmosphere the ball of rock that is the earth keeps spinning it doesn't care whether its atmosphere has oxygen or not or whether sunlight can make it to the surface or whether it's degrees or degrees or degrees it's just that most of the life on it gets exterminated because it can't breathe the new air or survive the new temperatures most life dies off and then new life that can survive and thrive in the new conditions takes its place i'm sure whatever life form becomes sentient after humanity's extinction will consider the new climate ideal and would consider ours to be deadly and disastrous still i'd like to try to keep humanity going for a bit,NEGATIVE,NEGATIVE,True
it really hurts my head when people listen to others blindly without actually attempting to learn for themselves google c levels volcanoes earthquakes and earth stages we have previously gone through the last billion years lol a lot of it is theory just like climate change via humans im not saying we arnt contributing but to halt human progress because people live easy lives is just nonsense edit make sure you scroll past anything controlled by governments cause it will always be biased if they really want to change things they would stop digging the ground but we can't do that because we need the oil and sands to power the electric vehicles people are so fond of,NEGATIVE,NEGATIVE,True
what models from that long ago are even remotely correct? even the ones used by al gore in his movie have been quite off it is a very complicated science so i m not saying climate change isn t real but our impact on it is far from certain,NEGATIVE,NEGATIVE,True
i've been working for a while at frankfurt's natural history museum they have a research facility included biodiversity and climate research center frankfurt am main i've been there quite some years back by now and i've asked about what's going on with climate change i was told that it is real and obviously so but that we are still transitioning out of an ice age and the planet is therefore bound to warm up i was also explained that humans speed up the progress i was also told that when money is given to do research in this facility the outcome of the research better benefits the needs of the money giver a lot if it is politics making people do certain stuff behave a certain way that is the only info i have on that i've never been to interested in it so i also don't look into it that much i just always remember what that guy told me when the topic comes up for sure the climate change is real tough earth is heating up,POSITIVE,POSITIVE,True
this is a level of confirmation bias you can only find on joe rogan net desertification is growing but that is irrelevant climate change will result in earth getting warmer aforementioned desertification of e g very populous areas like mediterranean you can't just relocate those countries to some imaginary jungles on sahara with reforestation the caveat is that it's not quantity but quality that helps with creating carbon sinks the older the forest the more effective it is in working as one in short you are talking about some imaginary rainforest thing is amazon is a system that formed over like million years we just had a massive flooding in spain and eastern europe hurricane in usa and god knows what else outside of my news bubble i think we might not live to see that forest?,NEGATIVE,POSITIVE,False
thank you all for taking the time to answer our questions ! with the growing global demand for energy and goods how likely is it that the necessary targets can be achieved to prevent a climate tipping point? might the thawing permafrost in the northern hemisphere and the subsequent increasingly release of methane suggest we are already on a path to a climate tipping point despite any effort to stop ghg emissions? hence additionally to stopping emissions of ghg we'll need to use geoengineering to mitigate or reverse mankind's impact on the climate? a is this a common topics in the field of climate science or more like a fringe one at the moment? can we transform our ecological harmful infrastructure energy mobility logistics agriculture fishing and our wasteful economic system while decarbonizing everything in time at all? i guess the steps necessary if we want to achieve this would need wartime like mobilization and collaboration on a never before attempted global scale considering the societal division and the broad disregard of scientific evidence in democracies how likely is continued general public support for the necessary policies and how can it be increased? can we prepare for or prevent global tensions that will most likely increase with climate change induced scarcity food water land ? should we make use of climate neutral modern nuclear energy technology despite its projection of higher lcoe in the future considering we are lacking the necessary technology to store energy on a large enough scale to offer some reliable climate neutral baseload capability?,POSITIVE,POSITIVE,True
yeah people think the migrant crisis is an issue now gonna get real interesting as equatorial regions empty out as they become entirely inhospitable then we ll see what happens economically as huge swaths of developed land become entirely uninsurable do i think this one year old will die from climate change? no do i think they re gonna see some awful shit on the news and deal with after effects like populist leaders riding on waves of fear? yes,NEGATIVE,NEGATIVE,True
i hate to admit this but my mother is in absolute denial that climate change exist's at all! ready for it?! because americas pedo donald j trump says so! smfh,NEGATIVE,NEGATIVE,True
i had a university professor cyber ethics of all things that would constantly go on and on about how climate change is a chinese conspiracy to weaken the american hegemony and defeat capitalism one day he mentioned how a u s representative brought snow in to congress to disprove climate change and he thought it was a powerful case that somehow owned the libs i then asked him if he didn t know the difference between climate and weather and got several chuckles from around the room what an embarrassment the answer to op though is mostly that billions upon billions of oil money has gone in to the disinformation effort for decades,NEGATIVE,POSITIVE,False
the idea is that higher global average temperatures will cause floods and drought and non optimal temperatures for plant growth it is very exaggerated though here is a prediction of future global crop yieds basically an increase in wheat yields decrease in maize yields and soy beans and rice are unchanged but it's important to note that these predictions only take the climate factor into account ignoring more important factors like technological development that have caused a steady increase in crop yields for decades as an example if maize yields decrease something like in the next decades due to climate change that is nothing compared to the increase it has had for the last decades it is a very steady upward trajectory and little reason to think that it will change dramatically anytime soon you are also right that co is good for plant growth but i think that part has been factored into the predictions,NEUTRAL,POSITIVE,False
like okay but i need something more than that to be convinced and i need it explained to me in a way that isn't just throwing a bunch of incomprehensible studies at me and say get cracking! i believe if you want people to understand something you should be able to explain it simply enough does scientific consensus not suffice? like you mentioned there are a ton of complicated studies out there that prove climate change is a real danger and that humans are causing it there are also a ton of scientists that either created those reports themselves or have sufficient training to interpret them they are overwhelmingly telling us that climate change is in fact real and that it is dangerous there is also plenty of eli type material out there describing the ways in which humans contribute to climate change for those that want something in between scientists told me so and pages of charts and graphs that don't make any sense to a layman not sure what else you need then the reason that a random man on the street can't eli is because they're usually willing to simply accept overwhelming scientific consensus as evidence enough they might know a little bit about global warming like the fact that it's exacerbated by fossil fuels and aerosols and that these things cause ozone depletion and that ozone depletion is bad but if you want more detail than that you need to ask a scientist not just some guy a random person's lack of knowledge on something like global warming should not however signify to you that there's reason for doubt we accept scientific consensus as a good enough reason to alter our behavior for a lot of things for example i know that sugar is bad for you mainly because doctors say so if you asked me to point blank prove to you without citing any studies or appealing to scientific consensus that sugar is bad for you i'd probably be able to tell you that consuming too much sugar can cause insulin production to become irregular resulting in diabetes i can also tell you that it makes you fat but if you asked for finer details on how it causes insulin levels to become irregular or why it makes you fat i wouldn't be able to hopefully you wouldn't take my inability to educate you on that question as a sign that sugar might not be bad for you it just means that a doctor might be a better person to ask,NEUTRAL,NEGATIVE,False
one of the reasons people in the upper midwest united states aren t as concerned about climate change is because they generally experience milder winters it is not seen as a bad thing to many of them,NEUTRAL,NEGATIVE,False
i agree miami should be safe from most climate change,POSITIVE,POSITIVE,True
biden has done this so far largest investment in climate change initiatives in american history by x lowers emissions by by factoring in the negative provisions in the bill b to efficient consumer home energy programs years of consumer tax credits to home owners with clean energy sources and energy efficiency tax credits to individuals who buy clean vehicles b to make affordable housing energy efficient b in tax credits to bolster solar and wind b investment tax credit to build clean technology manufacturing facilities b in grants to manufacture clean vehicles b to build new clean vehicle manufacturing plants b to national labs for energy research b in grants to accelerate transition to clean energy tax credits to incentivize reduced emissions in every part of the transportation sector billion for a new advanced industrial facilities deployment program to reduce emissions from the largest industrial emitters like chemical steel and cement plants billion for federal procurement of american made clean technologies to create a stable market for clean products including billion for the u s postal service to purchase zero emission vehicles billion clean energy technology accelerator to support deployment of technologies to reduce emissions especially in disadvantaged communities a methane emissions reduction program to reduce the leaks from the production and distribution of natural gas environmental and climate justice block grants funded at billion neighborhood access and equity grants funded at billion grants to reduce air pollution at ports funded at billion billion for clean heavy duty vehicles like school and transit buses and garbage trucks more than billion to support climate smart agriculture practices billion in grants to support healthy fire resilient forests forest conservation and urban tree planting tax credits and grants to support the domestic production of biofuels and to build the infrastructure needed for sustainable aviation fuel and other biofuels billion in grants to conserve and restore coastal habitats and protect communities that depend on those habitats here is a fact sheet published by the white house here's another explanation its down a little on the page and also includes bb's contents i'll paste it below billion for roads and bridges in addition to construction and repair the funding also helps pay for transportation research at universities funding for puerto rico s highways and congestion relief in american cities billion for railroads funding includes upgrades and maintenance of america s passenger rail system and freight rail safety but nothing for high speed rail billion for the power grid the bill would fund updates to power lines and cables as well as provide money to prevent hacking of the power grid clean energy funding is also included billion for broadband includes funding to expand broadband in rural areas and in low income communities approximately billion of the total would help reduce internet bills for low income citizens billion for water infrastructure this funding includes billion for lead pipe replacement billion for chemical cleanup and money to provide clean drinking water in tribal communities billion for cybersecurity and climate change the resilience fund will protect infrastructure from cybersecurity attacks and address flooding wildfires coastal erosion and droughts along with other extreme weather events billion for public transit funding here provides for upgrades to public transit systems nationwide the allocation also includes money to create new bus routes and help make public transit more accessible to seniors and disabled americans billion for airports this allocation provides funding for major upgrades and expansions at u s airports air traffic control towers and systems would receive billion of the total for upgrades billion for the environment these monies would be used to clean up superfund and brownfield sites abandoned mines and old oil and gas wells billion for ports half of the funds in this category would go to the army corps of engineers for port infrastructure additional funds would go to the coast guard ferry terminals and reduction of truck emissions at ports billion for safety appropriations here are to address highway pedestrian pipeline and other safety areas with highway safety getting the bulk of the funding billion for western water infrastructure ongoing drought conditions in the western half of the country will be addressed through investments in water treatment storage and reuse facilities bill for electric vehicle charging stations the biden administration asked for this funding to build significantly more charging stations for electric vehicles across the nation billion for electric school buses with an emphasis on bus fleet replacement in low income rural and tribal communities this funding is expected to allow those communities to convert to zero emission buses,POSITIVE,POSITIVE,True
yes love the recommendation change your essay topic to why people choose to believe the lie that climate change is not a real problem,POSITIVE,NEGATIVE,False
it is one of the lies that are being pumped out by the pr firms spending the fossil fuel industry's billion dollars a year it is basically saying if you aren't living in a cave using a rock as a blanket you can't say anything about climate change it ignores the glorious future we will create for our grandchildren when we do everything we know how to do to solve climate change because every action cuts into the profits of the fossil fuel industry and that makes them sad,NEGATIVE,NEGATIVE,True
i probably worry about climate change every other day i'm so frustrated that nobody is doing anything tangible we literally have everything we need to let the planet heal but we aren't doing it because people value money over long term survival or want to perform mental gymnastics because they can't be bothered to recycle,NEGATIVE,POSITIVE,False
worst take ever poor nations are doing a lot about climate change right now and it impacts poor people way harder than the rich you need to get out more,NEGATIVE,NEGATIVE,True
yes donations in the name of climate change are through the roof way up good if your the one getting donated too,NEGATIVE,POSITIVE,False
hundreds of millions has been spent by oil companies and ideologues paid by oil companies to roll out slick pr campaigns with unqualified mainly old and retired scientists to say climate change is hoax and downplay the role of carbon pollution in climate change that s it the only answer,NEGATIVE,NEGATIVE,True
well climate change plus the return of mainstream fascism isn't the most optimal combination,NEUTRAL,POSITIVE,False
yeah we re all gonna die not cause of climate change but just because we are all going to die,NEGATIVE,NEGATIVE,True
i care about a lot of things climate change immigration policy bodily autonomy rights wild habitat conservation but not really enough to supersede my day to day stresses political progress is only going to move so much due to my own actions but my dog depends on me adult relatives depend on me my department and coworkers depend on my guidance and coaching all those things will always come first of the time i can see the progress of my decisions in my personal and professional life juxtaposed with years of political activism having not materialized any action benefit in my political life i m going to stick to maximizing the outcome of my personal and professional life,POSITIVE,POSITIVE,True
nope there genuinely isn t sahara desert greening due to climate change x d rising temperatures kick start sub arctic farming in alaska x d global warming may boost crop yields study says x d global warming could be leading to better french wine fortune and an upside to climate change? better french wine npr x d china wants ships to use faster arctic route opened by global warming x d despite global warming earth is getting greener say scientists x d hurricanes fuel carbon uptake in southeastern u s forests x d an upside to climate change the sparkling wines of southern england x d reindeer numbers have increased over the past two decades x d adp s report did note that an unseasonably mild winter likely played a role in the higher than expected job gains x d in after three years of contraction there was economic growth in greenland partly because a range of new opportunities brought by climate changes x d arid areas could be transformed by green plants as carbon dioxide levels rise x d wildflowers dormant for years bloom across california x d global warming's milder winters will likely nudge americans off the couch more in the future x d farming to the fore as greenland ice thaws x d maine is drowning in lobsters x d a female gray wolf her mate and at least three pups are the second pack of wolves spotted in northern california since the species went extinct there in x d warming arctic spurs battles for riches shipping routes x d in canada global warming could open up millions of acres of farmland x d research suggests the country could gain from higher temperatures x d shipping traffic along the northern sea route shot up by percent last year to ten million tons x d tens of thousands converge on california 'poppy apocalypse' x d a study using loblolly pines showed that higher atmospheric carbon dioxide levels may help the trees to endure ice storms better x d report was a big year for the wine grape harvest california vineyards grew a record million tons of wine grapes in according to a new report from the california department of food and agriculture,NEGATIVE,POSITIVE,False
ask a climate change preacher to explain why it appears that the temperature of the moon fluctuates in a similar pattern as the earth,POSITIVE,POSITIVE,True
climate change is a grift which is the most perfect grift ever imagined it makes crazy people crazier it is unprovable as well as you will never see that whatever policy enacted to draw more power away from the people never worked because nothing ever happened,POSITIVE,NEGATIVE,False
it was once molten magma too but just because it was once warmer does not mean we re not seeing climate change now,NEUTRAL,POSITIVE,False
climate change was always inevitable but could have been much better if environmentalists hadn't gone so hard against nuclear back in the s to present,NEUTRAL,POSITIVE,False
this is why the democrats didn't talk up climate change during the election the problem with it is that the statement we're all going to die and there's nothing we can do about it doesn't get people to vote for you there's just no incentive there,NEGATIVE,NEGATIVE,True
climate change is making earth's weather and environment change in ways that can cause many problems it can lead to stronger storms less food and water animals losing their homes and people needing to move it can also make people and animals sick cause fights between countries and be bad for way we live our lives if we don't to stop climate change it could lead to even bigger problems like wars people going hungry and entire societies falling apart it's important that we take care of our planet to keep it safe and healthy for everyone,POSITIVE,NEGATIVE,False
spend some time studying history and some more time learning about all the fucked up shit humans are doing around the world you'll be so disgusted with humans that you'll stop seeing climate change as a problem and start seeing it as the greatest hope for ending the disgusting blight that is the human species,POSITIVE,NEGATIVE,False
good news climate change is already here so we don't have to wait until !,POSITIVE,NEUTRAL,False
man isn t causing it changes are normal and are not unprecedented co does not drive climate change it never has in the history of earth and it is not doing it today historically the earth has been much warmer than it is today prior to the recent increases co was near an all time low so low that it threatened life on earth we need more co not less we are in a warm period within an ice age,NEGATIVE,NEGATIVE,True
i think climate change is something we definitely need to be concerned about but that we need to discuss in a sustainable smarter way not as much as i'd like right now i see either green and nuclear energy if i had to pick which to invest in now it'd be nuclear the thing about green tech is it's been flauted as a fetishized suite of hardware that's great and admirable to use but doesn't actually make sense economically or environmentally the tech just isn't there yet for example there's really only a few regions in the world where solar panels make a load of sense one of them is the deserts in southwestern united states one of these region is not germany however germany invested trillions iirc in putting up solar panels because we're going green! d and hardly cut back on their carbon emissions it certainly wasn't worth the investment since it didn't really work we now see germany consuming russian oil and resorting to using lignite coal the least efficient and most polluting coal there is i think this is something that either an incredibly wealthy government or corporations will have to explore as energy needs struggle to be met beyond the usual stuff dunno,NEGATIVE,POSITIVE,False
volcanic islands don t sink because of climate change volcanic islands sink due to underground magma and tectonic plate bending volcanic islands sinking is legitimately the worst example of tides rising you can find fact of the matter is people will say earth will rise in climate by degrees that s demonstrably false the ipcc is a group of scientists who have a accuracy rating they ve never once made a correct prediction in their history throughout their whole history they ve insisted the earth will warm dramatically and it never has they said the earth would warm by degrees by now a decade ago they re still saying the same shit and decades from now when we re still the same temperature as we are now they ll still be saying we re going to warm by degrees yet the ipcc is frequently quoted and often considered the leaders in climate change research just like fauci was the leader of the usa s pandemic response and he was frequently quoted and his advice was followed and then when everything he said was proven false he just had some flimsy excuse and life went on without anyone paying any consequence for screwing up to such a major degree climate change isn t a threat but selling you the idea that climate change is a threat is a great way to sell you on specific technologies laws and politicians the more you know,NEGATIVE,NEGATIVE,True
you are a stupid covid injecting sheep if you think global warming is real the deep state marxists call it climate change instead of global warming now to try to silence the common sense opposition the marxists named black lives matter the movement for the same reason democrats are the scummiest pieces of s on the planet get it through your skull and take this red pill it will help you down the line it's all about control people,NEGATIVE,NEGATIVE,True
there is progress electrification and replacement of fossil fuel is happening and accelerating for economic reasons and not because of politicians the actions of the trump administration can delay the transition in the usa because of import tariffs and subsidies for fossil fuel from the usa nobody knows how bad climate change and the resulting destruction will become even if we stopped all use of fossil fuel today in europe the most powerful politicians want war at any cost whatever it takes they say these criminals are destroying a functioning economy in europe in order to harass and kill and displace the people in the donbas region and make the future worse for humanity i would not count on europe for promoting a better world in the next years,POSITIVE,NEGATIVE,False
quite a bit one of my nephews is what i call a climate scientist i m sure he has a specific job title but it s easier to explain to other people this way i try not to think on it too hard because the world is super very depressing but it s always kind of there and is a huge worry my nephew did some very interesting research on climate change and how landscape changes affect people who are used to how things were a certain way specifically beach erosion i find it fascinating listening to him speak on it and it s honestly something i kind of hadn t thought about as been something so intrinsic to our human experience,POSITIVE,POSITIVE,True
people with your feelings have anxiety there are strategies to not worry about things of the future climate change is just your target for anxiety,POSITIVE,NEGATIVE,False
that is fair enough my friend i appreciate your comment and i do agree that i should be changing my curriculum hence why i am here trying to better understand everything going on and thanks to a few other kind and helpful comments i feel i am on my way to doing so luckily we won't be hitting our section on climate change for another month or so but when we do i will do my best to provide them with the facts and let them form their own opinions on the matter,NEUTRAL,POSITIVE,False
i can't stand the all or nothing approach to clean energy there is such vitriol toward natural gas because it's a fossil fuel it would be a great for the transition period to more renewable options but it's completely cast aside i agree with the of scientists on climate change but i also agree with the scientific consensus that hydraulic fracturing is safe,NEGATIVE,NEGATIVE,True
you know i wrote a paper for a college course back in the late s that the best pollution reduction for individual at the time was basically good car maintenance tune it change the oil replace ehe filters like jiffy lube level stuff when electric vehicle infrastructure comes along and prices come down and fit your budget see it it ll work out that s probably years away depending on your circumstances capitalism is going to do its thing and improve the cost quality on it until the economics of it work for enough people as you say you ain t dow chemical dumping toxic shit into the river you aren t burning aviation fuel zipping around in your gulf stream do the stuff that makes sense to do but you don t need to an activist the only thing i d ask is that you don t vote for climate change deniers it s an institutional level problem and i want to institutions to do the math and set the standards i personally bought a hybrid the last time i was in the new car market back in it s not super impressive fuel economy it gets slightly better than a non hybrid model from the era and it runs great still fucking love honda s for reliability i m going to put solar on my roof cause we get great sun i can probably drop my energy bill by like going to put a battery in the house to weather power outages we get just about annually during heat waves and i ll probs get an ev in the next years once i get solar up,POSITIVE,POSITIVE,True
calm down thanos a reduction in population is really not the answer you think it is just look at most countries emissions per capita it varies a lot where most world countries have really low numbers while the west has the most meaning that it's not connected to population but rather industrial development and large economies not forgetting that most of the worlds biggest companies produce the vast majority of co emissions among other things climate change being an issue of personal responsibility is propaganda fed to the world by the oil companies sure it plays it's part but it has little effect when companies pollute like crazy political change is probably the single best solution impose stricter rules on what companies could do,NEGATIVE,NEGATIVE,True
fear doom mongering is an ancient art optimistic solve problems acid rain and the ozone layer are recent examples of pollution issues that have been successfully addressed climate change is being added to that li t which also includes countless diseases that have eradicated or at leascontrolleded by modern medicine those profiting off pollutuon and those weaponizing the fear are trying to block the solutions making us feel hopeless is a great way to do that the very fine people who think climate change is a globalist hoax are having many kids the alt right is using falling birth rates as an excuse to push through all sorts of sick shit like abortion bans having kids is not for everyone and that's ok but please don't let anti natalist doomers deprive you and the world of your kids humanity will be fine doomsday cultists have wrong simce the dawn of time and wrong on the climate issue for generations now this particular style of fearmongering began in the s or s,POSITIVE,NEGATIVE,False
thanks quite interesting doesn't conflict with my views of climate change at all though i already thought it was real and man made and would have impacts on many areas eg cold areas getting warmer and being snow covered for less time is bad for ski resorts but would make transportation cheaper,POSITIVE,POSITIVE,True
when we solve the economic problems the economic problems are driving climate change to be used as a money maker if we fix climate change now then no more money maker,POSITIVE,NEGATIVE,False
what about national security? climate change will absolutely threaten our national security and wider global stability is that not worth addressing?,NEGATIVE,POSITIVE,False
the people pushing climate change are scientists,POSITIVE,NEUTRAL,False
climate change has been happening for billion years you should be used to it,POSITIVE,NEUTRAL,False
thanks to the us supreme court overturning the chevron decision and the ever increasing likelihood of trump becoming president again the end will come quicker than originally predicted we ll either pollute or poison ourselves to death or probably end up nuking the entire planet in some dick measuring contest before climate change will do us in,POSITIVE,NEGATIVE,False
as we go further down the fix climate change path more and more folks realize what it means and it ain't that easy without quite a few sacrifices,NEUTRAL,NEGATIVE,False
i am sort of talking outside myself right now but i think this is perhaps one of the big reasons behind why there's a lot of skepticism over climate change if your response is i can't summarize the main findings for you you have to do a lot of reading the onus is on you i can easily say well no the onus is on you because you're the one trying to convince me to stop lobbying for coal and other fossil fuels i think if you want people to better understand climate change and why it is so serious it has to be relayed in a way that is easy to understand it may be a hard bar to reach but if you can't reach it people aren't going to listen it may not be fair but that's how i see it,NEUTRAL,POSITIVE,False
so the fact that i am trying to better educate myself here means nothing to you i see and i am glad it was th grade level for you my friend but that just goes to show how unfair the education system is some school districts are many times better off than others i am not just an environmental science teacher as you put it i am an earth science teacher climate change is a very small portion of our book and as such i do not pay it much attention in my classes but that might be changing thanks to the helpful comments left by others,NEGATIVE,POSITIVE,False
mitigate is more like addressing the problem of building in areas that are likely to flood because of rising sea levels improving how we use water in areas that are prone to drought also doing more research on drought and temperature resistant crops and best use of farmland in a changing environment at this point climate change is going to happen and we're not going to stop it so mitigating its impact is the best money spent,NEUTRAL,NEGATIVE,False
this is the biggest cause of modern society's downfall that goes unspoken in terms of how we organise our society economis politics geopolitics etc not that much has changed culturally though it's now completely flipped it used to be normal to make fun of power structures to hate selling out your values for money to shit on the army and politicians now hustle culture has taken over making fun of your boss or even gently raising the suggestion that maybe the economy isn't perfect in many circles will now get you insulted or worse ignored as a result people in only years have completely lost the ability to critically analyse their surroundings and messaging and point blame correctly at those who deserve it we see stories about rising numbers of white nationalists and fascist extremists but people don't realise how truly severe this issue has become the average suburban household right now is far more likely to be sympathetic towards racist messaging that provides them with a boogeyman than with discussions on climate change that blame their boss because one is more culturally accepted,NEGATIVE,NEGATIVE,True
if the climate changes we need to adapt which is costly if the climate continues to change we need to keep adapting and the cost never stops if we change our economy to not produce greenhouse emissions this is costly but we only need to do it once i think you can follow the logic that in the long term preventing human caused climate change from greenhouse gases is very likely the optimal economic outcome if the climate keeps warming degrees then degrees then degrees then degrees it will be harder and more costly to adapt each time everyone will be much poorer in the end than if we just paid the cost once off to move to carbon neutral technology,NEUTRAL,POSITIVE,False
actual pollution is much more dangerous than the stuff co every human and mammal on the planet breathes out heavy metals and the mining of rare earth minerals required to make evs and useless windmills and solar panels that last for all of years is what people should be frightened of once that stuff leaks into the water table all life on earth will be extinguished anyway the richest account for more carbon emissions than poorest in my opinion carbon emissions are just a distraction and a big money grab we are currently at just over ppm of co plants start starving under ppm and dying at ppm i think we could go to or ppm with no problem whatsoever it would be really good for the planet hundreds of pacific islands are getting bigger despite global warming no matter how much a person worships science not one scientist climate expert or otherwise predicted that the lowest lying islands in the world would grow in the mass for any reason whatsoever every single expert predicted that these islands would have been gone years ago and that new york would be underwater by now stop listening to the people trying to scare you they have already ruined the economy by using so called emergencies to manipulate you and they're doing the same thing with climate change they're just making you poorer by scaring you into thinking the alternative is even worse it's not getting poorer and poorer until people can't even afford to buy a house or even rent is what should be scaring people you are being manipulated by the that control the media entertainment big tech big pharma etc if all of those agree on something along with the government that's the time to start asking questions like why is our living standard plummeting even though we are living through unforeseen technological advances that should be making our lives easier? and why can't my kid that has a good full time job afford his own house? magicians use all kinds of tricks so people don't look where they should be looking,NEGATIVE,NEGATIVE,True
as far as investing in renewable energy sources i'm on board but some of the measures wouldn't make any sense if carbon dioxide weren't a threat some proposals include hard caps on carbon emissions the hope is that renewable energy sources will be make progress and be able to keep us at the energy levels we're accustomed to but if they can't that leaves us with rolling brown outs to stay below carbon emission limits that makes some sense if you're concerned about climate change but not if you're just trying to get renewable energy sources another factor which probably doesn't make sense even if you are concerned about climate change the way the caps are proposed developing countries would be far below their caps while developed countries would be over them climate change doesn't really care where carbon emissions occur but the result of these policies would be moving industry from developed countries to less developed ones this would hurt the developed countries but would also likely lead to a net increase in emissions as companies rebuild existing infrastructure in developing countries because of arbitrary geographic caps,NEUTRAL,POSITIVE,False
we re not going to burn up what will happen is some areas of the planet will have significant changes in weather and overall climate leading to unexpected flooding drought storms l etc these areas will not be prepared for these types of changes and will have significant consequences such as reduced food crops or destroyed homes for large areas here is a video that i d suggest checking out we will continue to have people working to avoid issues due to climate change and though many people may go through hardships because of it it will ultimately be something we work through the sooner we put resources to this the less negative consequences we will experience,POSITIVE,NEGATIVE,False
note that section on the economy is complete nonsense studies in economics of climate change are done by guys who believe animal extinction has no impact on the economy and that electricity isn't a factor of production leading to low estimates because they treat it essentially like temperature change with no consequences,NEGATIVE,NEGATIVE,True
i have never been sure about the causes of climate change but the weather in my area has gotten hotter over the years which makes me suspect it is happening have never thought we could do much about it,NEUTRAL,NEGATIVE,False
these are not climate change experts it's journalists the article is pretty misleading the original report is about somewhat specific definitions laid out in the paris agreement but the article makes it sound like we will get catastrophe in years which is not what the report says this is unfortunately pretty common climate science gets misrepresented extremely often in media those failed predictions are fairly often creative readings of certain studies or hypothetical scenarios taken out of context,NEGATIVE,POSITIVE,False
firstly some deserts will turn green however the predictions are actually that a larger percent of our planet will be deserts see the world economic forums report on the increasing surface area of deserts on the planet secondly the issue is different than i think you believe the change part creates the challenge it's too fast we're lookin at world bank estimates that million people will need to move in the next years because of the affects of climate change that's just the tip of that iceberg and the costs to do so mean that we can't put resources to anything better than that move what a massive fucking waste of resources further this will lead to needing to convert lands to agriculture freshly and abandon areas that have it now that change is also expensive impacting food availability logistics associating with food production and transport and yet another giant massive waste of resources,NEGATIVE,POSITIVE,False
climate change is easy to show and document human caused climate change is a lot harder,POSITIVE,NEUTRAL,False
we have other problems now bad times means no time for the environment rich people have time to care poor people dont we got way poorer the last years that will phase out all the climate change talk over time go to a developing country and talk to the people they wont care they care that their kids have something to eat,NEGATIVE,NEGATIVE,True
i draw the line at predicting covid tendencies in an article about climate change or whatever this article is supposed to be about it sounds kind of all over the place and without clear direction almost like the ravings of a lunatic what even is this besides distracting noise?,NEGATIVE,NEGATIVE,True
ya too bad america elected someone who doesn t believe in climate change during such a crucial time for the fight,NEGATIVE,NEGATIVE,True
i was an environmentalist when i was a teenager trying to just make sure we recycled tin cans and cardboard remember the styrofoam and hiairspray are ruining the ozone layer trend? a friend of mine had recommended a book on environment and vegetarianism my stepfather mercilessly mocked me regularly and never let up to this day were i still talking to him he d still be making jokes about single stream recycling and pointing to the trash can then i had a friend who d watch carl sagans cosmos all the time and i got more focused on this is our only home mindset he was the first to really drive home the idea of climate change by the time covid hit and i was living in spokane breathing in the smoke from camp fire ans reading parable of the sower by octavia butler that i started to really get a sense of doom like people are just too distracted too driven by comfort,NEGATIVE,POSITIVE,False
i am disappointed with the comments on this thread there are entrenched money interests that use their huge wealth to create climate change denial via propaganda and disinformation fox 'news' koch bros fossil fuel industry etc it is in the gops financial interest to deny climate change it is just that simple,NEGATIVE,POSITIVE,False
this is a great point it seems like there's a caricature of all people who are hesitant to advocate for aggressive govt policies to address climate change as if they want to completely dump renewables and use nothing but the dirtiest forms of fossil fuels environment be damned,POSITIVE,POSITIVE,True
that you blame the billionaires for climate change and the only reason they are billionaires isn t because of corporate greed it s because you are the vast majority that carelessly purchases their products every single day you don t bring reusable bags to get groceries or even ask if theirs a paper opinion you buy plastic bottles after plastic bottles plastic shrink wrap straws garbage bags zip locks etc you don t educate yourself as a consumer and you have the audacity to blame the people who didn t put the gun in your hand you did it willfully and paid for it imagine if everyone cut convenience plastics out of their day a few times a week profits would decrease and shareholders will off load their stock for other investors etc we are the problem and solution society is fundamentally lacking critical thinking skills in the vast majority quit pointing fingers at billionaires it s not their job to support the people who struggle to support themselves instead of a few billionaires solving world hunger why not just everybody donate dollar to the cause on a go fund me pretty fucking easy but let s just make the billionaires do it they have plenty lastly news flash your can t solve homelessness or world hunger by throwing money at the problem it s more complicated than an entire government could solve thats what americans are disliked for the capitalist mentality and culture sorry for the rant but god dam people are just dumb and ignorant to the core,NEGATIVE,NEGATIVE,True
if you live in the u s that's intentional conservatives have invested a lot of money to get americans to stop talking about climate change and it worked most americans are cheering for the defunding of any climate conserving efforts because the acceptable price of their children's future is a few dollars back on a tax return,NEGATIVE,NEGATIVE,True
if you got another planet to live on that we don't know about then i guess you don't have to care about climate change for the rest of us we probably should since this is where we call home,NEUTRAL,POSITIVE,False
have hope out of spite they don't want you to hope they want you to give up and fade away so they can just keep doing what they're doing hope in and of itself is rebellious in hard times as far as climate change people as a whole have seen way more intense climate changes over their year existence than you will ever see in your individual lifetime social media and news distribution are designed to capture your attention and they will spread a lot of exploratory studies not peer reviewed and 'expert' opinions not peer reviewed because it makes for good click bait the future is a story in your head!! it's not real only the present is real making you concerned about the future is a method of keeping you glued to certain services so that they can justify themselves to their sponsors also how churches work those predictions of any such events within the next century are outlandish and have zero merit is climate change real? yes is it made worse by humans? yes will we go extinct because of it? yes because so has every species of animal that's ever gone extinct will that happen in your lifetime? statistically almost certainly not! again over years multiple ice ages floods dry outs plagues etc haven't done it and there's no good reason to expect your individual lifetime is magically cursed besides all major climate events happen gradually over decades and centuries not overnight could the world end by ? sure but by the same logic it could end tomorrow for you you could get hit by falling space debris have a sudden aneurism etc it is very very important to learn to accept death which is hard in cultures that pathologizes it everything dies! you are going to die! it's the absolute normal thing that happens to absolutely everything hell the observable universe is expanding and dissolving away and there are more areas of the unknown that can by physical law never be known everyday it's all going to fade and disappear and change and so on at some point in the distant future something or someone in the universe will have the absolute final living thought and that's okay think about people in much worse situations than you who are afraid of starving today do something to help them,NEGATIVE,NEGATIVE,True
even if you think climate change won't be the doom of the human race i don't think there's any harm in trying to stop it or slow it down even if you flat out don't believe in climate change at all i think there's still a very good argument to be made for being against things like fossil fuels and the like fossil fuels produce pollution which is just generally gross and unpleasant it's damaging to the ecosystem and is less effective in the long term compared to nuclear power or renewable power sources,POSITIVE,NEGATIVE,False
vote and convince everybody you know to also vote and to take climate change seriously when doing so,POSITIVE,POSITIVE,True
climate change is bearable when we put our head into the fridge,POSITIVE,NEUTRAL,False
i know people who worked in the oil and gas industry if they were to admit that climate change is real they would also be admitting that they were responsible that's a devastating revelation and so they live in denial to avoid admitting they destroyed the planet,NEGATIVE,NEGATIVE,True
the future is not yet written climate change is unpredictable what we know for certain is that things will change we cannot predict exactly how nor how our societies will react and adapt but know that no matter what even if it doesn t go well there will always be something worth saving something worth loving something worth being happy about even if it s all bad there is still joy do what you can to build the future you want and trust that millions of others are doing the same find community and go forth with courage these are the cards we ve been dealt now how can we make the most of it? leave the most good behind? the planet needs you,POSITIVE,NEGATIVE,False
what is the best way to teach an uneducated adult about climate change in few sentences? can you give me an example?,POSITIVE,POSITIVE,True
there's a difference an asteroid is sudden to an extent we'd see some wild shit days before impact climate change is a slow burner we're like a frog that's in some lukewarm water on a fire we'll be long dead before we can put it out,NEUTRAL,NEGATIVE,False
i started rooting for climate change,POSITIVE,NEUTRAL,False
i've been in solar for almost years when i started the payback for a residential solar system was years and the warranty was years now the payback is under years and the warranty is years for businesses the payback is years when i started we used to recommend that people get a propane natural gas clothes dryer because it was hard to offset an electric clothes dryer with expensive solar and burning gas at your home produced fewer co emissions than burning coal in a power plant to power an electric dryer since then the grid gets greener every year and in about it became more cost effective to convert all household appliances and hvac to electric versions and power it with solar than to keep running anything on gas in with the chevy bolt we added getting an ev to that recommendation and now the only time i would recommend an internal combustion engine ice is if you are in construction and have to tow trailers there is an ev model that will not only meet most peoples needs but its cheaper to power and maintain than an ice version thanks to lithium batteries we have solved overnight storage for everywhere but the regions closes to the arctic circle we do still need to work on long term and seasonal storage but the australian national university identified enough potential pumped hydro storage sites to make the grid renewable the barriers now are regulation and pushback from utilities not technology i can't emphasize enough that the technology is here now but we need people fighting governments and corporations to make sure it is built out to replace fossil fuel infrastructure when i started we recognized what we were doing was a drop in the bucket and frankly we weren't sure solar and wind could replace fossil fuels now solar and wind with storage are the cheapest way to generate energy all of those the world will end things are talked about incorrectly all of the dates given by actual scientists have been if co emissions continue on a business as usual trajectory we may be past a certain tipping point by x year don't get me wrong we are in trouble there will be coastal flooding causing mass migration farm belts for certain crops moving toward the poles as farming areas become too hot to handle their traditional crops etc those tipping points mostly represent where we can fight climate change with minimally disruptive adoption of low emissions alternatives industry farming etc and where we'll have to do stupid expensive experimental things like co direct air capture and orbital or atmospheric solar shades i get the depression i get the despair i've experienced it myself but here is the deal this is a fight people during world war ii felt like civilization was ending but they didn't give up they fought on the battlefield they fought in the factories making new technology they fought when they rationed and when they planted victory gardens they fought when they mended clothes and carpooled with the exception of the actual fighting on the battlefield all that wwii effort to create new things save energy conserve materials and plant things also work to fight climate change we need every person we can get fighting for a cleaner world you may feel the despair because it seems like uncontrolled warming is inevitable under the current political and economic systems but everything you do to fight the status quo helps move us in the right direction fight those systems by voting in local and national elections fight those systems by voting with your dollars fight those systems by planting things and making things i've seen it get better over the last years hell if we're counting environmental issues beyond climate change i've seen the acid rain stop and the trees on our mountaintop lakes come back after the coal plants were forced to put in scrubbers and i've seen the eagles and vultures come back after they banned ddt these environmental issues are solved by voting and volunteering and even buying look up local conservation groups i try to go to tree planting events since its such a direct fight against co emissions volunteer for a politician that has pledged to fight climate change find a community garden and grow some of your own food look for a job in en environmental field try to buy less and as much as possible from ethical companies each of these things will make you feel a little better as you start to understand or even directly see your impact if you're depressed you need to start small to build momentum need a new pair of socks because you've worn holes in the old ones? no you don't you need a needle and thread to darn the hole thats minutes of work and pounds of co saved in manufacturing and transportation check out the reddit sub visiblemending want to have a more environmentally friendly diet but its hard to change try meatless mondays want to volunteer but its hard to start take a few minutes to fill out some petitions on change dot org want to take political action but don't have the time find an organization you like and donate or euros or pounds or whatever currency you use take some small steps take bigger steps when you're ready or keep up with the small steps when you're not this all seems like a drop in the bucket the same metaphor i used for my early days in solar but every river starts with a single rain drop and every flood is just a huge number of those drops coming together i promise every step helps,POSITIVE,POSITIVE,True
doesn't really have to do with climate change but ok,NEUTRAL,NEUTRAL,True
poor communication of climate change zero real feasible or practical solution and self preservation if you look at how the data is presented and the solution it leads people to despair about the economic damage no one is really giving a reasonable take,NEGATIVE,NEGATIVE,True
complete non sequitur the existence of ac explains how some cities cope with heat not why temperatures are rising calling climate change risible just advertises a failure to understand,NEGATIVE,NEGATIVE,True
the root of climate change is in consumption and its root in human consciousness because men is not aware about what he is doing and what it's impact so he is keeping it go on so if i say that only solution of it is to growing up human consciousness and today's time only acharya prashant is talking about it he is working for us like climate change environment earth youth empowerment etc and giving real solution that works go self and watch his videos on youtube at acharya prashant channel,POSITIVE,POSITIVE,True
i feel like the general view among most conservatives nowadays is that climate change does in fact exist but what many are skeptical on is the extent that humans are involved and what the overall effects will be a lot of progressives act like the world is going to end in years unless we immediately switch to green energy and adopt a vegan lifestyle which is utterly ridiculous i don t think the world is going to end the weather may change a bit and will get overall warmer but that is pretty bearable for most people many conservatives also disagree on how much the government should be involved in combatting climate change we tend to dislike government intervention in the free market and this stands true for climate regulations it distorts the market when the government offers incentives to adopt green energy or tries to artificially increase the sale of electric vehicles before the national infrastructure is ready to deal with the change i don t think there are many people who oppose green energy or electric vehicles because it s too progressive conservatives just oppose the government essentially forcing the people to change,NEGATIVE,POSITIVE,False
still interesting to me that we throw such a fuss about warming most people only care about warming and the monetary cost or the human cost very few think about the cost to the earth which i surmise is little the earth really doesn't care about humanity forests coral reefs or oceanic temps life as we know it is less than a moment on earth's timeline we are simply arrogant to believe we are significant we've literally been years of humanity into having enough to eat to survive this climate change is just people creating problems to feel important we aren't,POSITIVE,NEGATIVE,False
the shortest milankovitch cycle is orbital precession which has a period of years milankovitch cycles affect the earth's energy budget by changing the amount of solar irradiance the earth receives over the past few centuries solar irradiance has been trending slightly downwards and therefore is very unlikely to have caused warming during that period milankovitch are the primary drivers of climate change on geological scales but they have very little effect on decadal or hundred year scales,NEGATIVE,NEGATIVE,True
when you read informative or important articles about climate change in this thread forward them by e mail to friends and relatives,POSITIVE,POSITIVE,True
to stop the warming we could put some volcanic dust in the atmosphere try to boost algae growth with iron filings but these measures come with their own problems potentially much more dangerous than the effects of warming and we should stick with what works increase forest area reduce emissions a lot reuse recycle avoid waste protect bio diversity but good luck telling people from a developing nation to stop improving their lot because we polluted too much already and telling our industries to reduce their output it's a multi front battle one is combating poverty because again poorer nations are less equipped to deal with climate change but one is carbon pricing if the world could agree to tax goods based on their carbon footprint with the benefits being redistributed to everyone anyway it would push industries to limit their emissions and consumers to choose less polluting alternatives i live in canada where we are about to implement such a scheme and i am really eager to see the result even if it mean that stuff will get more expensive the redistribution comes as a form of income tax rebate when i will file my taxes protection of natural spaces is important too although that's more to deal with the effects of global warming and make sure that the plants and animals are not going to be completely decimated by the added pressures of warming and by us there is direct carbon capture factories that can suck the air and filter the co out but it's still expensive ish but it needs to be much more heavily researched and tried everywhere solar is already cheaper than coal but it should be pushed even more we can power the whole world with solar panels covering only of the sahara batteries are a viable solution even with current options nuclear is safe and amazing too although it takes a long time to setup a new power plant compared to solar so there is no excuse it's not going to be easy but we have all the tools already we just need the money the will and the data the alternative is a severe blow to our global civilization if not its destruction,NEGATIVE,NEGATIVE,True
climate change is definitely real the problem is the cause is still not fully determined and labelling carbon as the main cause may not be the full story the science to determine the real cause is not there yet but the correlation is obvious enough,NEUTRAL,NEGATIVE,False
the solution to climate change can t be to make people poorer no matter how much you believe in climate change you will only do enough to the extent you don t feel it impacts your life this is true of everyone it s why rich people drive an ev but at the same time fly private jet everywhere,POSITIVE,POSITIVE,True
of the choices given and the trick is we desperately need to be organizing and getting involved at the local level your city and county commissioners mayor puc board comptroller zoning board school board hoa and every other elected official down to the fricking dog catcher all can make decisions impacting climate change on an individual level your votes and input actually can have an effect even in large cities a lot of small positions are decided by a few dozen votes with turnout being in just the hundreds if it's an off year or special election,POSITIVE,NEGATIVE,False
we're in the sixth mass extinction now when climate change finally takes our species i'm pretty positive the earth's climate will stabilize,POSITIVE,NEUTRAL,False
so spending billions of dollars in direct climate change investments is doing very little ? this sub i swear to god,NEGATIVE,POSITIVE,False
in the next hundred years climate change won t kill very many people in usa a huge percentage of the millions in deaths in that time period will be the poor in third world countries even in the usa the deaths will mostly be the poor and those who live in hurricane country and the hottest regions slowing our environmental programs will eventually cost many lives but the vast majority of them are hundreds of years in the future the speed at which we make changes will radically impact the number of people who die in the next ten thousand years from climate change but most of them will be far in the future if you want to live to be a hundred years then become upper middle class or rich and move to a sensible location the human population will survive climate change even if we do nothing since eventually it will kill enough billions that the remaining ones will eventually see temperatures drop,POSITIVE,NEGATIVE,False
i m a phd student in earth environmental atmospheric science doing climatological studies on extreme precipitation events and relating occurrences to the state of various atmospheric oscillations i m sort of interdisciplinary so i see more aspects of the research than i am able to understand with my current level of knowledge i have peers that focus on drought soil geology evapotranspiration water use strategies by vegetation how local geography in the east indies impacts malaria rates and prevention etc we know every research article or topic is basically obligated to mention climate change literally every atmospheric phenomenon is projected to increase in severity whether its stronger hurricanes or hotter longer droughts at least here in the academia bubble we all haven t forgotten the most damning crisis of the generation hope your research is going well!,POSITIVE,POSITIVE,True
recommendation go read ipcc s latest spm locate the absolute worst possible outcome in the entire document ask yourself has humanity ever overcome anything worse than that outcome? could we mitigate overcome it again? i think you ll be surprised what happens when u put down the mainstream media and pickup the science on climate change,NEGATIVE,NEGATIVE,True
climate change is just god's wrath about to hit the world,POSITIVE,NEGATIVE,False
no i can't because a you're asking for hard data that supports something that didn't happen impossible and b land doesn't sink it floods what i could do is point to data that shows efforts by western countries to reduce carbon emissions and data that links carbon emissions with climate change and deduce that the latter would have more examples if not for the former,NEGATIVE,NEGATIVE,True
good points i'd be interested to see a poll measuring how credible people believe scientists are i'd imagine that a large portion of americans do not put much weight in the consensus of the scientific community i'm in grad school for public health during a phd environmental scientist's lecture on climate change a student straight up walked out in protest the prof was just showing slides of temperature data goes back to an age old rules of public speaking know your audience,POSITIVE,NEGATIVE,False
deforestation is bad because the forest is often chopped down and burned if the material were used instead of burned the effect wouldn't be so bad as it stands deforestation leads to roughly billion tons of co release per year to add insult to injury the land is often used for cattle cattle produces methane methane is a much worse green house gas than c roughly times worse each cow yields about kgs of methane per year there are roughly billion cows on earth the effect of cows on global warming far far exceeds the effect of deforestation so if we are only talking chopping down the trees the effect is minimal if we are talking about burning the trees and replacing them with cows then we have a pretty big problem that is why i categorize save the rainforest cuz it has bioversity and stop trying to make the rainforest into cowtown as different arguments in my mind preserving biodiversity is important but unrelated to climate change its the burning and cows that cause climate problems but whether the land is turned into a parking lot or a ranch doesn't change the loss of biodiversity,NEGATIVE,NEGATIVE,True
wikipedia has good info on climate change for a quick overview and whatever in depth rabbit holes subtopics you want to pursue,POSITIVE,POSITIVE,True
climate change is a natural process that we sped up it will cause extinction events in many species this is fine it will cause geopolitical unrest this is fine industries will address clean energy as technologies become more economical and as public opinion changes without government interference humans will ultimately not go extinct and all life will not cease on earth we will not end up like venus earth will be different but this is fine,POSITIVE,NEGATIVE,False
the climate was changing before people existed climate change is why people exist the climate will always change that s what it does,POSITIVE,NEUTRAL,False
it s possible but a good chunk of humanity want to do more of what s making global climate change worse so can we? yes will we? most likely not until it s far too late,NEUTRAL,POSITIVE,False
the rest of the scientists of the world say that climate change is bs their voices are silenced in the u s only those who believe in climate change are given a public voice let that sink in,NEGATIVE,NEGATIVE,True
i am always glad that the heat pump technology seem to kick up i am a researcher work in refrigeration and it closely related to heat pump currently the field are experiment with more efficient tech and more environmentally friendly refrigerant too hope the future of this technology would help to combat climate change in heating cooling sector,POSITIVE,POSITIVE,True
