2026-04-11 18:10:21.833 INFO  (main) [] o.e.j.s.Server jetty-12.0.27; built: 2025-09-10T23:47:49.595Z; git: 3569a3e83ad136ee44e26b370b74c1c5e9f33e61; jvm 21.0.10+8-LTS-217
2026-04-11 18:10:24.772 INFO  (main) [] o.e.j.e.w.StandardDescriptorProcessor NO JSP Support for /solr, did not find org.apache.jasper.servlet.JspServlet
2026-04-11 18:10:24.880 INFO  (main) [] o.e.j.s.h.ContextHandler Started oeje10w.WebAppContext@7f9e1534{solr-jetty-context,/solr,b=file:///C:/Users/zhixu/OneDrive%20-%20Nanyang%20Technological%20University/Y4S2/SC4021/Assignment/SC4021/solr-10.0.0/server/solr-webapp/webapp/,a=AVAILABLE,h=oeje10s.SessionHandler@138a7441{STARTED}}{C:\Users\zhixu\OneDrive - Nanyang Technological University\Y4S2\SC4021\Assignment\SC4021\solr-10.0.0\server/solr-webapp/webapp}
2026-04-11 18:10:24.900 WARN  (main) [] o.a.s.c.u.EnvUtils You are passing in deprecated system property zk.client.timeout and should upgrade to using solr.zookeeper.client.timeout instead.  The deprecated property support will be removed in future version of Solr.
2026-04-11 18:10:24.900 INFO  (main) [] o.a.s.s.CoreContainerProvider Using logger factory org.apache.logging.slf4j.Log4jLoggerFactory
2026-04-11 18:10:24.920 INFO  (main) [] o.a.s.s.CoreContainerProvider  ___      _       Welcome to Apache Solr™ version 10.0.0
2026-04-11 18:10:24.920 INFO  (main) [] o.a.s.s.CoreContainerProvider / __| ___| |_ _   Starting in cloud mode on port 8983
2026-04-11 18:10:24.920 INFO  (main) [] o.a.s.s.CoreContainerProvider \__ \/ _ \ | '_|  Install dir: C:\Users\zhixu\OneDrive - Nanyang Technological University\Y4S2\SC4021\Assignment\SC4021\solr-10.0.0
2026-04-11 18:10:24.921 INFO  (main) [] o.a.s.s.CoreContainerProvider |___/\___/_|_|    Start time: 2026-04-11T18:10:24.921816100Z
2026-04-11 18:10:24.925 INFO  (main) [] o.a.s.s.CoreContainerProvider Solr started with "-XX:+CrashOnOutOfMemoryError" that will crash on any OutOfMemoryError exception. The cause of the OOME will be logged in the crash file at the following path: C:\Users\zhixu\OneDrive - Nanyang Technological University\Y4S2\SC4021\Assignment\SC4021\solr-10.0.0\server\logs\jvm_crash_4008.log
2026-04-11 18:10:25.321 INFO  (main) [] o.a.l.i.v.PanamaVectorizationProvider Java vector incubator API enabled; uses preferredBitSize=512; FMA enabled
2026-04-11 18:10:25.330 INFO  (main) [] o.a.s.s.CoreContainerProvider Solr Home: C:\Users\zhixu\OneDrive - Nanyang Technological University\Y4S2\SC4021\Assignment\SC4021\solr-10.0.0\server\solr (source: system property: solr.solr.home)
2026-04-11 18:10:25.402 INFO  (main) [] o.a.s.c.SolrXmlConfig Loading solr.xml from C:\Users\zhixu\OneDrive - Nanyang Technological University\Y4S2\SC4021\Assignment\SC4021\solr-10.0.0\server\solr\solr.xml
2026-04-11 18:10:25.505 INFO  (main) [] o.a.s.c.SolrResourceLoader Added 1 libs to classloader, from paths: [/C:/Users/zhixu/OneDrive%20-%20Nanyang%20Technological%20University/Y4S2/SC4021/Assignment/SC4021/solr-10.0.0/lib]
2026-04-11 18:10:26.629 INFO  (main) [] o.a.s.c.OpenTelemetryConfigurator OpenTelemetry tracer enabled with simple propagation only.
2026-04-11 18:10:27.538 INFO  (main) [] o.a.s.m.OtelRuntimeJvmMetrics JVM metrics collection successfully initialized
2026-04-11 18:10:28.976 INFO  (main) [] o.a.s.u.StartupLoggingUtils Jetty request logging enabled. Will retain logs for last 3 days.
2026-04-11 18:10:29.001 INFO  (main) [] o.a.s.c.SolrZkServerProps Reading configuration from: C:\Users\zhixu\OneDrive - Nanyang Technological University\Y4S2\SC4021\Assignment\SC4021\solr-10.0.0\server\solr\zoo.cfg
2026-04-11 18:10:29.017 INFO  (main) [] o.a.s.c.SolrZkServer STARTING EMBEDDED ENSEMBLE ZOOKEEPER SERVER at port 9983, listening on host 127.0.0.1
2026-04-11 18:10:29.260 WARN  (embeddedZkServer) [] o.a.z.s.ServerCnxnFactory maxCnxns is not configured, using default value 0.
2026-04-11 18:10:29.525 INFO  (main) [] o.a.s.c.ZkContainer Zookeeper client=127.0.0.1:9983
2026-04-11 18:10:29.734 INFO  (main) [] o.a.c.f.i.CuratorFrameworkImpl Starting
2026-04-11 18:10:29.820 WARN  (NIOWorkerThread-1) [] o.a.z.s.NIOServerCnxn Close of session 0x0 =>java.io.IOException: ZooKeeperServer not running
	at org.apache.zookeeper.server.NIOServerCnxn.readLength(NIOServerCnxn.java:572)

2026-04-11 18:10:29.822 WARN  (main-SendThread(127.0.0.1:9983)) [] o.a.z.ClientCnxn Session 0x0 for server kubernetes.docker.internal/127.0.0.1:9983, Closing socket connection. Attempting reconnect except it is a SessionExpiredException or SessionTimeoutException. =>org.apache.zookeeper.ClientCnxn$EndOfStreamException: Unable to read additional data from server sessionid 0x0, likely server has closed socket
	at org.apache.zookeeper.ClientCnxnSocketNIO.doIO(ClientCnxnSocketNIO.java:77)

2026-04-11 18:10:29.824 INFO  (main) [] o.a.c.f.i.CuratorFrameworkImpl Default schema
2026-04-11 18:10:31.204 INFO  (main-EventThread) [] o.a.c.f.s.ConnectionStateManager State change: CONNECTED
2026-04-11 18:10:31.213 INFO  (main-EventThread) [] o.a.c.f.i.EnsembleTracker New config event received: {}
2026-04-11 18:10:31.213 INFO  (main-EventThread) [] o.a.c.f.i.EnsembleTracker New config event received: {}
2026-04-11 18:10:31.289 WARN  (main) [] o.a.s.c.ZkController Contents of zookeeper /security.json are world-readable; consider setting up ACLs as described in https://solr.apache.org/guide/solr/latest/deployment-guide/zookeeper-access-control.html
2026-04-11 18:10:31.339 INFO  (main) [] o.a.s.c.ZkController The Overseer is enabled.  It will process all cluster commands & state updates.
2026-04-11 18:10:31.385 INFO  (main) [] o.a.s.c.OverseerElectionContext I am going to be the leader localhost:8983_solr
2026-04-11 18:10:31.401 INFO  (main) [] o.a.s.c.Overseer Overseer (id=72071126783950848-localhost:8983_solr-n_0000000333) starting
2026-04-11 18:10:31.519 INFO  (main) [] o.a.s.c.ZkController Register node as live in ZooKeeper: /live_nodes/localhost:8983_solr
2026-04-11 18:10:31.540 INFO  (OverseerStateUpdate-72071126783950848-localhost:8983_solr-n_0000000333) [] o.a.s.c.Overseer Starting to work on the main queue : localhost:8983_solr
2026-04-11 18:10:31.570 INFO  (zkCallback-12-thread-1) [] o.a.s.c.c.ZkStateReader Updated live nodes from ZooKeeper... (0) -> (1)
2026-04-11 18:10:31.682 WARN  (main) [] o.a.s.c.CoreContainer Not all security plugins configured!  authentication=disabled authorization=disabled.  Solr is only as secure as you make it. Consider configuring authentication/authorization before exposing Solr to users internal or external.  See https://s.apache.org/solrsecurity for more info
2026-04-11 18:10:32.265 INFO  (main) [] o.a.s.c.CorePropertiesLocator Found 3 core definitions underneath C:\Users\zhixu\OneDrive - Nanyang Technological University\Y4S2\SC4021\Assignment\SC4021\solr-10.0.0\server\solr
2026-04-11 18:10:32.265 INFO  (main) [] o.a.s.c.CorePropertiesLocator Cores are: [._designer_climate_change_core_shard1_replica_n1, ._designer_test_shard1_replica_n1, climate_change_core_shard1_replica_n1]
2026-04-11 18:10:32.382 INFO  (coreLoadExecutor-21-thread-2-processing-localhost:8983_solr) [] o.a.s.c.SolrConfig Using Lucene MatchVersion: 10.3.0
2026-04-11 18:10:32.399 INFO  (coreLoadExecutor-21-thread-1-processing-localhost:8983_solr) [] o.a.s.c.SolrConfig Using Lucene MatchVersion: 10.3.0
2026-04-11 18:10:32.422 INFO  (coreLoadExecutor-21-thread-3-processing-localhost:8983_solr) [] o.a.s.c.SolrConfig Using Lucene MatchVersion: 10.3.0
2026-04-11 18:10:32.567 INFO  (coreLoadExecutor-21-thread-2-processing-localhost:8983_solr) [] o.a.s.s.IndexSchema Schema name=default-config
2026-04-11 18:10:32.567 INFO  (coreLoadExecutor-21-thread-1-processing-localhost:8983_solr) [] o.a.s.s.IndexSchema Schema name=default-config
2026-04-11 18:10:32.570 INFO  (coreLoadExecutor-21-thread-3-processing-localhost:8983_solr) [] o.a.s.s.IndexSchema Schema name=default-config
2026-04-11 18:10:32.947 WARN  (main) [] o.g.j.m.i.MessagingBinders A class jakarta.activation.DataSource for a default provider MessageBodyWriter<jakarta.activation.DataSource> was not found. The provider is not available.
2026-04-11 18:10:33.076 INFO  (coreLoadExecutor-21-thread-1-processing-localhost:8983_solr) [] o.a.s.r.RestManager Registered ManagedResource impl org.apache.solr.rest.schema.analysis.ManagedSynonymGraphFilterFactory$SynonymManager for path /schema/analysis/synonyms/english
2026-04-11 18:10:33.076 INFO  (coreLoadExecutor-21-thread-3-processing-localhost:8983_solr) [] o.a.s.r.RestManager Registered ManagedResource impl org.apache.solr.rest.schema.analysis.ManagedSynonymGraphFilterFactory$SynonymManager for path /schema/analysis/synonyms/english
2026-04-11 18:10:33.223 INFO  (coreLoadExecutor-21-thread-3-processing-localhost:8983_solr) [] o.a.s.s.IndexSchema Loaded schema default-config/1.7 with uniqueid field id
2026-04-11 18:10:33.223 INFO  (coreLoadExecutor-21-thread-2-processing-localhost:8983_solr) [] o.a.s.s.IndexSchema Loaded schema default-config/1.7 with uniqueid field id
2026-04-11 18:10:33.223 INFO  (coreLoadExecutor-21-thread-1-processing-localhost:8983_solr) [] o.a.s.s.IndexSchema Loaded schema default-config/1.7 with uniqueid field id
2026-04-11 18:10:33.223 INFO  (coreLoadExecutor-21-thread-3-processing-localhost:8983_solr) [] o.a.s.r.RestManager Added observer of type org.apache.solr.rest.schema.analysis.ManagedSynonymGraphFilterFactory to existing ManagedResource /schema/analysis/synonyms/english
2026-04-11 18:10:33.224 INFO  (coreLoadExecutor-21-thread-1-processing-localhost:8983_solr) [] o.a.s.r.RestManager Added observer of type org.apache.solr.rest.schema.analysis.ManagedSynonymGraphFilterFactory to existing ManagedResource /schema/analysis/synonyms/english
2026-04-11 18:10:33.257 INFO  (coreLoadExecutor-21-thread-1-processing-localhost:8983_solr) [c:._designer_climate_change_core s:shard1 r:core_node2 x:._designer_climate_change_core_shard1_replica_n1] o.a.s.c.SolrConfig Using Lucene MatchVersion: 10.3.0
2026-04-11 18:10:33.257 INFO  (coreLoadExecutor-21-thread-2-processing-localhost:8983_solr) [c:._designer_test s:shard1 r:core_node2 x:._designer_test_shard1_replica_n1] o.a.s.c.SolrConfig Using Lucene MatchVersion: 10.3.0
2026-04-11 18:10:33.257 INFO  (coreLoadExecutor-21-thread-3-processing-localhost:8983_solr) [c:climate_change_core s:shard1 r:core_node2 x:climate_change_core_shard1_replica_n1] o.a.s.c.SolrConfig Using Lucene MatchVersion: 10.3.0
2026-04-11 18:10:33.266 INFO  (coreLoadExecutor-21-thread-2-processing-localhost:8983_solr) [c:._designer_test s:shard1 r:core_node2 x:._designer_test_shard1_replica_n1] o.a.s.s.IndexSchema Schema name=default-config
2026-04-11 18:10:33.266 INFO  (coreLoadExecutor-21-thread-3-processing-localhost:8983_solr) [c:climate_change_core s:shard1 r:core_node2 x:climate_change_core_shard1_replica_n1] o.a.s.s.IndexSchema Schema name=default-config
2026-04-11 18:10:33.266 INFO  (coreLoadExecutor-21-thread-1-processing-localhost:8983_solr) [c:._designer_climate_change_core s:shard1 r:core_node2 x:._designer_climate_change_core_shard1_replica_n1] o.a.s.s.IndexSchema Schema name=default-config
2026-04-11 18:10:33.353 INFO  (coreLoadExecutor-21-thread-1-processing-localhost:8983_solr) [c:._designer_climate_change_core s:shard1 r:core_node2 x:._designer_climate_change_core_shard1_replica_n1] o.a.s.r.RestManager Registered ManagedResource impl org.apache.solr.rest.schema.analysis.ManagedSynonymGraphFilterFactory$SynonymManager for path /schema/analysis/synonyms/english
2026-04-11 18:10:33.354 INFO  (coreLoadExecutor-21-thread-3-processing-localhost:8983_solr) [c:climate_change_core s:shard1 r:core_node2 x:climate_change_core_shard1_replica_n1] o.a.s.r.RestManager Registered ManagedResource impl org.apache.solr.rest.schema.analysis.ManagedSynonymGraphFilterFactory$SynonymManager for path /schema/analysis/synonyms/english
2026-04-11 18:10:33.472 INFO  (coreLoadExecutor-21-thread-2-processing-localhost:8983_solr) [c:._designer_test s:shard1 r:core_node2 x:._designer_test_shard1_replica_n1] o.a.s.s.IndexSchema Loaded schema default-config/1.7 with uniqueid field id
2026-04-11 18:10:33.472 INFO  (coreLoadExecutor-21-thread-2-processing-localhost:8983_solr) [c:._designer_test s:shard1 r:core_node2 x:._designer_test_shard1_replica_n1] o.a.s.c.CoreContainer Creating SolrCore '._designer_test_shard1_replica_n1' using configuration from configset ._designer_test
2026-04-11 18:10:33.484 INFO  (coreLoadExecutor-21-thread-1-processing-localhost:8983_solr) [c:._designer_climate_change_core s:shard1 r:core_node2 x:._designer_climate_change_core_shard1_replica_n1] o.a.s.s.IndexSchema Loaded schema default-config/1.7 with uniqueid field id
2026-04-11 18:10:33.484 INFO  (coreLoadExecutor-21-thread-1-processing-localhost:8983_solr) [c:._designer_climate_change_core s:shard1 r:core_node2 x:._designer_climate_change_core_shard1_replica_n1] o.a.s.r.RestManager Added observer of type org.apache.solr.rest.schema.analysis.ManagedSynonymGraphFilterFactory to existing ManagedResource /schema/analysis/synonyms/english
2026-04-11 18:10:33.487 INFO  (coreLoadExecutor-21-thread-3-processing-localhost:8983_solr) [c:climate_change_core s:shard1 r:core_node2 x:climate_change_core_shard1_replica_n1] o.a.s.s.IndexSchema Loaded schema default-config/1.7 with uniqueid field id
2026-04-11 18:10:33.487 INFO  (coreLoadExecutor-21-thread-3-processing-localhost:8983_solr) [c:climate_change_core s:shard1 r:core_node2 x:climate_change_core_shard1_replica_n1] o.a.s.r.RestManager Added observer of type org.apache.solr.rest.schema.analysis.ManagedSynonymGraphFilterFactory to existing ManagedResource /schema/analysis/synonyms/english
2026-04-11 18:10:33.491 INFO  (coreLoadExecutor-21-thread-1-processing-localhost:8983_solr) [c:._designer_climate_change_core s:shard1 r:core_node2 x:._designer_climate_change_core_shard1_replica_n1] o.a.s.c.CoreContainer Creating SolrCore '._designer_climate_change_core_shard1_replica_n1' using configuration from configset ._designer_climate_change_core
2026-04-11 18:10:33.492 INFO  (coreLoadExecutor-21-thread-3-processing-localhost:8983_solr) [c:climate_change_core s:shard1 r:core_node2 x:climate_change_core_shard1_replica_n1] o.a.s.c.CoreContainer Creating SolrCore 'climate_change_core_shard1_replica_n1' using configuration from configset climate_change_core
2026-04-11 18:10:33.541 INFO  (coreLoadExecutor-21-thread-3-processing-localhost:8983_solr) [c:climate_change_core s:shard1 r:core_node2 x:climate_change_core_shard1_replica_n1] o.a.s.c.SolrCore Opening new SolrCore at [C:\Users\zhixu\OneDrive - Nanyang Technological University\Y4S2\SC4021\Assignment\SC4021\solr-10.0.0\server\solr\climate_change_core_shard1_replica_n1], dataDir=[C:\Users\zhixu\OneDrive - Nanyang Technological University\Y4S2\SC4021\Assignment\SC4021\solr-10.0.0\server\solr\climate_change_core_shard1_replica_n1\data\]
2026-04-11 18:10:33.541 INFO  (coreLoadExecutor-21-thread-2-processing-localhost:8983_solr) [c:._designer_test s:shard1 r:core_node2 x:._designer_test_shard1_replica_n1] o.a.s.c.SolrCore Opening new SolrCore at [C:\Users\zhixu\OneDrive - Nanyang Technological University\Y4S2\SC4021\Assignment\SC4021\solr-10.0.0\server\solr\._designer_test_shard1_replica_n1], dataDir=[C:\Users\zhixu\OneDrive - Nanyang Technological University\Y4S2\SC4021\Assignment\SC4021\solr-10.0.0\server\solr\._designer_test_shard1_replica_n1\data\]
2026-04-11 18:10:33.541 INFO  (coreLoadExecutor-21-thread-1-processing-localhost:8983_solr) [c:._designer_climate_change_core s:shard1 r:core_node2 x:._designer_climate_change_core_shard1_replica_n1] o.a.s.c.SolrCore Opening new SolrCore at [C:\Users\zhixu\OneDrive - Nanyang Technological University\Y4S2\SC4021\Assignment\SC4021\solr-10.0.0\server\solr\._designer_climate_change_core_shard1_replica_n1], dataDir=[C:\Users\zhixu\OneDrive - Nanyang Technological University\Y4S2\SC4021\Assignment\SC4021\solr-10.0.0\server\solr\._designer_climate_change_core_shard1_replica_n1\data\]
2026-04-11 18:10:33.700 INFO  (main) [] o.a.s.j.SolrRequestAuthorizer Creating a new SolrRequestAuthorizer
2026-04-11 18:10:33.962 INFO  (main) [] o.e.j.e.s.ServletContextHandler Started oeje10w.WebAppContext@7f9e1534{solr-jetty-context,/solr,b=file:///C:/Users/zhixu/OneDrive%20-%20Nanyang%20Technological%20University/Y4S2/SC4021/Assignment/SC4021/solr-10.0.0/server/solr-webapp/webapp/,a=AVAILABLE,h=oeje10s.SessionHandler@138a7441{STARTED}}{C:\Users\zhixu\OneDrive - Nanyang Technological University\Y4S2\SC4021\Assignment\SC4021\solr-10.0.0\server/solr-webapp/webapp}
2026-04-11 18:10:33.975 INFO  (main) [] o.e.j.s.RequestLogWriter Opened C:\Users\zhixu\OneDrive - Nanyang Technological University\Y4S2\SC4021\Assignment\SC4021\solr-10.0.0\server\logs\2026_04_11.request.log
2026-04-11 18:10:34.014 INFO  (main) [] o.e.j.s.AbstractConnector Started ServerConnector@6bf28f61{HTTP/1.1, (http/1.1, h2c)}{127.0.0.1:8983}
2026-04-11 18:10:34.017 INFO  (main) [] o.e.j.s.Server Started oejs.Server@4264b240{STARTING}[12.0.27,sto=0] @23985ms
2026-04-11 18:10:34.498 INFO  (coreLoadExecutor-21-thread-1-processing-localhost:8983_solr) [c:._designer_climate_change_core s:shard1 r:core_node2 x:._designer_climate_change_core_shard1_replica_n1] o.a.s.j.SolrRequestAuthorizer Creating a new SolrRequestAuthorizer
2026-04-11 18:10:34.499 INFO  (coreLoadExecutor-21-thread-2-processing-localhost:8983_solr) [c:._designer_test s:shard1 r:core_node2 x:._designer_test_shard1_replica_n1] o.a.s.j.SolrRequestAuthorizer Creating a new SolrRequestAuthorizer
2026-04-11 18:10:34.507 INFO  (coreLoadExecutor-21-thread-3-processing-localhost:8983_solr) [c:climate_change_core s:shard1 r:core_node2 x:climate_change_core_shard1_replica_n1] o.a.s.j.SolrRequestAuthorizer Creating a new SolrRequestAuthorizer
2026-04-11 18:10:34.542 INFO  (coreLoadExecutor-21-thread-2-processing-localhost:8983_solr) [c:._designer_test s:shard1 r:core_node2 x:._designer_test_shard1_replica_n1] o.a.s.u.UpdateHandler Using UpdateLog implementation: org.apache.solr.update.UpdateLog
2026-04-11 18:10:34.542 INFO  (coreLoadExecutor-21-thread-1-processing-localhost:8983_solr) [c:._designer_climate_change_core s:shard1 r:core_node2 x:._designer_climate_change_core_shard1_replica_n1] o.a.s.u.UpdateHandler Using UpdateLog implementation: org.apache.solr.update.UpdateLog
2026-04-11 18:10:34.542 INFO  (coreLoadExecutor-21-thread-3-processing-localhost:8983_solr) [c:climate_change_core s:shard1 r:core_node2 x:climate_change_core_shard1_replica_n1] o.a.s.u.UpdateHandler Using UpdateLog implementation: org.apache.solr.update.UpdateLog
2026-04-11 18:10:34.550 INFO  (coreLoadExecutor-21-thread-2-processing-localhost:8983_solr) [c:._designer_test s:shard1 r:core_node2 x:._designer_test_shard1_replica_n1] o.a.s.u.UpdateLog Initializing UpdateLog: dataDir= defaultSyncLevel=FLUSH numRecordsToKeep=100 maxNumLogsToKeep=10
2026-04-11 18:10:34.550 INFO  (coreLoadExecutor-21-thread-3-processing-localhost:8983_solr) [c:climate_change_core s:shard1 r:core_node2 x:climate_change_core_shard1_replica_n1] o.a.s.u.UpdateLog Initializing UpdateLog: dataDir= defaultSyncLevel=FLUSH numRecordsToKeep=100 maxNumLogsToKeep=10
2026-04-11 18:10:34.550 INFO  (coreLoadExecutor-21-thread-1-processing-localhost:8983_solr) [c:._designer_climate_change_core s:shard1 r:core_node2 x:._designer_climate_change_core_shard1_replica_n1] o.a.s.u.UpdateLog Initializing UpdateLog: dataDir= defaultSyncLevel=FLUSH numRecordsToKeep=100 maxNumLogsToKeep=10
2026-04-11 18:10:34.551 INFO  (coreLoadExecutor-21-thread-2-processing-localhost:8983_solr) [c:._designer_test s:shard1 r:core_node2 x:._designer_test_shard1_replica_n1] o.a.s.u.CommitTracker Hard AutoCommit: if uncommitted for 15000ms; 
2026-04-11 18:10:34.551 INFO  (coreLoadExecutor-21-thread-1-processing-localhost:8983_solr) [c:._designer_climate_change_core s:shard1 r:core_node2 x:._designer_climate_change_core_shard1_replica_n1] o.a.s.u.CommitTracker Hard AutoCommit: if uncommitted for 15000ms; 
2026-04-11 18:10:34.551 INFO  (coreLoadExecutor-21-thread-3-processing-localhost:8983_solr) [c:climate_change_core s:shard1 r:core_node2 x:climate_change_core_shard1_replica_n1] o.a.s.u.CommitTracker Hard AutoCommit: if uncommitted for 15000ms; 
2026-04-11 18:10:34.554 INFO  (coreLoadExecutor-21-thread-3-processing-localhost:8983_solr) [c:climate_change_core s:shard1 r:core_node2 x:climate_change_core_shard1_replica_n1] o.a.s.u.CommitTracker Soft AutoCommit: if uncommitted for 3000ms; 
2026-04-11 18:10:34.554 INFO  (coreLoadExecutor-21-thread-2-processing-localhost:8983_solr) [c:._designer_test s:shard1 r:core_node2 x:._designer_test_shard1_replica_n1] o.a.s.u.CommitTracker Soft AutoCommit: if uncommitted for 3000ms; 
2026-04-11 18:10:34.554 INFO  (coreLoadExecutor-21-thread-1-processing-localhost:8983_solr) [c:._designer_climate_change_core s:shard1 r:core_node2 x:._designer_climate_change_core_shard1_replica_n1] o.a.s.u.CommitTracker Soft AutoCommit: if uncommitted for 3000ms; 
2026-04-11 18:10:34.579 INFO  (qtp1542520418-33-null-3) [ t:null-3] o.a.s.s.HttpSolrCall [admin] path=/admin/info/system params={wt=javabin} status=0 QTime=338
2026-04-11 18:10:34.684 INFO  (qtp1542520418-41-null-4) [ t:null-4] o.a.s.s.HttpSolrCall [admin] path=/admin/collections params={action=CLUSTERSTATUS&wt=javabin} status=0 QTime=28
2026-04-11 18:10:34.799 INFO  (coreLoadExecutor-21-thread-2-processing-localhost:8983_solr) [c:._designer_test s:shard1 r:core_node2 x:._designer_test_shard1_replica_n1] o.a.s.r.ManagedResourceStorage Configured ZooKeeperStorageIO with znodeBase: /configs/._designer_test
2026-04-11 18:10:34.799 INFO  (coreLoadExecutor-21-thread-1-processing-localhost:8983_solr) [c:._designer_climate_change_core s:shard1 r:core_node2 x:._designer_climate_change_core_shard1_replica_n1] o.a.s.r.ManagedResourceStorage Configured ZooKeeperStorageIO with znodeBase: /configs/._designer_climate_change_core
2026-04-11 18:10:34.804 INFO  (coreLoadExecutor-21-thread-2-processing-localhost:8983_solr) [c:._designer_test s:shard1 r:core_node2 x:._designer_test_shard1_replica_n1] o.a.s.r.ManagedResourceStorage Loaded null at path _rest_managed.json using ZooKeeperStorageIO:path=/configs/._designer_test
2026-04-11 18:10:34.804 INFO  (coreLoadExecutor-21-thread-1-processing-localhost:8983_solr) [c:._designer_climate_change_core s:shard1 r:core_node2 x:._designer_climate_change_core_shard1_replica_n1] o.a.s.r.ManagedResourceStorage Loaded null at path _rest_managed.json using ZooKeeperStorageIO:path=/configs/._designer_climate_change_core
2026-04-11 18:10:34.808 INFO  (coreLoadExecutor-21-thread-1-processing-localhost:8983_solr) [c:._designer_climate_change_core s:shard1 r:core_node2 x:._designer_climate_change_core_shard1_replica_n1] o.a.s.r.ManagedResourceStorage Loaded null at path _schema_analysis_synonyms_english.json using ZooKeeperStorageIO:path=/configs/._designer_climate_change_core
2026-04-11 18:10:34.808 INFO  (coreLoadExecutor-21-thread-1-processing-localhost:8983_solr) [c:._designer_climate_change_core s:shard1 r:core_node2 x:._designer_climate_change_core_shard1_replica_n1] o.a.s.r.s.a.ManagedSynonymGraphFilterFactory Loaded 0 synonym mappings for /schema/analysis/synonyms/english
2026-04-11 18:10:34.808 INFO  (coreLoadExecutor-21-thread-2-processing-localhost:8983_solr) [c:._designer_test s:shard1 r:core_node2 x:._designer_test_shard1_replica_n1] o.a.s.s.ZkIndexSchemaReader Creating ZooKeeper watch for the managed schema at /configs/._designer_test/managed-schema.xml
2026-04-11 18:10:34.810 INFO  (coreLoadExecutor-21-thread-1-processing-localhost:8983_solr) [c:._designer_climate_change_core s:shard1 r:core_node2 x:._designer_climate_change_core_shard1_replica_n1] o.a.s.r.ManagedResource Notified 1 observers of /schema/analysis/synonyms/english
2026-04-11 18:10:34.810 INFO  (coreLoadExecutor-21-thread-1-processing-localhost:8983_solr) [c:._designer_climate_change_core s:shard1 r:core_node2 x:._designer_climate_change_core_shard1_replica_n1] o.a.s.s.ZkIndexSchemaReader Creating ZooKeeper watch for the managed schema at /configs/._designer_climate_change_core/managed-schema.xml
2026-04-11 18:10:34.810 INFO  (coreLoadExecutor-21-thread-2-processing-localhost:8983_solr) [c:._designer_test s:shard1 r:core_node2 x:._designer_test_shard1_replica_n1] o.a.s.s.ZkIndexSchemaReader Current schema version 1 is already the latest
2026-04-11 18:10:34.814 INFO  (coreLoadExecutor-21-thread-1-processing-localhost:8983_solr) [c:._designer_climate_change_core s:shard1 r:core_node2 x:._designer_climate_change_core_shard1_replica_n1] o.a.s.s.ZkIndexSchemaReader Current schema version 5 is already the latest
2026-04-11 18:10:34.840 INFO  (coreLoadExecutor-21-thread-2-processing-localhost:8983_solr) [c:._designer_test s:shard1 r:core_node2 x:._designer_test_shard1_replica_n1] o.a.s.s.DirectSolrSpellChecker init: {maxEdits=2, minPrefix=1, maxInspections=5, minQueryLength=4, accuracy=0.5, maxQueryFrequency=0.01, name=default, field=_text_, classname=solr.DirectSolrSpellChecker, distanceMeasure=internal}
2026-04-11 18:10:34.840 INFO  (coreLoadExecutor-21-thread-1-processing-localhost:8983_solr) [c:._designer_climate_change_core s:shard1 r:core_node2 x:._designer_climate_change_core_shard1_replica_n1] o.a.s.s.DirectSolrSpellChecker init: {maxEdits=2, minPrefix=1, maxInspections=5, minQueryLength=2, accuracy=0.7, maxQueryFrequency=0.05, name=default, field=text, classname=solr.DirectSolrSpellChecker, distanceMeasure=internal}
2026-04-11 18:10:34.854 INFO  (coreLoadExecutor-21-thread-2-processing-localhost:8983_solr) [c:._designer_test s:shard1 r:core_node2 x:._designer_test_shard1_replica_n1] o.a.s.h.ReplicationHandler Commits will be reserved for 10000 ms
2026-04-11 18:10:34.854 INFO  (coreLoadExecutor-21-thread-1-processing-localhost:8983_solr) [c:._designer_climate_change_core s:shard1 r:core_node2 x:._designer_climate_change_core_shard1_replica_n1] o.a.s.h.ReplicationHandler Commits will be reserved for 10000 ms
2026-04-11 18:10:34.870 INFO  (searcherExecutor-27-thread-1-processing-localhost:8983_solr ._designer_climate_change_core_shard1_replica_n1 ._designer_climate_change_core shard1 core_node2) [c:._designer_climate_change_core s:shard1 r:core_node2 x:._designer_climate_change_core_shard1_replica_n1] o.a.s.c.QuerySenderListener QuerySenderListener done.
2026-04-11 18:10:34.870 INFO  (searcherExecutor-27-thread-1-processing-localhost:8983_solr ._designer_climate_change_core_shard1_replica_n1 ._designer_climate_change_core shard1 core_node2) [c:._designer_climate_change_core s:shard1 r:core_node2 x:._designer_climate_change_core_shard1_replica_n1] o.a.s.h.c.SpellCheckComponent Loading spell index for spellchecker: default
2026-04-11 18:10:34.870 INFO  (searcherExecutor-25-thread-1-processing-localhost:8983_solr ._designer_test_shard1_replica_n1 ._designer_test shard1 core_node2) [c:._designer_test s:shard1 r:core_node2 x:._designer_test_shard1_replica_n1] o.a.s.c.QuerySenderListener QuerySenderListener done.
2026-04-11 18:10:34.870 INFO  (searcherExecutor-25-thread-1-processing-localhost:8983_solr ._designer_test_shard1_replica_n1 ._designer_test shard1 core_node2) [c:._designer_test s:shard1 r:core_node2 x:._designer_test_shard1_replica_n1] o.a.s.h.c.SpellCheckComponent Loading spell index for spellchecker: default
2026-04-11 18:10:34.882 INFO  (searcherExecutor-27-thread-1-processing-localhost:8983_solr ._designer_climate_change_core_shard1_replica_n1 ._designer_climate_change_core shard1 core_node2) [c:._designer_climate_change_core s:shard1 r:core_node2 x:._designer_climate_change_core_shard1_replica_n1] o.a.s.c.SolrCore Registered new searcher autowarm time: 0 ms
2026-04-11 18:10:34.882 INFO  (searcherExecutor-25-thread-1-processing-localhost:8983_solr ._designer_test_shard1_replica_n1 ._designer_test shard1 core_node2) [c:._designer_test s:shard1 r:core_node2 x:._designer_test_shard1_replica_n1] o.a.s.c.SolrCore Registered new searcher autowarm time: 0 ms
2026-04-11 18:10:34.909 INFO  (coreZkRegister-1-thread-2-processing-localhost:8983_solr ._designer_test_shard1_replica_n1 ._designer_test shard1 core_node2) [c:._designer_test s:shard1 r:core_node2 x:._designer_test_shard1_replica_n1] o.a.s.c.ShardLeaderElectionContextBase make sure parent is created /collections/._designer_test/leaders/shard1
2026-04-11 18:10:34.909 INFO  (coreZkRegister-1-thread-1-processing-localhost:8983_solr ._designer_climate_change_core_shard1_replica_n1 ._designer_climate_change_core shard1 core_node2) [c:._designer_climate_change_core s:shard1 r:core_node2 x:._designer_climate_change_core_shard1_replica_n1] o.a.s.c.ShardLeaderElectionContextBase make sure parent is created /collections/._designer_climate_change_core/leaders/shard1
2026-04-11 18:10:34.924 INFO  (coreZkRegister-1-thread-2-processing-localhost:8983_solr ._designer_test_shard1_replica_n1 ._designer_test shard1 core_node2) [c:._designer_test s:shard1 r:core_node2 x:._designer_test_shard1_replica_n1] o.a.s.c.ShardLeaderElectionContext Enough replicas found to continue.
2026-04-11 18:10:34.924 INFO  (coreZkRegister-1-thread-1-processing-localhost:8983_solr ._designer_climate_change_core_shard1_replica_n1 ._designer_climate_change_core shard1 core_node2) [c:._designer_climate_change_core s:shard1 r:core_node2 x:._designer_climate_change_core_shard1_replica_n1] o.a.s.c.ShardLeaderElectionContext Enough replicas found to continue.
2026-04-11 18:10:34.924 INFO  (coreZkRegister-1-thread-1-processing-localhost:8983_solr ._designer_climate_change_core_shard1_replica_n1 ._designer_climate_change_core shard1 core_node2) [c:._designer_climate_change_core s:shard1 r:core_node2 x:._designer_climate_change_core_shard1_replica_n1] o.a.s.c.ShardLeaderElectionContext I may be the new leader - try and sync
2026-04-11 18:10:34.924 INFO  (coreZkRegister-1-thread-2-processing-localhost:8983_solr ._designer_test_shard1_replica_n1 ._designer_test shard1 core_node2) [c:._designer_test s:shard1 r:core_node2 x:._designer_test_shard1_replica_n1] o.a.s.c.ShardLeaderElectionContext I may be the new leader - try and sync
2026-04-11 18:10:34.925 INFO  (coreZkRegister-1-thread-1-processing-localhost:8983_solr ._designer_climate_change_core_shard1_replica_n1 ._designer_climate_change_core shard1 core_node2) [c:._designer_climate_change_core s:shard1 r:core_node2 x:._designer_climate_change_core_shard1_replica_n1] o.a.s.c.SyncStrategy Sync replicas to http://localhost:8983/solr/._designer_climate_change_core_shard1_replica_n1/
2026-04-11 18:10:34.925 INFO  (coreZkRegister-1-thread-2-processing-localhost:8983_solr ._designer_test_shard1_replica_n1 ._designer_test shard1 core_node2) [c:._designer_test s:shard1 r:core_node2 x:._designer_test_shard1_replica_n1] o.a.s.c.SyncStrategy Sync replicas to http://localhost:8983/solr/._designer_test_shard1_replica_n1/
2026-04-11 18:10:34.928 INFO  (coreZkRegister-1-thread-2-processing-localhost:8983_solr ._designer_test_shard1_replica_n1 ._designer_test shard1 core_node2) [c:._designer_test s:shard1 r:core_node2 x:._designer_test_shard1_replica_n1] o.a.s.c.SyncStrategy Sync Success - now sync replicas to me
2026-04-11 18:10:34.928 INFO  (coreZkRegister-1-thread-1-processing-localhost:8983_solr ._designer_climate_change_core_shard1_replica_n1 ._designer_climate_change_core shard1 core_node2) [c:._designer_climate_change_core s:shard1 r:core_node2 x:._designer_climate_change_core_shard1_replica_n1] o.a.s.c.SyncStrategy Sync Success - now sync replicas to me
2026-04-11 18:10:34.932 INFO  (coreZkRegister-1-thread-2-processing-localhost:8983_solr ._designer_test_shard1_replica_n1 ._designer_test shard1 core_node2) [c:._designer_test s:shard1 r:core_node2 x:._designer_test_shard1_replica_n1] o.a.s.c.SyncStrategy http://localhost:8983/solr/._designer_test_shard1_replica_n1/ has no replicas
2026-04-11 18:10:34.932 INFO  (coreZkRegister-1-thread-1-processing-localhost:8983_solr ._designer_climate_change_core_shard1_replica_n1 ._designer_climate_change_core shard1 core_node2) [c:._designer_climate_change_core s:shard1 r:core_node2 x:._designer_climate_change_core_shard1_replica_n1] o.a.s.c.SyncStrategy http://localhost:8983/solr/._designer_climate_change_core_shard1_replica_n1/ has no replicas
2026-04-11 18:10:34.934 INFO  (coreZkRegister-1-thread-2-processing-localhost:8983_solr ._designer_test_shard1_replica_n1 ._designer_test shard1 core_node2) [c:._designer_test s:shard1 r:core_node2 x:._designer_test_shard1_replica_n1] o.a.s.c.ShardLeaderElectionContextBase Creating leader registration node /collections/._designer_test/leaders/shard1/leader after winning as /collections/._designer_test/leader_elect/shard1/election/72071126783950848-core_node2-n_0000000004
2026-04-11 18:10:34.934 INFO  (coreZkRegister-1-thread-1-processing-localhost:8983_solr ._designer_climate_change_core_shard1_replica_n1 ._designer_climate_change_core shard1 core_node2) [c:._designer_climate_change_core s:shard1 r:core_node2 x:._designer_climate_change_core_shard1_replica_n1] o.a.s.c.ShardLeaderElectionContextBase Creating leader registration node /collections/._designer_climate_change_core/leaders/shard1/leader after winning as /collections/._designer_climate_change_core/leader_elect/shard1/election/72071126783950848-core_node2-n_0000000004
2026-04-11 18:10:34.953 INFO  (coreZkRegister-1-thread-1-processing-localhost:8983_solr ._designer_climate_change_core_shard1_replica_n1 ._designer_climate_change_core shard1 core_node2) [c:._designer_climate_change_core s:shard1 r:core_node2 x:._designer_climate_change_core_shard1_replica_n1] o.a.s.c.ShardLeaderElectionContext I am the new leader: http://localhost:8983/solr/._designer_climate_change_core_shard1_replica_n1/ shard1
2026-04-11 18:10:34.953 INFO  (coreZkRegister-1-thread-2-processing-localhost:8983_solr ._designer_test_shard1_replica_n1 ._designer_test shard1 core_node2) [c:._designer_test s:shard1 r:core_node2 x:._designer_test_shard1_replica_n1] o.a.s.c.ShardLeaderElectionContext I am the new leader: http://localhost:8983/solr/._designer_test_shard1_replica_n1/ shard1
2026-04-11 18:10:34.958 INFO  (coreZkRegister-1-thread-1-processing-localhost:8983_solr ._designer_climate_change_core_shard1_replica_n1 ._designer_climate_change_core shard1 core_node2) [c:._designer_climate_change_core s:shard1 r:core_node2 x:._designer_climate_change_core_shard1_replica_n1] o.a.s.c.ZkController I am the leader, no recovery necessary
2026-04-11 18:10:34.958 INFO  (coreZkRegister-1-thread-2-processing-localhost:8983_solr ._designer_test_shard1_replica_n1 ._designer_test shard1 core_node2) [c:._designer_test s:shard1 r:core_node2 x:._designer_test_shard1_replica_n1] o.a.s.c.ZkController I am the leader, no recovery necessary
2026-04-11 18:10:34.992 INFO  (zkCallback-12-thread-1) [] o.a.s.c.c.ZkStateReader A cluster state change: [WatchedEvent state:SyncConnected type:NodeDataChanged path:/collections/._designer_test/state.json zxid: -1] for collection [._designer_test] has occurred - updating... (live nodes size: [1])
2026-04-11 18:10:35.114 INFO  (zkCallback-12-thread-1) [] o.a.s.c.c.ZkStateReader A cluster state change: [WatchedEvent state:SyncConnected type:NodeDataChanged path:/collections/._designer_climate_change_core/state.json zxid: -1] for collection [._designer_climate_change_core] has occurred - updating... (live nodes size: [1])
2026-04-11 18:10:35.478 INFO  (coreLoadExecutor-21-thread-3-processing-localhost:8983_solr) [c:climate_change_core s:shard1 r:core_node2 x:climate_change_core_shard1_replica_n1] o.a.s.r.ManagedResourceStorage Configured ZooKeeperStorageIO with znodeBase: /configs/climate_change_core
2026-04-11 18:10:35.479 INFO  (coreLoadExecutor-21-thread-3-processing-localhost:8983_solr) [c:climate_change_core s:shard1 r:core_node2 x:climate_change_core_shard1_replica_n1] o.a.s.r.ManagedResourceStorage Loaded null at path _rest_managed.json using ZooKeeperStorageIO:path=/configs/climate_change_core
2026-04-11 18:10:35.480 INFO  (coreLoadExecutor-21-thread-3-processing-localhost:8983_solr) [c:climate_change_core s:shard1 r:core_node2 x:climate_change_core_shard1_replica_n1] o.a.s.r.ManagedResourceStorage Loaded null at path _schema_analysis_synonyms_english.json using ZooKeeperStorageIO:path=/configs/climate_change_core
2026-04-11 18:10:35.480 INFO  (coreLoadExecutor-21-thread-3-processing-localhost:8983_solr) [c:climate_change_core s:shard1 r:core_node2 x:climate_change_core_shard1_replica_n1] o.a.s.r.s.a.ManagedSynonymGraphFilterFactory Loaded 0 synonym mappings for /schema/analysis/synonyms/english
2026-04-11 18:10:35.480 INFO  (coreLoadExecutor-21-thread-3-processing-localhost:8983_solr) [c:climate_change_core s:shard1 r:core_node2 x:climate_change_core_shard1_replica_n1] o.a.s.r.ManagedResource Notified 1 observers of /schema/analysis/synonyms/english
2026-04-11 18:10:35.481 INFO  (coreLoadExecutor-21-thread-3-processing-localhost:8983_solr) [c:climate_change_core s:shard1 r:core_node2 x:climate_change_core_shard1_replica_n1] o.a.s.s.ZkIndexSchemaReader Creating ZooKeeper watch for the managed schema at /configs/climate_change_core/managed-schema.xml
2026-04-11 18:10:35.482 INFO  (coreLoadExecutor-21-thread-3-processing-localhost:8983_solr) [c:climate_change_core s:shard1 r:core_node2 x:climate_change_core_shard1_replica_n1] o.a.s.s.ZkIndexSchemaReader Current schema version 58 is already the latest
2026-04-11 18:10:35.483 INFO  (coreLoadExecutor-21-thread-3-processing-localhost:8983_solr) [c:climate_change_core s:shard1 r:core_node2 x:climate_change_core_shard1_replica_n1] o.a.s.s.DirectSolrSpellChecker init: {maxEdits=2, minPrefix=1, maxInspections=5, minQueryLength=2, accuracy=0.7, maxQueryFrequency=0.05, name=default, field=text, classname=solr.DirectSolrSpellChecker, distanceMeasure=internal}
2026-04-11 18:10:35.484 INFO  (coreLoadExecutor-21-thread-3-processing-localhost:8983_solr) [c:climate_change_core s:shard1 r:core_node2 x:climate_change_core_shard1_replica_n1] o.a.s.h.ReplicationHandler Commits will be reserved for 10000 ms
2026-04-11 18:10:35.487 INFO  (searcherExecutor-23-thread-1-processing-localhost:8983_solr climate_change_core_shard1_replica_n1 climate_change_core shard1 core_node2) [c:climate_change_core s:shard1 r:core_node2 x:climate_change_core_shard1_replica_n1] o.a.s.c.QuerySenderListener QuerySenderListener done.
2026-04-11 18:10:35.487 INFO  (searcherExecutor-23-thread-1-processing-localhost:8983_solr climate_change_core_shard1_replica_n1 climate_change_core shard1 core_node2) [c:climate_change_core s:shard1 r:core_node2 x:climate_change_core_shard1_replica_n1] o.a.s.h.c.SpellCheckComponent Loading spell index for spellchecker: default
2026-04-11 18:10:35.488 INFO  (searcherExecutor-23-thread-1-processing-localhost:8983_solr climate_change_core_shard1_replica_n1 climate_change_core shard1 core_node2) [c:climate_change_core s:shard1 r:core_node2 x:climate_change_core_shard1_replica_n1] o.a.s.c.SolrCore Registered new searcher autowarm time: 0 ms
2026-04-11 18:10:35.491 INFO  (coreZkRegister-1-thread-1-processing-localhost:8983_solr climate_change_core_shard1_replica_n1 climate_change_core shard1 core_node2) [c:climate_change_core s:shard1 r:core_node2 x:climate_change_core_shard1_replica_n1] o.a.s.c.ShardLeaderElectionContextBase make sure parent is created /collections/climate_change_core/leaders/shard1
2026-04-11 18:10:35.498 INFO  (coreZkRegister-1-thread-1-processing-localhost:8983_solr climate_change_core_shard1_replica_n1 climate_change_core shard1 core_node2) [c:climate_change_core s:shard1 r:core_node2 x:climate_change_core_shard1_replica_n1] o.a.s.c.ShardLeaderElectionContext Enough replicas found to continue.
2026-04-11 18:10:35.498 INFO  (coreZkRegister-1-thread-1-processing-localhost:8983_solr climate_change_core_shard1_replica_n1 climate_change_core shard1 core_node2) [c:climate_change_core s:shard1 r:core_node2 x:climate_change_core_shard1_replica_n1] o.a.s.c.ShardLeaderElectionContext I may be the new leader - try and sync
2026-04-11 18:10:35.498 INFO  (coreZkRegister-1-thread-1-processing-localhost:8983_solr climate_change_core_shard1_replica_n1 climate_change_core shard1 core_node2) [c:climate_change_core s:shard1 r:core_node2 x:climate_change_core_shard1_replica_n1] o.a.s.c.SyncStrategy Sync replicas to http://localhost:8983/solr/climate_change_core_shard1_replica_n1/
2026-04-11 18:10:35.499 INFO  (coreZkRegister-1-thread-1-processing-localhost:8983_solr climate_change_core_shard1_replica_n1 climate_change_core shard1 core_node2) [c:climate_change_core s:shard1 r:core_node2 x:climate_change_core_shard1_replica_n1] o.a.s.c.SyncStrategy Sync Success - now sync replicas to me
2026-04-11 18:10:35.499 INFO  (coreZkRegister-1-thread-1-processing-localhost:8983_solr climate_change_core_shard1_replica_n1 climate_change_core shard1 core_node2) [c:climate_change_core s:shard1 r:core_node2 x:climate_change_core_shard1_replica_n1] o.a.s.c.SyncStrategy http://localhost:8983/solr/climate_change_core_shard1_replica_n1/ has no replicas
2026-04-11 18:10:35.499 INFO  (coreZkRegister-1-thread-1-processing-localhost:8983_solr climate_change_core_shard1_replica_n1 climate_change_core shard1 core_node2) [c:climate_change_core s:shard1 r:core_node2 x:climate_change_core_shard1_replica_n1] o.a.s.c.ShardLeaderElectionContextBase Creating leader registration node /collections/climate_change_core/leaders/shard1/leader after winning as /collections/climate_change_core/leader_elect/shard1/election/72071126783950848-core_node2-n_0000000027
2026-04-11 18:10:35.505 INFO  (coreZkRegister-1-thread-1-processing-localhost:8983_solr climate_change_core_shard1_replica_n1 climate_change_core shard1 core_node2) [c:climate_change_core s:shard1 r:core_node2 x:climate_change_core_shard1_replica_n1] o.a.s.c.ShardLeaderElectionContext I am the new leader: http://localhost:8983/solr/climate_change_core_shard1_replica_n1/ shard1
2026-04-11 18:10:35.507 INFO  (coreZkRegister-1-thread-1-processing-localhost:8983_solr climate_change_core_shard1_replica_n1 climate_change_core shard1 core_node2) [c:climate_change_core s:shard1 r:core_node2 x:climate_change_core_shard1_replica_n1] o.a.s.c.ZkController I am the leader, no recovery necessary
2026-04-11 18:10:35.623 INFO  (zkCallback-12-thread-1) [] o.a.s.c.c.ZkStateReader A cluster state change: [WatchedEvent state:SyncConnected type:NodeDataChanged path:/collections/climate_change_core/state.json zxid: -1] for collection [climate_change_core] has occurred - updating... (live nodes size: [1])
2026-04-11 18:10:39.222 INFO  (qtp1542520418-35-null-5) [c:climate_change_core s:shard1 r:core_node2 x:climate_change_core_shard1_replica_n1 t:null-5] o.a.s.c.S.Request path=/select params={q=ghg&defType=edismax&spellcheck.q=ghg&qf=text^3+subreddit^1&spellcheck=true&start=0&rows=10&wt=json&spellcheck.collate=true} rid=null-5 hits=370 status=0 QTime=182
2026-04-11 18:10:47.272 INFO  (qtp1542520418-32-null-6) [c:climate_change_core s:shard1 r:core_node2 x:climate_change_core_shard1_replica_n1 t:null-6] o.a.s.c.S.Request path=/select params={q=ghg&defType=edismax&spellcheck.q=ghg&qf=text^3+subreddit^1&spellcheck=true&start=10&rows=10&wt=json&spellcheck.collate=true} rid=null-6 hits=370 status=0 QTime=6
2026-04-11 18:10:59.862 INFO  (qtp1542520418-38-null-7) [c:climate_change_core s:shard1 r:core_node2 x:climate_change_core_shard1_replica_n1 t:null-7] o.a.s.c.S.Request path=/select params={q=ghg&defType=edismax&spellcheck.q=ghg&qf=text^3+subreddit^1&spellcheck=true&start=20&rows=10&wt=json&spellcheck.collate=true} rid=null-7 hits=370 status=0 QTime=15
2026-04-11 18:11:05.406 INFO  (qtp1542520418-40-null-8) [c:climate_change_core s:shard1 r:core_node2 x:climate_change_core_shard1_replica_n1 t:null-8] o.a.s.c.S.Request path=/select params={q=ghg&defType=edismax&spellcheck.q=ghg&qf=text^3+subreddit^1&spellcheck=true&start=30&rows=10&wt=json&spellcheck.collate=true} rid=null-8 hits=370 status=0 QTime=6
2026-04-11 18:11:09.441 INFO  (qtp1542520418-39-null-9) [c:climate_change_core s:shard1 r:core_node2 x:climate_change_core_shard1_replica_n1 t:null-9] o.a.s.c.S.Request path=/select params={q=ghg&defType=edismax&spellcheck.q=ghg&qf=text^3+subreddit^1&spellcheck=true&start=40&rows=10&wt=json&spellcheck.collate=true} rid=null-9 hits=370 status=0 QTime=11
2026-04-11 18:11:19.748 INFO  (qtp1542520418-33-null-10) [c:climate_change_core s:shard1 r:core_node2 x:climate_change_core_shard1_replica_n1 t:null-10] o.a.s.c.S.Request path=/select params={q=ghg&defType=edismax&spellcheck.q=ghg&qf=text^3+subreddit^1&spellcheck=true&start=50&rows=10&wt=json&spellcheck.collate=true} rid=null-10 hits=370 status=0 QTime=2
2026-04-11 18:11:23.882 INFO  (qtp1542520418-38-null-11) [c:climate_change_core s:shard1 r:core_node2 x:climate_change_core_shard1_replica_n1 t:null-11] o.a.s.c.S.Request path=/select params={q=ghg&defType=edismax&spellcheck.q=ghg&qf=text^3+subreddit^1&spellcheck=true&start=60&rows=10&wt=json&spellcheck.collate=true} rid=null-11 hits=370 status=0 QTime=5
2026-04-11 18:11:43.877 INFO  (qtp1542520418-40-null-12) [c:climate_change_core s:shard1 r:core_node2 x:climate_change_core_shard1_replica_n1 t:null-12] o.a.s.c.S.Request path=/select params={q=ghg&defType=edismax&spellcheck.q=ghg&qf=text^3+subreddit^1&spellcheck=true&start=70&rows=10&wt=json&spellcheck.collate=true} rid=null-12 hits=370 status=0 QTime=4
2026-04-11 18:11:55.602 INFO  (qtp1542520418-39-null-13) [c:climate_change_core s:shard1 r:core_node2 x:climate_change_core_shard1_replica_n1 t:null-13] o.a.s.c.S.Request path=/select params={q=ghg&defType=edismax&spellcheck.q=ghg&qf=text^3+subreddit^1&spellcheck=true&start=80&rows=10&wt=json&spellcheck.collate=true} rid=null-13 hits=370 status=0 QTime=5
2026-04-11 18:12:07.813 INFO  (qtp1542520418-33-null-14) [c:climate_change_core s:shard1 r:core_node2 x:climate_change_core_shard1_replica_n1 t:null-14] o.a.s.c.S.Request path=/select params={q=ghg&defType=edismax&spellcheck.q=ghg&qf=text^3+subreddit^1&spellcheck=true&start=90&rows=10&wt=json&spellcheck.collate=true} rid=null-14 hits=370 status=0 QTime=3
2026-04-11 18:12:33.263 INFO  (qtp1542520418-38-null-15) [c:climate_change_core s:shard1 r:core_node2 x:climate_change_core_shard1_replica_n1 t:null-15] o.a.s.c.S.Request path=/select params={q=ghg&defType=edismax&spellcheck.q=ghg&qf=text^3+subreddit^1&spellcheck=true&start=100&rows=10&wt=json&spellcheck.collate=true} rid=null-15 hits=370 status=0 QTime=6
2026-04-11 18:12:39.295 INFO  (qtp1542520418-40-null-16) [c:climate_change_core s:shard1 r:core_node2 x:climate_change_core_shard1_replica_n1 t:null-16] o.a.s.c.S.Request path=/select params={q=ghg&defType=edismax&spellcheck.q=ghg&qf=text^3+subreddit^1&spellcheck=true&start=110&rows=10&wt=json&spellcheck.collate=true} rid=null-16 hits=370 status=0 QTime=2
2026-04-11 18:12:46.528 INFO  (qtp1542520418-39-null-17) [c:climate_change_core s:shard1 r:core_node2 x:climate_change_core_shard1_replica_n1 t:null-17] o.a.s.c.S.Request path=/select params={q=ghg&defType=edismax&spellcheck.q=ghg&qf=text^3+subreddit^1&spellcheck=true&start=120&rows=10&wt=json&spellcheck.collate=true} rid=null-17 hits=370 status=0 QTime=5
2026-04-11 18:12:50.469 INFO  (qtp1542520418-33-null-18) [c:climate_change_core s:shard1 r:core_node2 x:climate_change_core_shard1_replica_n1 t:null-18] o.a.s.c.S.Request path=/select params={q=ghg&defType=edismax&spellcheck.q=ghg&qf=text^3+subreddit^1&spellcheck=true&start=130&rows=10&wt=json&spellcheck.collate=true} rid=null-18 hits=370 status=0 QTime=4
2026-04-11 18:13:04.023 INFO  (qtp1542520418-38-null-19) [c:climate_change_core s:shard1 r:core_node2 x:climate_change_core_shard1_replica_n1 t:null-19] o.a.s.c.S.Request path=/select params={q=ghg&defType=edismax&spellcheck.q=ghg&qf=text^3+subreddit^1&spellcheck=true&start=140&rows=10&wt=json&spellcheck.collate=true} rid=null-19 hits=370 status=0 QTime=8
2026-04-11 18:13:11.646 INFO  (qtp1542520418-40-null-20) [c:climate_change_core s:shard1 r:core_node2 x:climate_change_core_shard1_replica_n1 t:null-20] o.a.s.c.S.Request path=/select params={q=ghg&defType=edismax&spellcheck.q=ghg&qf=text^3+subreddit^1&spellcheck=true&start=150&rows=10&wt=json&spellcheck.collate=true} rid=null-20 hits=370 status=0 QTime=4
2026-04-11 18:13:20.843 INFO  (qtp1542520418-39-null-21) [c:climate_change_core s:shard1 r:core_node2 x:climate_change_core_shard1_replica_n1 t:null-21] o.a.s.c.S.Request path=/select params={q=ghg&defType=edismax&spellcheck.q=ghg&qf=text^3+subreddit^1&spellcheck=true&start=160&rows=10&wt=json&spellcheck.collate=true} rid=null-21 hits=370 status=0 QTime=9
2026-04-11 18:13:24.487 INFO  (qtp1542520418-33-null-22) [c:climate_change_core s:shard1 r:core_node2 x:climate_change_core_shard1_replica_n1 t:null-22] o.a.s.c.S.Request path=/select params={q=ghg&defType=edismax&spellcheck.q=ghg&qf=text^3+subreddit^1&spellcheck=true&start=170&rows=10&wt=json&spellcheck.collate=true} rid=null-22 hits=370 status=0 QTime=4
2026-04-11 18:13:33.637 INFO  (qtp1542520418-38-null-23) [c:climate_change_core s:shard1 r:core_node2 x:climate_change_core_shard1_replica_n1 t:null-23] o.a.s.c.S.Request path=/select params={q=ghg&defType=edismax&spellcheck.q=ghg&qf=text^3+subreddit^1&spellcheck=true&start=180&rows=10&wt=json&spellcheck.collate=true} rid=null-23 hits=370 status=0 QTime=5
2026-04-11 18:13:41.743 INFO  (qtp1542520418-40-null-24) [c:climate_change_core s:shard1 r:core_node2 x:climate_change_core_shard1_replica_n1 t:null-24] o.a.s.c.S.Request path=/select params={q=ozone+depletion&defType=edismax&spellcheck.q=ozone+depletion&qf=text^3+subreddit^1&spellcheck=true&start=0&rows=10&wt=json&spellcheck.collate=true} rid=null-24 hits=776 status=0 QTime=51
2026-04-11 18:13:49.832 INFO  (qtp1542520418-39-null-25) [c:climate_change_core s:shard1 r:core_node2 x:climate_change_core_shard1_replica_n1 t:null-25] o.a.s.c.S.Request path=/select params={q=ozone+depletion&defType=edismax&spellcheck.q=ozone+depletion&qf=text^3+subreddit^1&spellcheck=true&start=10&rows=10&wt=json&spellcheck.collate=true} rid=null-25 hits=776 status=0 QTime=3
2026-04-11 18:13:59.870 INFO  (qtp1542520418-33-null-26) [c:climate_change_core s:shard1 r:core_node2 x:climate_change_core_shard1_replica_n1 t:null-26] o.a.s.c.S.Request path=/select params={q=droughts&defType=edismax&spellcheck.q=droughts&qf=text^3+subreddit^1&spellcheck=true&start=0&rows=10&wt=json&spellcheck.collate=true} rid=null-26 hits=2146 status=0 QTime=15
2026-04-11 18:14:16.849 INFO  (qtp1542520418-38-null-27) [c:climate_change_core s:shard1 r:core_node2 x:climate_change_core_shard1_replica_n1 t:null-27] o.a.s.c.S.Request path=/select params={q=heatwave&defType=edismax&spellcheck.q=heatwave&qf=text^3+subreddit^1&spellcheck=true&start=0&rows=10&wt=json&spellcheck.collate=true} rid=null-27 hits=528 status=0 QTime=8
2026-04-11 18:14:24.404 INFO  (qtp1542520418-40-null-28) [c:climate_change_core s:shard1 r:core_node2 x:climate_change_core_shard1_replica_n1 t:null-28] o.a.s.c.S.Request path=/select params={q=heatwave&defType=edismax&spellcheck.q=heatwave&qf=text^3+subreddit^1&spellcheck=true&start=10&rows=10&wt=json&spellcheck.collate=true} rid=null-28 hits=528 status=0 QTime=4
2026-04-11 18:14:27.848 INFO  (qtp1542520418-39-null-29) [c:climate_change_core s:shard1 r:core_node2 x:climate_change_core_shard1_replica_n1 t:null-29] o.a.s.c.S.Request path=/select params={q=heatwave&defType=edismax&spellcheck.q=heatwave&qf=text^3+subreddit^1&spellcheck=true&start=20&rows=10&wt=json&spellcheck.collate=true} rid=null-29 hits=528 status=0 QTime=4
2026-04-11 18:14:31.953 INFO  (qtp1542520418-33-null-30) [c:climate_change_core s:shard1 r:core_node2 x:climate_change_core_shard1_replica_n1 t:null-30] o.a.s.c.S.Request path=/select params={q=heatwave&defType=edismax&spellcheck.q=heatwave&qf=text^3+subreddit^1&spellcheck=true&start=30&rows=10&wt=json&spellcheck.collate=true} rid=null-30 hits=528 status=0 QTime=2
2026-04-11 18:14:35.198 INFO  (qtp1542520418-38-null-31) [c:climate_change_core s:shard1 r:core_node2 x:climate_change_core_shard1_replica_n1 t:null-31] o.a.s.c.S.Request path=/select params={q=heatwave&defType=edismax&spellcheck.q=heatwave&qf=text^3+subreddit^1&spellcheck=true&start=40&rows=10&wt=json&spellcheck.collate=true} rid=null-31 hits=528 status=0 QTime=7
2026-04-11 18:14:44.107 INFO  (qtp1542520418-40-null-32) [c:climate_change_core s:shard1 r:core_node2 x:climate_change_core_shard1_replica_n1 t:null-32] o.a.s.c.S.Request path=/select params={q=heatwave&defType=edismax&spellcheck.q=heatwave&qf=text^3+subreddit^1&spellcheck=true&start=50&rows=10&wt=json&spellcheck.collate=true} rid=null-32 hits=528 status=0 QTime=2
2026-04-11 18:14:49.670 INFO  (qtp1542520418-39-null-33) [c:climate_change_core s:shard1 r:core_node2 x:climate_change_core_shard1_replica_n1 t:null-33] o.a.s.c.S.Request path=/select params={q=heatwave&defType=edismax&spellcheck.q=heatwave&qf=text^3+subreddit^1&spellcheck=true&start=60&rows=10&wt=json&spellcheck.collate=true} rid=null-33 hits=528 status=0 QTime=7
2026-04-11 18:14:57.431 INFO  (qtp1542520418-33-null-34) [c:climate_change_core s:shard1 r:core_node2 x:climate_change_core_shard1_replica_n1 t:null-34] o.a.s.c.S.Request path=/select params={q=heatwave&defType=edismax&spellcheck.q=heatwave&qf=text^3+subreddit^1&spellcheck=true&start=70&rows=10&wt=json&spellcheck.collate=true} rid=null-34 hits=528 status=0 QTime=2
2026-04-11 18:15:01.195 INFO  (qtp1542520418-38-null-35) [c:climate_change_core s:shard1 r:core_node2 x:climate_change_core_shard1_replica_n1 t:null-35] o.a.s.c.S.Request path=/select params={q=heatwave&defType=edismax&spellcheck.q=heatwave&qf=text^3+subreddit^1&spellcheck=true&start=60&rows=10&wt=json&spellcheck.collate=true} rid=null-35 hits=528 status=0 QTime=4
2026-04-11 18:15:10.024 INFO  (qtp1542520418-40-null-36) [c:climate_change_core s:shard1 r:core_node2 x:climate_change_core_shard1_replica_n1 t:null-36] o.a.s.c.S.Request path=/select params={q=heatwave&defType=edismax&spellcheck.q=heatwave&qf=text^3+subreddit^1&spellcheck=true&start=70&rows=10&wt=json&spellcheck.collate=true} rid=null-36 hits=528 status=0 QTime=3
2026-04-11 18:15:19.521 INFO  (qtp1542520418-39-null-37) [c:climate_change_core s:shard1 r:core_node2 x:climate_change_core_shard1_replica_n1 t:null-37] o.a.s.c.S.Request path=/select params={q=heatwave&defType=edismax&spellcheck.q=heatwave&qf=text^3+subreddit^1&spellcheck=true&start=80&rows=10&wt=json&spellcheck.collate=true} rid=null-37 hits=528 status=0 QTime=5
2026-04-11 18:15:26.144 INFO  (qtp1542520418-33-null-38) [c:climate_change_core s:shard1 r:core_node2 x:climate_change_core_shard1_replica_n1 t:null-38] o.a.s.c.S.Request path=/select params={q=heatwave&defType=edismax&spellcheck.q=heatwave&qf=text^3+subreddit^1&spellcheck=true&start=90&rows=10&wt=json&spellcheck.collate=true} rid=null-38 hits=528 status=0 QTime=4
2026-04-11 18:15:32.312 INFO  (qtp1542520418-38-null-39) [c:climate_change_core s:shard1 r:core_node2 x:climate_change_core_shard1_replica_n1 t:null-39] o.a.s.c.S.Request path=/select params={q=heatwave&defType=edismax&spellcheck.q=heatwave&qf=text^3+subreddit^1&spellcheck=true&start=100&rows=10&wt=json&spellcheck.collate=true} rid=null-39 hits=528 status=0 QTime=8
2026-04-11 18:15:38.199 INFO  (qtp1542520418-40-null-40) [c:climate_change_core s:shard1 r:core_node2 x:climate_change_core_shard1_replica_n1 t:null-40] o.a.s.c.S.Request path=/select params={q=heatwave&defType=edismax&spellcheck.q=heatwave&qf=text^3+subreddit^1&spellcheck=true&start=110&rows=10&wt=json&spellcheck.collate=true} rid=null-40 hits=528 status=0 QTime=2
2026-04-11 18:15:43.626 INFO  (qtp1542520418-39-null-41) [c:climate_change_core s:shard1 r:core_node2 x:climate_change_core_shard1_replica_n1 t:null-41] o.a.s.c.S.Request path=/select params={q=heatwave&defType=edismax&spellcheck.q=heatwave&qf=text^3+subreddit^1&spellcheck=true&start=120&rows=10&wt=json&spellcheck.collate=true} rid=null-41 hits=528 status=0 QTime=6
2026-04-11 18:15:59.228 INFO  (qtp1542520418-33-null-42) [c:climate_change_core s:shard1 r:core_node2 x:climate_change_core_shard1_replica_n1 t:null-42] o.a.s.c.S.Request path=/select params={q=heatwave&defType=edismax&spellcheck.q=heatwave&qf=text^3+subreddit^1&spellcheck=true&start=130&rows=10&wt=json&spellcheck.collate=true} rid=null-42 hits=528 status=0 QTime=3
2026-04-11 18:16:17.154 INFO  (qtp1542520418-38-null-43) [c:climate_change_core s:shard1 r:core_node2 x:climate_change_core_shard1_replica_n1 t:null-43] o.a.s.c.S.Request path=/select params={q=heatwave&defType=edismax&spellcheck.q=heatwave&qf=text^3+subreddit^1&spellcheck=true&start=140&rows=10&wt=json&spellcheck.collate=true} rid=null-43 hits=528 status=0 QTime=3
2026-04-11 18:16:28.617 INFO  (qtp1542520418-40-null-44) [c:climate_change_core s:shard1 r:core_node2 x:climate_change_core_shard1_replica_n1 t:null-44] o.a.s.c.S.Request path=/select params={q=heatwave&defType=edismax&spellcheck.q=heatwave&qf=text^3+subreddit^1&spellcheck=true&start=130&rows=10&wt=json&spellcheck.collate=true} rid=null-44 hits=528 status=0 QTime=4
2026-04-11 18:16:39.122 INFO  (qtp1542520418-39-null-45) [c:climate_change_core s:shard1 r:core_node2 x:climate_change_core_shard1_replica_n1 t:null-45] o.a.s.c.S.Request path=/select params={q=heatwave&defType=edismax&spellcheck.q=heatwave&qf=text^3+subreddit^1&spellcheck=true&start=140&rows=10&wt=json&spellcheck.collate=true} rid=null-45 hits=528 status=0 QTime=3
2026-04-11 18:16:42.280 INFO  (qtp1542520418-33-null-46) [c:climate_change_core s:shard1 r:core_node2 x:climate_change_core_shard1_replica_n1 t:null-46] o.a.s.c.S.Request path=/select params={q=heatwave&defType=edismax&spellcheck.q=heatwave&qf=text^3+subreddit^1&spellcheck=true&start=150&rows=10&wt=json&spellcheck.collate=true} rid=null-46 hits=528 status=0 QTime=1
2026-04-11 18:16:51.020 INFO  (qtp1542520418-38-null-47) [c:climate_change_core s:shard1 r:core_node2 x:climate_change_core_shard1_replica_n1 t:null-47] o.a.s.c.S.Request path=/select params={q=heatwave&defType=edismax&spellcheck.q=heatwave&qf=text^3+subreddit^1&spellcheck=true&start=160&rows=10&wt=json&spellcheck.collate=true} rid=null-47 hits=528 status=0 QTime=6
2026-04-11 18:17:12.934 INFO  (qtp1542520418-40-null-48) [c:climate_change_core s:shard1 r:core_node2 x:climate_change_core_shard1_replica_n1 t:null-48] o.a.s.c.S.Request path=/select params={q=heatwave&defType=edismax&spellcheck.q=heatwave&qf=text^3+subreddit^1&spellcheck=true&start=170&rows=10&wt=json&spellcheck.collate=true} rid=null-48 hits=528 status=0 QTime=1
2026-04-11 18:17:25.118 INFO  (qtp1542520418-39-null-49) [c:climate_change_core s:shard1 r:core_node2 x:climate_change_core_shard1_replica_n1 t:null-49] o.a.s.c.S.Request path=/select params={q=heatwave&defType=edismax&spellcheck.q=heatwave&qf=text^3+subreddit^1&spellcheck=true&start=180&rows=10&wt=json&spellcheck.collate=true} rid=null-49 hits=528 status=0 QTime=4
2026-04-11 18:17:36.940 INFO  (qtp1542520418-33-null-50) [c:climate_change_core s:shard1 r:core_node2 x:climate_change_core_shard1_replica_n1 t:null-50] o.a.s.c.S.Request path=/select params={q=heatwave&defType=edismax&spellcheck.q=heatwave&qf=text^3+subreddit^1&spellcheck=true&start=190&rows=10&wt=json&spellcheck.collate=true} rid=null-50 hits=528 status=0 QTime=3
2026-04-11 18:17:40.926 INFO  (qtp1542520418-38-null-51) [c:climate_change_core s:shard1 r:core_node2 x:climate_change_core_shard1_replica_n1 t:null-51] o.a.s.c.S.Request path=/select params={q=heatwave&defType=edismax&spellcheck.q=heatwave&qf=text^3+subreddit^1&spellcheck=true&start=200&rows=10&wt=json&spellcheck.collate=true} rid=null-51 hits=528 status=0 QTime=5
2026-04-11 18:17:45.551 INFO  (qtp1542520418-40-null-52) [c:climate_change_core s:shard1 r:core_node2 x:climate_change_core_shard1_replica_n1 t:null-52] o.a.s.c.S.Request path=/select params={q=heatwave&defType=edismax&spellcheck.q=heatwave&qf=text^3+subreddit^1&spellcheck=true&start=210&rows=10&wt=json&spellcheck.collate=true} rid=null-52 hits=528 status=0 QTime=3
2026-04-11 18:17:56.602 INFO  (qtp1542520418-39-null-53) [c:climate_change_core s:shard1 r:core_node2 x:climate_change_core_shard1_replica_n1 t:null-53] o.a.s.c.S.Request path=/select params={q=heatwave&defType=edismax&spellcheck.q=heatwave&qf=text^3+subreddit^1&spellcheck=true&start=220&rows=10&wt=json&spellcheck.collate=true} rid=null-53 hits=528 status=0 QTime=3
2026-04-11 18:18:02.060 INFO  (qtp1542520418-33-null-54) [c:climate_change_core s:shard1 r:core_node2 x:climate_change_core_shard1_replica_n1 t:null-54] o.a.s.c.S.Request path=/select params={q=heatwave&defType=edismax&spellcheck.q=heatwave&qf=text^3+subreddit^1&spellcheck=true&start=0&sort=timestamp+desc&rows=10&wt=json&spellcheck.collate=true} rid=null-54 hits=528 status=0 QTime=102
2026-04-11 18:18:24.708 INFO  (qtp1542520418-38-null-55) [c:climate_change_core s:shard1 r:core_node2 x:climate_change_core_shard1_replica_n1 t:null-55] o.a.s.c.S.Request path=/select params={q=heatwave&defType=edismax&spellcheck.q=heatwave&qf=text^3+subreddit^1&spellcheck=true&start=10&sort=timestamp+desc&rows=10&wt=json&spellcheck.collate=true} rid=null-55 hits=528 status=0 QTime=4
2026-04-11 18:18:43.277 INFO  (qtp1542520418-40-null-56) [c:climate_change_core s:shard1 r:core_node2 x:climate_change_core_shard1_replica_n1 t:null-56] o.a.s.c.S.Request path=/select params={q=heatwave&defType=edismax&spellcheck.q=heatwave&qf=text^3+subreddit^1&spellcheck=true&start=20&sort=timestamp+desc&rows=10&wt=json&spellcheck.collate=true} rid=null-56 hits=528 status=0 QTime=4
2026-04-11 18:18:57.674 INFO  (qtp1542520418-39-null-57) [c:climate_change_core s:shard1 r:core_node2 x:climate_change_core_shard1_replica_n1 t:null-57] o.a.s.c.S.Request path=/select params={q=heatwave&defType=edismax&spellcheck.q=heatwave&qf=text^3+subreddit^1&spellcheck=true&start=30&sort=timestamp+desc&rows=10&wt=json&spellcheck.collate=true} rid=null-57 hits=528 status=0 QTime=3
2026-04-11 18:19:09.069 INFO  (qtp1542520418-33-null-58) [c:climate_change_core s:shard1 r:core_node2 x:climate_change_core_shard1_replica_n1 t:null-58] o.a.s.c.S.Request path=/select params={q=heatwave&defType=edismax&spellcheck.q=heatwave&qf=text^3+subreddit^1&spellcheck=true&start=40&sort=timestamp+desc&rows=10&wt=json&spellcheck.collate=true} rid=null-58 hits=528 status=0 QTime=4
2026-04-11 18:19:28.003 INFO  (qtp1542520418-38-null-59) [c:climate_change_core s:shard1 r:core_node2 x:climate_change_core_shard1_replica_n1 t:null-59] o.a.s.c.S.Request path=/select params={q=afforestation&defType=edismax&spellcheck.q=afforestation&qf=text^3+subreddit^1&spellcheck=true&start=0&sort=timestamp+desc&rows=10&wt=json&spellcheck.collate=true} rid=null-59 hits=12 status=0 QTime=5
2026-04-11 18:19:44.541 INFO  (qtp1542520418-40-null-60) [c:climate_change_core s:shard1 r:core_node2 x:climate_change_core_shard1_replica_n1 t:null-60] o.a.s.c.S.Request path=/select params={q=afforestation&defType=edismax&spellcheck.q=afforestation&qf=text^3+subreddit^1&spellcheck=true&start=10&sort=timestamp+desc&rows=10&wt=json&spellcheck.collate=true} rid=null-60 hits=12 status=0 QTime=2
2026-04-11 18:20:07.657 INFO  (qtp1542520418-39-null-61) [c:climate_change_core s:shard1 r:core_node2 x:climate_change_core_shard1_replica_n1 t:null-61] o.a.s.c.S.Request path=/select params={q=nautral+gas&defType=edismax&spellcheck.q=nautral+gas&qf=text^3+subreddit^1&spellcheck=true&start=0&sort=timestamp+desc&rows=10&wt=json&spellcheck.collate=true} rid=null-61 hits=4924 status=0 QTime=77
2026-04-11 18:20:15.537 INFO  (qtp1542520418-33-null-62) [c:climate_change_core s:shard1 r:core_node2 x:climate_change_core_shard1_replica_n1 t:null-62] o.a.s.c.S.Request path=/select params={q=nautral+gas&defType=edismax&spellcheck.q=nautral+gas&qf=text^3+subreddit^1&spellcheck=true&start=0&sort=timestamp+desc&rows=10&wt=json&spellcheck.collate=true} rid=null-62 hits=4924 status=0 QTime=13
2026-04-11 18:20:23.562 INFO  (qtp1542520418-38-null-63) [c:climate_change_core s:shard1 r:core_node2 x:climate_change_core_shard1_replica_n1 t:null-63] o.a.s.c.S.Request path=/select params={q=natural+gas&defType=edismax&spellcheck.q=natural+gas&qf=text^3+subreddit^1&spellcheck=true&start=0&sort=timestamp+desc&rows=10&wt=json&spellcheck.collate=true} rid=null-63 hits=9553 status=0 QTime=27
2026-04-11 18:20:32.880 INFO  (qtp1542520418-40-null-64) [c:climate_change_core s:shard1 r:core_node2 x:climate_change_core_shard1_replica_n1 t:null-64] o.a.s.c.S.Request path=/select params={q=renewable+energy&defType=edismax&spellcheck.q=renewable+energy&qf=text^3+subreddit^1&spellcheck=true&start=0&sort=timestamp+desc&rows=10&wt=json&spellcheck.collate=true} rid=null-64 hits=8637 status=0 QTime=20
2026-04-11 18:20:37.395 INFO  (qtp1542520418-39-null-65) [c:climate_change_core s:shard1 r:core_node2 x:climate_change_core_shard1_replica_n1 t:null-65] o.a.s.c.S.Request path=/select params={q=RE&defType=edismax&spellcheck.q=RE&qf=text^3+subreddit^1&spellcheck=true&start=0&sort=timestamp+desc&rows=10&wt=json&spellcheck.collate=true} rid=null-65 hits=1155 status=0 QTime=7
2026-04-11 18:20:50.562 INFO  (qtp1542520418-33-null-66) [c:climate_change_core s:shard1 r:core_node2 x:climate_change_core_shard1_replica_n1 t:null-66] o.a.s.c.S.Request path=/select params={q=RE+is+good&defType=edismax&spellcheck.q=RE+is+good&qf=text^3+subreddit^1&spellcheck=true&start=0&sort=timestamp+desc&rows=10&wt=json&spellcheck.collate=true} rid=null-66 hits=12233 status=0 QTime=26
2026-04-11 18:21:06.488 INFO  (qtp1542520418-38-null-67) [c:climate_change_core s:shard1 r:core_node2 x:climate_change_core_shard1_replica_n1 t:null-67] o.a.s.c.S.Request path=/select params={q=sustainable+development&defType=edismax&spellcheck.q=sustainable+development&qf=text^3+subreddit^1&spellcheck=true&start=0&sort=timestamp+desc&rows=10&wt=json&spellcheck.collate=true} rid=null-67 hits=5953 status=0 QTime=13
2026-04-11 19:14:16.122 INFO  (ShutdownMonitor) [] o.e.j.s.Server Stopped oejs.Server@4264b240{STOPPING}[12.0.27,sto=0]
2026-04-11 19:14:16.170 INFO  (ShutdownMonitor) [] o.e.j.s.AbstractConnector Stopped ServerConnector@6bf28f61{HTTP/1.1, (http/1.1, h2c)}{127.0.0.1:8983}
2026-04-11 19:14:16.247 INFO  (ShutdownMonitor) [] o.a.s.c.CoreContainer Shutting down CoreContainer instance=987015126
2026-04-11 19:14:16.262 INFO  (ShutdownMonitor) [] o.a.s.c.ZkController Remove node as live in ZooKeeper:/live_nodes/localhost:8983_solr
2026-04-11 19:14:16.361 INFO  (zkCallback-12-thread-2) [] o.a.s.c.c.ZkStateReader Updated live nodes from ZooKeeper... (1) -> (0)
2026-04-11 19:14:16.378 INFO  (ShutdownMonitor) [] o.a.s.c.ZkController Publish this node as DOWN...
2026-04-11 19:14:16.378 INFO  (ShutdownMonitor) [] o.a.s.c.ZkController Publish node=localhost:8983_solr as DOWN
2026-04-11 19:14:16.570 WARN  (ShutdownMonitor) [] i.o.s.m.SdkObservableInstrument CallbackRegistration{instrumentDescriptors=[InstrumentDescriptor{name=solr_node_executor_thread_pool_size, description=Thread pool size, unit=, type=OBSERVABLE_GAUGE, valueType=LONG, advice=Advice{explicitBucketBoundaries=null, attributes=null}}]} has called close() multiple times.
2026-04-11 19:14:16.570 WARN  (ShutdownMonitor) [] i.o.s.m.SdkObservableInstrument CallbackRegistration{instrumentDescriptors=[InstrumentDescriptor{name=solr_node_executor_thread_pool_tasks, description=Thread pool task counts, unit=, type=OBSERVABLE_GAUGE, valueType=LONG, advice=Advice{explicitBucketBoundaries=null, attributes=null}}]} has called close() multiple times.
2026-04-11 19:14:16.584 INFO  (coreCloseExecutor-42-thread-1-processing-localhost:8983_solr) [c:._designer_climate_change_core s:shard1 r:core_node2 x:._designer_climate_change_core_shard1_replica_n1] o.a.s.c.SolrCore CLOSING SolrCore org.apache.solr.core.SolrCore@2b474e24 ._designer_climate_change_core_shard1_replica_n1
2026-04-11 19:14:16.585 INFO  (coreCloseExecutor-42-thread-2-processing-localhost:8983_solr) [c:._designer_test s:shard1 r:core_node2 x:._designer_test_shard1_replica_n1] o.a.s.c.SolrCore CLOSING SolrCore org.apache.solr.core.SolrCore@2a7b45e2 ._designer_test_shard1_replica_n1
2026-04-11 19:14:16.597 WARN  (coreCloseExecutor-42-thread-2-processing-localhost:8983_solr) [c:._designer_test s:shard1 r:core_node2 x:._designer_test_shard1_replica_n1] i.o.s.m.SdkObservableInstrument CallbackRegistration{instrumentDescriptors=[InstrumentDescriptor{name=solr_core_replication_is_follower, description=Whether this node is a follower (1) or not (0), unit=, type=OBSERVABLE_GAUGE, valueType=LONG, advice=Advice{explicitBucketBoundaries=null, attributes=null}}, InstrumentDescriptor{name=solr_core_replication_is_enabled, description=Whether replication is enabled (1) or not (0), unit=, type=OBSERVABLE_GAUGE, valueType=LONG, advice=Advice{explicitBucketBoundaries=null, attributes=null}}, InstrumentDescriptor{name=solr_core_replication_download_speed, description=Download speed in bytes per second, unit=, type=OBSERVABLE_GAUGE, valueType=LONG, advice=Advice{explicitBucketBoundaries=null, attributes=null}}, InstrumentDescriptor{name=solr_core_replication_time_elapsed, description=Time elapsed during replication in seconds, unit=s, type=OBSERVABLE_GAUGE, valueType=LONG, advice=Advice{explicitBucketBoundaries=null, attributes=null}}, InstrumentDescriptor{name=solr_core_replication_index_size, description=Size of the index in megabytes, unit=MBy, type=OBSERVABLE_GAUGE, valueType=DOUBLE, advice=Advice{explicitBucketBoundaries=null, attributes=null}}, InstrumentDescriptor{name=solr_core_replication_index_version, description=Current index version, unit=, type=OBSERVABLE_GAUGE, valueType=LONG, advice=Advice{explicitBucketBoundaries=null, attributes=null}}, InstrumentDescriptor{name=solr_core_replication_index_generation, description=Current index generation, unit=, type=OBSERVABLE_GAUGE, valueType=LONG, advice=Advice{explicitBucketBoundaries=null, attributes=null}}, InstrumentDescriptor{name=solr_core_replication_is_leader, description=Whether this node is a leader (1) or not (0), unit=, type=OBSERVABLE_GAUGE, valueType=LONG, advice=Advice{explicitBucketBoundaries=null, attributes=null}}, InstrumentDescriptor{name=solr_core_replication_is_polling_disabled, description=Whether polling is disabled (1) or not (0), unit=, type=OBSERVABLE_GAUGE, valueType=LONG, advice=Advice{explicitBucketBoundaries=null, attributes=null}}, InstrumentDescriptor{name=solr_core_replication_is_replicating, description=Whether replication is in progress (1) or not (0), unit=, type=OBSERVABLE_GAUGE, valueType=LONG, advice=Advice{explicitBucketBoundaries=null, attributes=null}}, InstrumentDescriptor{name=solr_core_replication_downloaded_size, description=Total bytes downloaded during replication, unit=By, type=OBSERVABLE_GAUGE, valueType=LONG, advice=Advice{explicitBucketBoundaries=null, attributes=null}}]} has called close() multiple times.
2026-04-11 19:14:16.599 WARN  (coreCloseExecutor-42-thread-1-processing-localhost:8983_solr) [c:._designer_climate_change_core s:shard1 r:core_node2 x:._designer_climate_change_core_shard1_replica_n1] i.o.s.m.SdkObservableInstrument CallbackRegistration{instrumentDescriptors=[InstrumentDescriptor{name=solr_core_replication_is_leader, description=Whether this node is a leader (1) or not (0), unit=, type=OBSERVABLE_GAUGE, valueType=LONG, advice=Advice{explicitBucketBoundaries=null, attributes=null}}, InstrumentDescriptor{name=solr_core_replication_is_enabled, description=Whether replication is enabled (1) or not (0), unit=, type=OBSERVABLE_GAUGE, valueType=LONG, advice=Advice{explicitBucketBoundaries=null, attributes=null}}, InstrumentDescriptor{name=solr_core_replication_downloaded_size, description=Total bytes downloaded during replication, unit=By, type=OBSERVABLE_GAUGE, valueType=LONG, advice=Advice{explicitBucketBoundaries=null, attributes=null}}, InstrumentDescriptor{name=solr_core_replication_index_version, description=Current index version, unit=, type=OBSERVABLE_GAUGE, valueType=LONG, advice=Advice{explicitBucketBoundaries=null, attributes=null}}, InstrumentDescriptor{name=solr_core_replication_is_follower, description=Whether this node is a follower (1) or not (0), unit=, type=OBSERVABLE_GAUGE, valueType=LONG, advice=Advice{explicitBucketBoundaries=null, attributes=null}}, InstrumentDescriptor{name=solr_core_replication_is_replicating, description=Whether replication is in progress (1) or not (0), unit=, type=OBSERVABLE_GAUGE, valueType=LONG, advice=Advice{explicitBucketBoundaries=null, attributes=null}}, InstrumentDescriptor{name=solr_core_replication_is_polling_disabled, description=Whether polling is disabled (1) or not (0), unit=, type=OBSERVABLE_GAUGE, valueType=LONG, advice=Advice{explicitBucketBoundaries=null, attributes=null}}, InstrumentDescriptor{name=solr_core_replication_time_elapsed, description=Time elapsed during replication in seconds, unit=s, type=OBSERVABLE_GAUGE, valueType=LONG, advice=Advice{explicitBucketBoundaries=null, attributes=null}}, InstrumentDescriptor{name=solr_core_replication_download_speed, description=Download speed in bytes per second, unit=, type=OBSERVABLE_GAUGE, valueType=LONG, advice=Advice{explicitBucketBoundaries=null, attributes=null}}, InstrumentDescriptor{name=solr_core_replication_index_size, description=Size of the index in megabytes, unit=MBy, type=OBSERVABLE_GAUGE, valueType=DOUBLE, advice=Advice{explicitBucketBoundaries=null, attributes=null}}, InstrumentDescriptor{name=solr_core_replication_index_generation, description=Current index generation, unit=, type=OBSERVABLE_GAUGE, valueType=LONG, advice=Advice{explicitBucketBoundaries=null, attributes=null}}]} has called close() multiple times.
2026-04-11 19:14:16.603 WARN  (coreCloseExecutor-42-thread-2-processing-localhost:8983_solr) [c:._designer_test s:shard1 r:core_node2 x:._designer_test_shard1_replica_n1] i.o.s.m.SdkObservableInstrument CallbackRegistration{instrumentDescriptors=[InstrumentDescriptor{name=solr_core_update_auto_commits, description=Current number of auto commits, unit=, type=OBSERVABLE_COUNTER, valueType=LONG, advice=Advice{explicitBucketBoundaries=null, attributes=null}}]} has called close() multiple times.
2026-04-11 19:14:16.605 WARN  (coreCloseExecutor-42-thread-2-processing-localhost:8983_solr) [c:._designer_test s:shard1 r:core_node2 x:._designer_test_shard1_replica_n1] i.o.s.m.SdkObservableInstrument CallbackRegistration{instrumentDescriptors=[InstrumentDescriptor{name=solr_core_update_commit_stats, description=Metrics around commits, unit=, type=OBSERVABLE_GAUGE, valueType=LONG, advice=Advice{explicitBucketBoundaries=null, attributes=null}}]} has called close() multiple times.
2026-04-11 19:14:16.605 WARN  (coreCloseExecutor-42-thread-2-processing-localhost:8983_solr) [c:._designer_test s:shard1 r:core_node2 x:._designer_test_shard1_replica_n1] i.o.s.m.SdkObservableInstrument CallbackRegistration{instrumentDescriptors=[InstrumentDescriptor{name=solr_core_update_docs_pending_commit, description=Current number of documents pending commit. Value is reset to 0 on commit., unit=, type=OBSERVABLE_GAUGE, valueType=LONG, advice=Advice{explicitBucketBoundaries=null, attributes=null}}]} has called close() multiple times.
2026-04-11 19:14:16.606 WARN  (coreCloseExecutor-42-thread-1-processing-localhost:8983_solr) [c:._designer_climate_change_core s:shard1 r:core_node2 x:._designer_climate_change_core_shard1_replica_n1] i.o.s.m.SdkObservableInstrument CallbackRegistration{instrumentDescriptors=[InstrumentDescriptor{name=solr_core_update_auto_commits, description=Current number of auto commits, unit=, type=OBSERVABLE_COUNTER, valueType=LONG, advice=Advice{explicitBucketBoundaries=null, attributes=null}}]} has called close() multiple times.
2026-04-11 19:14:16.607 WARN  (coreCloseExecutor-42-thread-1-processing-localhost:8983_solr) [c:._designer_climate_change_core s:shard1 r:core_node2 x:._designer_climate_change_core_shard1_replica_n1] i.o.s.m.SdkObservableInstrument CallbackRegistration{instrumentDescriptors=[InstrumentDescriptor{name=solr_core_update_commit_stats, description=Metrics around commits, unit=, type=OBSERVABLE_GAUGE, valueType=LONG, advice=Advice{explicitBucketBoundaries=null, attributes=null}}]} has called close() multiple times.
2026-04-11 19:14:16.607 WARN  (coreCloseExecutor-42-thread-1-processing-localhost:8983_solr) [c:._designer_climate_change_core s:shard1 r:core_node2 x:._designer_climate_change_core_shard1_replica_n1] i.o.s.m.SdkObservableInstrument CallbackRegistration{instrumentDescriptors=[InstrumentDescriptor{name=solr_core_update_docs_pending_commit, description=Current number of documents pending commit. Value is reset to 0 on commit., unit=, type=OBSERVABLE_GAUGE, valueType=LONG, advice=Advice{explicitBucketBoundaries=null, attributes=null}}]} has called close() multiple times.
2026-04-11 19:14:16.624 INFO  (coreCloseExecutor-42-thread-3-processing-localhost:8983_solr) [c:climate_change_core s:shard1 r:core_node2 x:climate_change_core_shard1_replica_n1] o.a.s.c.SolrCore CLOSING SolrCore org.apache.solr.core.SolrCore@239bff09 climate_change_core_shard1_replica_n1
2026-04-11 19:14:16.636 INFO  (coreCloseExecutor-42-thread-1-processing-localhost:8983_solr) [c:._designer_climate_change_core s:shard1 r:core_node2 x:._designer_climate_change_core_shard1_replica_n1] o.a.s.u.DirectUpdateHandler2 Committing on IndexWriter.close()  ... SKIPPED (unnecessary).
2026-04-11 19:14:16.636 WARN  (coreCloseExecutor-42-thread-3-processing-localhost:8983_solr) [c:climate_change_core s:shard1 r:core_node2 x:climate_change_core_shard1_replica_n1] i.o.s.m.SdkObservableInstrument CallbackRegistration{instrumentDescriptors=[InstrumentDescriptor{name=solr_core_replication_index_version, description=Current index version, unit=, type=OBSERVABLE_GAUGE, valueType=LONG, advice=Advice{explicitBucketBoundaries=null, attributes=null}}, InstrumentDescriptor{name=solr_core_replication_downloaded_size, description=Total bytes downloaded during replication, unit=By, type=OBSERVABLE_GAUGE, valueType=LONG, advice=Advice{explicitBucketBoundaries=null, attributes=null}}, InstrumentDescriptor{name=solr_core_replication_is_polling_disabled, description=Whether polling is disabled (1) or not (0), unit=, type=OBSERVABLE_GAUGE, valueType=LONG, advice=Advice{explicitBucketBoundaries=null, attributes=null}}, InstrumentDescriptor{name=solr_core_replication_download_speed, description=Download speed in bytes per second, unit=, type=OBSERVABLE_GAUGE, valueType=LONG, advice=Advice{explicitBucketBoundaries=null, attributes=null}}, InstrumentDescriptor{name=solr_core_replication_is_leader, description=Whether this node is a leader (1) or not (0), unit=, type=OBSERVABLE_GAUGE, valueType=LONG, advice=Advice{explicitBucketBoundaries=null, attributes=null}}, InstrumentDescriptor{name=solr_core_replication_is_follower, description=Whether this node is a follower (1) or not (0), unit=, type=OBSERVABLE_GAUGE, valueType=LONG, advice=Advice{explicitBucketBoundaries=null, attributes=null}}, InstrumentDescriptor{name=solr_core_replication_index_size, description=Size of the index in megabytes, unit=MBy, type=OBSERVABLE_GAUGE, valueType=DOUBLE, advice=Advice{explicitBucketBoundaries=null, attributes=null}}, InstrumentDescriptor{name=solr_core_replication_is_replicating, description=Whether replication is in progress (1) or not (0), unit=, type=OBSERVABLE_GAUGE, valueType=LONG, advice=Advice{explicitBucketBoundaries=null, attributes=null}}, InstrumentDescriptor{name=solr_core_replication_is_enabled, description=Whether replication is enabled (1) or not (0), unit=, type=OBSERVABLE_GAUGE, valueType=LONG, advice=Advice{explicitBucketBoundaries=null, attributes=null}}, InstrumentDescriptor{name=solr_core_replication_index_generation, description=Current index generation, unit=, type=OBSERVABLE_GAUGE, valueType=LONG, advice=Advice{explicitBucketBoundaries=null, attributes=null}}, InstrumentDescriptor{name=solr_core_replication_time_elapsed, description=Time elapsed during replication in seconds, unit=s, type=OBSERVABLE_GAUGE, valueType=LONG, advice=Advice{explicitBucketBoundaries=null, attributes=null}}]} has called close() multiple times.
2026-04-11 19:14:16.646 WARN  (coreCloseExecutor-42-thread-3-processing-localhost:8983_solr) [c:climate_change_core s:shard1 r:core_node2 x:climate_change_core_shard1_replica_n1] i.o.s.m.SdkObservableInstrument CallbackRegistration{instrumentDescriptors=[InstrumentDescriptor{name=solr_core_update_auto_commits, description=Current number of auto commits, unit=, type=OBSERVABLE_COUNTER, valueType=LONG, advice=Advice{explicitBucketBoundaries=null, attributes=null}}]} has called close() multiple times.
2026-04-11 19:14:16.647 WARN  (coreCloseExecutor-42-thread-3-processing-localhost:8983_solr) [c:climate_change_core s:shard1 r:core_node2 x:climate_change_core_shard1_replica_n1] i.o.s.m.SdkObservableInstrument CallbackRegistration{instrumentDescriptors=[InstrumentDescriptor{name=solr_core_update_commit_stats, description=Metrics around commits, unit=, type=OBSERVABLE_GAUGE, valueType=LONG, advice=Advice{explicitBucketBoundaries=null, attributes=null}}]} has called close() multiple times.
2026-04-11 19:14:16.647 WARN  (coreCloseExecutor-42-thread-3-processing-localhost:8983_solr) [c:climate_change_core s:shard1 r:core_node2 x:climate_change_core_shard1_replica_n1] i.o.s.m.SdkObservableInstrument CallbackRegistration{instrumentDescriptors=[InstrumentDescriptor{name=solr_core_update_docs_pending_commit, description=Current number of documents pending commit. Value is reset to 0 on commit., unit=, type=OBSERVABLE_GAUGE, valueType=LONG, advice=Advice{explicitBucketBoundaries=null, attributes=null}}]} has called close() multiple times.
2026-04-11 19:14:16.647 INFO  (coreCloseExecutor-42-thread-3-processing-localhost:8983_solr) [c:climate_change_core s:shard1 r:core_node2 x:climate_change_core_shard1_replica_n1] o.a.s.u.DirectUpdateHandler2 Committing on IndexWriter.close()  ... SKIPPED (unnecessary).
2026-04-11 19:14:16.648 INFO  (coreCloseExecutor-42-thread-2-processing-localhost:8983_solr) [c:._designer_test s:shard1 r:core_node2 x:._designer_test_shard1_replica_n1] o.a.s.u.DirectUpdateHandler2 Committing on IndexWriter.close()  ... SKIPPED (unnecessary).
2026-04-11 19:14:16.669 INFO  (zkCallback-12-thread-2) [] o.a.s.c.c.ZkStateReader A cluster state change: [WatchedEvent state:SyncConnected type:NodeDataChanged path:/collections/._designer_test/state.json zxid: -1] for collection [._designer_test] has occurred - updating... (live nodes size: [0])
2026-04-11 19:14:16.687 INFO  (zkCallback-12-thread-2) [] o.a.s.c.c.ZkStateReader A cluster state change: [WatchedEvent state:SyncConnected type:NodeDataChanged path:/collections/climate_change_core/state.json zxid: -1] for collection [climate_change_core] has occurred - updating... (live nodes size: [0])
2026-04-11 19:14:16.708 INFO  (zkCallback-12-thread-3) [] o.a.s.c.c.ZkStateReader A cluster state change: [WatchedEvent state:SyncConnected type:NodeDataChanged path:/collections/._designer_climate_change_core/state.json zxid: -1] for collection [._designer_climate_change_core] has occurred - updating... (live nodes size: [0])
2026-04-11 19:14:16.769 WARN  (coreCloseExecutor-42-thread-2-processing-localhost:8983_solr) [c:._designer_test s:shard1 r:core_node2 x:._designer_test_shard1_replica_n1] i.o.s.m.SdkObservableInstrument CallbackRegistration{instrumentDescriptors=[InstrumentDescriptor{name=solr_core_indexsearcher_cache_lookups, description=Number of cumulative cache lookup results (hits and misses), unit=, type=OBSERVABLE_COUNTER, valueType=LONG, advice=Advice{explicitBucketBoundaries=null, attributes=null}}, InstrumentDescriptor{name=solr_core_indexsearcher_cache_ram_used, description=RAM bytes used by cache, unit=By, type=OBSERVABLE_GAUGE, valueType=LONG, advice=Advice{explicitBucketBoundaries=null, attributes=null}}, InstrumentDescriptor{name=solr_core_indexsearcher_cache_size, description=Current number cache entries, unit=, type=OBSERVABLE_GAUGE, valueType=LONG, advice=Advice{explicitBucketBoundaries=null, attributes=null}}, InstrumentDescriptor{name=solr_core_indexsearcher_cache_ops, description=Number of cumulative cache operations (inserts and evictions), unit=, type=OBSERVABLE_COUNTER, valueType=LONG, advice=Advice{explicitBucketBoundaries=null, attributes=null}}, InstrumentDescriptor{name=solr_core_indexsearcher_cache_warmup_time, description=Cache warmup time (most recent), unit=ms, type=OBSERVABLE_GAUGE, valueType=LONG, advice=Advice{explicitBucketBoundaries=null, attributes=null}}]} has called close() multiple times.
2026-04-11 19:14:16.769 WARN  (coreCloseExecutor-42-thread-2-processing-localhost:8983_solr) [c:._designer_test s:shard1 r:core_node2 x:._designer_test_shard1_replica_n1] i.o.s.m.SdkObservableInstrument CallbackRegistration{instrumentDescriptors=[InstrumentDescriptor{name=solr_core_indexsearcher_cache_ram_used, description=RAM bytes used by cache, unit=By, type=OBSERVABLE_GAUGE, valueType=LONG, advice=Advice{explicitBucketBoundaries=null, attributes=null}}, InstrumentDescriptor{name=solr_core_indexsearcher_cache_warmup_time, description=Cache warmup time (most recent), unit=ms, type=OBSERVABLE_GAUGE, valueType=LONG, advice=Advice{explicitBucketBoundaries=null, attributes=null}}, InstrumentDescriptor{name=solr_core_indexsearcher_cache_size, description=Current number cache entries, unit=, type=OBSERVABLE_GAUGE, valueType=LONG, advice=Advice{explicitBucketBoundaries=null, attributes=null}}, InstrumentDescriptor{name=solr_core_indexsearcher_cache_lookups, description=Number of cumulative cache lookup results (hits and misses), unit=, type=OBSERVABLE_COUNTER, valueType=LONG, advice=Advice{explicitBucketBoundaries=null, attributes=null}}, InstrumentDescriptor{name=solr_core_indexsearcher_cache_ops, description=Number of cumulative cache operations (inserts and evictions), unit=, type=OBSERVABLE_COUNTER, valueType=LONG, advice=Advice{explicitBucketBoundaries=null, attributes=null}}]} has called close() multiple times.
2026-04-11 19:14:16.770 WARN  (coreCloseExecutor-42-thread-2-processing-localhost:8983_solr) [c:._designer_test s:shard1 r:core_node2 x:._designer_test_shard1_replica_n1] i.o.s.m.SdkObservableInstrument CallbackRegistration{instrumentDescriptors=[InstrumentDescriptor{name=solr_core_indexsearcher_cache_lookups, description=Number of cumulative cache lookup results (hits and misses), unit=, type=OBSERVABLE_COUNTER, valueType=LONG, advice=Advice{explicitBucketBoundaries=null, attributes=null}}, InstrumentDescriptor{name=solr_core_indexsearcher_cache_warmup_time, description=Cache warmup time (most recent), unit=ms, type=OBSERVABLE_GAUGE, valueType=LONG, advice=Advice{explicitBucketBoundaries=null, attributes=null}}, InstrumentDescriptor{name=solr_core_indexsearcher_cache_size, description=Current number cache entries, unit=, type=OBSERVABLE_GAUGE, valueType=LONG, advice=Advice{explicitBucketBoundaries=null, attributes=null}}, InstrumentDescriptor{name=solr_core_indexsearcher_cache_ram_used, description=RAM bytes used by cache, unit=By, type=OBSERVABLE_GAUGE, valueType=LONG, advice=Advice{explicitBucketBoundaries=null, attributes=null}}, InstrumentDescriptor{name=solr_core_indexsearcher_cache_ops, description=Number of cumulative cache operations (inserts and evictions), unit=, type=OBSERVABLE_COUNTER, valueType=LONG, advice=Advice{explicitBucketBoundaries=null, attributes=null}}]} has called close() multiple times.
2026-04-11 19:14:16.771 WARN  (coreCloseExecutor-42-thread-2-processing-localhost:8983_solr) [c:._designer_test s:shard1 r:core_node2 x:._designer_test_shard1_replica_n1] i.o.s.m.SdkObservableInstrument CallbackRegistration{instrumentDescriptors=[InstrumentDescriptor{name=solr_core_indexsearcher_cache_size, description=Current number cache entries, unit=, type=OBSERVABLE_GAUGE, valueType=LONG, advice=Advice{explicitBucketBoundaries=null, attributes=null}}, InstrumentDescriptor{name=solr_core_indexsearcher_cache_ops, description=Number of cumulative cache operations (inserts and evictions), unit=, type=OBSERVABLE_COUNTER, valueType=LONG, advice=Advice{explicitBucketBoundaries=null, attributes=null}}, InstrumentDescriptor{name=solr_core_indexsearcher_cache_lookups, description=Number of cumulative cache lookup results (hits and misses), unit=, type=OBSERVABLE_COUNTER, valueType=LONG, advice=Advice{explicitBucketBoundaries=null, attributes=null}}, InstrumentDescriptor{name=solr_core_indexsearcher_cache_warmup_time, description=Cache warmup time (most recent), unit=ms, type=OBSERVABLE_GAUGE, valueType=LONG, advice=Advice{explicitBucketBoundaries=null, attributes=null}}, InstrumentDescriptor{name=solr_core_indexsearcher_cache_ram_used, description=RAM bytes used by cache, unit=By, type=OBSERVABLE_GAUGE, valueType=LONG, advice=Advice{explicitBucketBoundaries=null, attributes=null}}]} has called close() multiple times.
2026-04-11 19:14:16.771 WARN  (coreCloseExecutor-42-thread-1-processing-localhost:8983_solr) [c:._designer_climate_change_core s:shard1 r:core_node2 x:._designer_climate_change_core_shard1_replica_n1] i.o.s.m.SdkObservableInstrument CallbackRegistration{instrumentDescriptors=[InstrumentDescriptor{name=solr_core_indexsearcher_cache_ram_used, description=RAM bytes used by cache, unit=By, type=OBSERVABLE_GAUGE, valueType=LONG, advice=Advice{explicitBucketBoundaries=null, attributes=null}}, InstrumentDescriptor{name=solr_core_indexsearcher_cache_lookups, description=Number of cumulative cache lookup results (hits and misses), unit=, type=OBSERVABLE_COUNTER, valueType=LONG, advice=Advice{explicitBucketBoundaries=null, attributes=null}}, InstrumentDescriptor{name=solr_core_indexsearcher_cache_warmup_time, description=Cache warmup time (most recent), unit=ms, type=OBSERVABLE_GAUGE, valueType=LONG, advice=Advice{explicitBucketBoundaries=null, attributes=null}}, InstrumentDescriptor{name=solr_core_indexsearcher_cache_ops, description=Number of cumulative cache operations (inserts and evictions), unit=, type=OBSERVABLE_COUNTER, valueType=LONG, advice=Advice{explicitBucketBoundaries=null, attributes=null}}, InstrumentDescriptor{name=solr_core_indexsearcher_cache_size, description=Current number cache entries, unit=, type=OBSERVABLE_GAUGE, valueType=LONG, advice=Advice{explicitBucketBoundaries=null, attributes=null}}]} has called close() multiple times.
2026-04-11 19:14:16.771 WARN  (coreCloseExecutor-42-thread-1-processing-localhost:8983_solr) [c:._designer_climate_change_core s:shard1 r:core_node2 x:._designer_climate_change_core_shard1_replica_n1] i.o.s.m.SdkObservableInstrument CallbackRegistration{instrumentDescriptors=[InstrumentDescriptor{name=solr_core_indexsearcher_cache_size, description=Current number cache entries, unit=, type=OBSERVABLE_GAUGE, valueType=LONG, advice=Advice{explicitBucketBoundaries=null, attributes=null}}, InstrumentDescriptor{name=solr_core_indexsearcher_cache_lookups, description=Number of cumulative cache lookup results (hits and misses), unit=, type=OBSERVABLE_COUNTER, valueType=LONG, advice=Advice{explicitBucketBoundaries=null, attributes=null}}, InstrumentDescriptor{name=solr_core_indexsearcher_cache_warmup_time, description=Cache warmup time (most recent), unit=ms, type=OBSERVABLE_GAUGE, valueType=LONG, advice=Advice{explicitBucketBoundaries=null, attributes=null}}, InstrumentDescriptor{name=solr_core_indexsearcher_cache_ram_used, description=RAM bytes used by cache, unit=By, type=OBSERVABLE_GAUGE, valueType=LONG, advice=Advice{explicitBucketBoundaries=null, attributes=null}}, InstrumentDescriptor{name=solr_core_indexsearcher_cache_ops, description=Number of cumulative cache operations (inserts and evictions), unit=, type=OBSERVABLE_COUNTER, valueType=LONG, advice=Advice{explicitBucketBoundaries=null, attributes=null}}]} has called close() multiple times.
2026-04-11 19:14:16.772 WARN  (coreCloseExecutor-42-thread-1-processing-localhost:8983_solr) [c:._designer_climate_change_core s:shard1 r:core_node2 x:._designer_climate_change_core_shard1_replica_n1] i.o.s.m.SdkObservableInstrument CallbackRegistration{instrumentDescriptors=[InstrumentDescriptor{name=solr_core_indexsearcher_cache_lookups, description=Number of cumulative cache lookup results (hits and misses), unit=, type=OBSERVABLE_COUNTER, valueType=LONG, advice=Advice{explicitBucketBoundaries=null, attributes=null}}, InstrumentDescriptor{name=solr_core_indexsearcher_cache_ops, description=Number of cumulative cache operations (inserts and evictions), unit=, type=OBSERVABLE_COUNTER, valueType=LONG, advice=Advice{explicitBucketBoundaries=null, attributes=null}}, InstrumentDescriptor{name=solr_core_indexsearcher_cache_size, description=Current number cache entries, unit=, type=OBSERVABLE_GAUGE, valueType=LONG, advice=Advice{explicitBucketBoundaries=null, attributes=null}}, InstrumentDescriptor{name=solr_core_indexsearcher_cache_ram_used, description=RAM bytes used by cache, unit=By, type=OBSERVABLE_GAUGE, valueType=LONG, advice=Advice{explicitBucketBoundaries=null, attributes=null}}, InstrumentDescriptor{name=solr_core_indexsearcher_cache_warmup_time, description=Cache warmup time (most recent), unit=ms, type=OBSERVABLE_GAUGE, valueType=LONG, advice=Advice{explicitBucketBoundaries=null, attributes=null}}]} has called close() multiple times.
2026-04-11 19:14:16.772 WARN  (coreCloseExecutor-42-thread-1-processing-localhost:8983_solr) [c:._designer_climate_change_core s:shard1 r:core_node2 x:._designer_climate_change_core_shard1_replica_n1] i.o.s.m.SdkObservableInstrument CallbackRegistration{instrumentDescriptors=[InstrumentDescriptor{name=solr_core_indexsearcher_cache_warmup_time, description=Cache warmup time (most recent), unit=ms, type=OBSERVABLE_GAUGE, valueType=LONG, advice=Advice{explicitBucketBoundaries=null, attributes=null}}, InstrumentDescriptor{name=solr_core_indexsearcher_cache_ops, description=Number of cumulative cache operations (inserts and evictions), unit=, type=OBSERVABLE_COUNTER, valueType=LONG, advice=Advice{explicitBucketBoundaries=null, attributes=null}}, InstrumentDescriptor{name=solr_core_indexsearcher_cache_size, description=Current number cache entries, unit=, type=OBSERVABLE_GAUGE, valueType=LONG, advice=Advice{explicitBucketBoundaries=null, attributes=null}}, InstrumentDescriptor{name=solr_core_indexsearcher_cache_lookups, description=Number of cumulative cache lookup results (hits and misses), unit=, type=OBSERVABLE_COUNTER, valueType=LONG, advice=Advice{explicitBucketBoundaries=null, attributes=null}}, InstrumentDescriptor{name=solr_core_indexsearcher_cache_ram_used, description=RAM bytes used by cache, unit=By, type=OBSERVABLE_GAUGE, valueType=LONG, advice=Advice{explicitBucketBoundaries=null, attributes=null}}]} has called close() multiple times.
2026-04-11 19:14:16.772 WARN  (coreCloseExecutor-42-thread-1-processing-localhost:8983_solr) [c:._designer_climate_change_core s:shard1 r:core_node2 x:._designer_climate_change_core_shard1_replica_n1] i.o.s.m.SdkObservableInstrument CallbackRegistration{instrumentDescriptors=[InstrumentDescriptor{name=solr_core_indexsearcher_cache_ops, description=Number of cumulative cache operations (inserts and evictions), unit=, type=OBSERVABLE_COUNTER, valueType=LONG, advice=Advice{explicitBucketBoundaries=null, attributes=null}}, InstrumentDescriptor{name=solr_core_indexsearcher_cache_warmup_time, description=Cache warmup time (most recent), unit=ms, type=OBSERVABLE_GAUGE, valueType=LONG, advice=Advice{explicitBucketBoundaries=null, attributes=null}}, InstrumentDescriptor{name=solr_core_indexsearcher_cache_ram_used, description=RAM bytes used by cache, unit=By, type=OBSERVABLE_GAUGE, valueType=LONG, advice=Advice{explicitBucketBoundaries=null, attributes=null}}, InstrumentDescriptor{name=solr_core_indexsearcher_cache_size, description=Current number cache entries, unit=, type=OBSERVABLE_GAUGE, valueType=LONG, advice=Advice{explicitBucketBoundaries=null, attributes=null}}, InstrumentDescriptor{name=solr_core_indexsearcher_cache_lookups, description=Number of cumulative cache lookup results (hits and misses), unit=, type=OBSERVABLE_COUNTER, valueType=LONG, advice=Advice{explicitBucketBoundaries=null, attributes=null}}]} has called close() multiple times.
2026-04-11 19:14:16.772 WARN  (coreCloseExecutor-42-thread-1-processing-localhost:8983_solr) [c:._designer_climate_change_core s:shard1 r:core_node2 x:._designer_climate_change_core_shard1_replica_n1] i.o.s.m.SdkObservableInstrument CallbackRegistration{instrumentDescriptors=[InstrumentDescriptor{name=solr_core_indexsearcher_termstats_cache, description=Operation counts for the searcher term statistics cache, reported per operation type, unit=, type=OBSERVABLE_GAUGE, valueType=LONG, advice=Advice{explicitBucketBoundaries=null, attributes=null}}]} has called close() multiple times.
2026-04-11 19:14:16.773 WARN  (coreCloseExecutor-42-thread-1-processing-localhost:8983_solr) [c:._designer_climate_change_core s:shard1 r:core_node2 x:._designer_climate_change_core_shard1_replica_n1] i.o.s.m.SdkObservableInstrument CallbackRegistration{instrumentDescriptors=[InstrumentDescriptor{name=solr_core_indexsearcher_live_docs_cache, description=LiveDocs cache metrics, unit=, type=OBSERVABLE_COUNTER, valueType=LONG, advice=Advice{explicitBucketBoundaries=null, attributes=null}}]} has called close() multiple times.
2026-04-11 19:14:16.775 WARN  (coreCloseExecutor-42-thread-1-processing-localhost:8983_solr) [c:._designer_climate_change_core s:shard1 r:core_node2 x:._designer_climate_change_core_shard1_replica_n1] i.o.s.m.SdkObservableInstrument CallbackRegistration{instrumentDescriptors=[InstrumentDescriptor{name=solr_core_indexsearcher_index_num_docs, description=Number of live docs in the index, unit=, type=OBSERVABLE_GAUGE, valueType=LONG, advice=Advice{explicitBucketBoundaries=null, attributes=null}}]} has called close() multiple times.
2026-04-11 19:14:16.775 WARN  (coreCloseExecutor-42-thread-1-processing-localhost:8983_solr) [c:._designer_climate_change_core s:shard1 r:core_node2 x:._designer_climate_change_core_shard1_replica_n1] i.o.s.m.SdkObservableInstrument CallbackRegistration{instrumentDescriptors=[InstrumentDescriptor{name=solr_core_indexsearcher_index_docs, description=Total number of docs in the index (including deletions), unit=, type=OBSERVABLE_GAUGE, valueType=LONG, advice=Advice{explicitBucketBoundaries=null, attributes=null}}]} has called close() multiple times.
2026-04-11 19:14:16.775 WARN  (coreCloseExecutor-42-thread-1-processing-localhost:8983_solr) [c:._designer_climate_change_core s:shard1 r:core_node2 x:._designer_climate_change_core_shard1_replica_n1] i.o.s.m.SdkObservableInstrument CallbackRegistration{instrumentDescriptors=[InstrumentDescriptor{name=solr_core_indexsearcher_index_version, description=Lucene index version, unit=, type=OBSERVABLE_GAUGE, valueType=LONG, advice=Advice{explicitBucketBoundaries=null, attributes=null}}]} has called close() multiple times.
2026-04-11 19:14:16.779 WARN  (coreCloseExecutor-42-thread-2-processing-localhost:8983_solr) [c:._designer_test s:shard1 r:core_node2 x:._designer_test_shard1_replica_n1] i.o.s.m.SdkObservableInstrument CallbackRegistration{instrumentDescriptors=[InstrumentDescriptor{name=solr_core_indexsearcher_cache_lookups, description=Number of cumulative cache lookup results (hits and misses), unit=, type=OBSERVABLE_COUNTER, valueType=LONG, advice=Advice{explicitBucketBoundaries=null, attributes=null}}, InstrumentDescriptor{name=solr_core_indexsearcher_cache_ops, description=Number of cumulative cache operations (inserts and evictions), unit=, type=OBSERVABLE_COUNTER, valueType=LONG, advice=Advice{explicitBucketBoundaries=null, attributes=null}}, InstrumentDescriptor{name=solr_core_indexsearcher_cache_size, description=Current number cache entries, unit=, type=OBSERVABLE_GAUGE, valueType=LONG, advice=Advice{explicitBucketBoundaries=null, attributes=null}}, InstrumentDescriptor{name=solr_core_indexsearcher_cache_warmup_time, description=Cache warmup time (most recent), unit=ms, type=OBSERVABLE_GAUGE, valueType=LONG, advice=Advice{explicitBucketBoundaries=null, attributes=null}}, InstrumentDescriptor{name=solr_core_indexsearcher_cache_ram_used, description=RAM bytes used by cache, unit=By, type=OBSERVABLE_GAUGE, valueType=LONG, advice=Advice{explicitBucketBoundaries=null, attributes=null}}]} has called close() multiple times.
2026-04-11 19:14:16.779 WARN  (coreCloseExecutor-42-thread-2-processing-localhost:8983_solr) [c:._designer_test s:shard1 r:core_node2 x:._designer_test_shard1_replica_n1] i.o.s.m.SdkObservableInstrument CallbackRegistration{instrumentDescriptors=[InstrumentDescriptor{name=solr_core_indexsearcher_termstats_cache, description=Operation counts for the searcher term statistics cache, reported per operation type, unit=, type=OBSERVABLE_GAUGE, valueType=LONG, advice=Advice{explicitBucketBoundaries=null, attributes=null}}]} has called close() multiple times.
2026-04-11 19:14:16.780 WARN  (coreCloseExecutor-42-thread-2-processing-localhost:8983_solr) [c:._designer_test s:shard1 r:core_node2 x:._designer_test_shard1_replica_n1] i.o.s.m.SdkObservableInstrument CallbackRegistration{instrumentDescriptors=[InstrumentDescriptor{name=solr_core_indexsearcher_live_docs_cache, description=LiveDocs cache metrics, unit=, type=OBSERVABLE_COUNTER, valueType=LONG, advice=Advice{explicitBucketBoundaries=null, attributes=null}}]} has called close() multiple times.
2026-04-11 19:14:16.781 WARN  (coreCloseExecutor-42-thread-2-processing-localhost:8983_solr) [c:._designer_test s:shard1 r:core_node2 x:._designer_test_shard1_replica_n1] i.o.s.m.SdkObservableInstrument CallbackRegistration{instrumentDescriptors=[InstrumentDescriptor{name=solr_core_indexsearcher_index_num_docs, description=Number of live docs in the index, unit=, type=OBSERVABLE_GAUGE, valueType=LONG, advice=Advice{explicitBucketBoundaries=null, attributes=null}}]} has called close() multiple times.
2026-04-11 19:14:16.781 WARN  (coreCloseExecutor-42-thread-2-processing-localhost:8983_solr) [c:._designer_test s:shard1 r:core_node2 x:._designer_test_shard1_replica_n1] i.o.s.m.SdkObservableInstrument CallbackRegistration{instrumentDescriptors=[InstrumentDescriptor{name=solr_core_indexsearcher_index_docs, description=Total number of docs in the index (including deletions), unit=, type=OBSERVABLE_GAUGE, valueType=LONG, advice=Advice{explicitBucketBoundaries=null, attributes=null}}]} has called close() multiple times.
2026-04-11 19:14:16.781 WARN  (coreCloseExecutor-42-thread-2-processing-localhost:8983_solr) [c:._designer_test s:shard1 r:core_node2 x:._designer_test_shard1_replica_n1] i.o.s.m.SdkObservableInstrument CallbackRegistration{instrumentDescriptors=[InstrumentDescriptor{name=solr_core_indexsearcher_index_version, description=Lucene index version, unit=, type=OBSERVABLE_GAUGE, valueType=LONG, advice=Advice{explicitBucketBoundaries=null, attributes=null}}]} has called close() multiple times.
2026-04-11 19:14:16.802 WARN  (coreCloseExecutor-42-thread-1-processing-localhost:8983_solr) [c:._designer_climate_change_core s:shard1 r:core_node2 x:._designer_climate_change_core_shard1_replica_n1] i.o.s.m.SdkObservableInstrument CallbackRegistration{instrumentDescriptors=[InstrumentDescriptor{name=solr_core_ref_count, description=The current number of active references to a Solr core, unit=, type=OBSERVABLE_GAUGE, valueType=LONG, advice=Advice{explicitBucketBoundaries=null, attributes=null}}]} has called close() multiple times.
2026-04-11 19:14:16.802 WARN  (coreCloseExecutor-42-thread-1-processing-localhost:8983_solr) [c:._designer_climate_change_core s:shard1 r:core_node2 x:._designer_climate_change_core_shard1_replica_n1] i.o.s.m.SdkObservableInstrument CallbackRegistration{instrumentDescriptors=[InstrumentDescriptor{name=solr_core_is_leader, description=Indicates whether this Solr core is currently the leader, unit=, type=OBSERVABLE_GAUGE, valueType=LONG, advice=Advice{explicitBucketBoundaries=null, attributes=null}}]} has called close() multiple times.
2026-04-11 19:14:16.802 WARN  (coreCloseExecutor-42-thread-2-processing-localhost:8983_solr) [c:._designer_test s:shard1 r:core_node2 x:._designer_test_shard1_replica_n1] i.o.s.m.SdkObservableInstrument CallbackRegistration{instrumentDescriptors=[InstrumentDescriptor{name=solr_core_ref_count, description=The current number of active references to a Solr core, unit=, type=OBSERVABLE_GAUGE, valueType=LONG, advice=Advice{explicitBucketBoundaries=null, attributes=null}}]} has called close() multiple times.
2026-04-11 19:14:16.803 WARN  (coreCloseExecutor-42-thread-2-processing-localhost:8983_solr) [c:._designer_test s:shard1 r:core_node2 x:._designer_test_shard1_replica_n1] i.o.s.m.SdkObservableInstrument CallbackRegistration{instrumentDescriptors=[InstrumentDescriptor{name=solr_core_is_leader, description=Indicates whether this Solr core is currently the leader, unit=, type=OBSERVABLE_GAUGE, valueType=LONG, advice=Advice{explicitBucketBoundaries=null, attributes=null}}]} has called close() multiple times.
2026-04-11 19:14:16.901 WARN  (coreCloseExecutor-42-thread-3-processing-localhost:8983_solr) [c:climate_change_core s:shard1 r:core_node2 x:climate_change_core_shard1_replica_n1] i.o.s.m.SdkObservableInstrument CallbackRegistration{instrumentDescriptors=[InstrumentDescriptor{name=solr_core_indexsearcher_cache_ram_used, description=RAM bytes used by cache, unit=By, type=OBSERVABLE_GAUGE, valueType=LONG, advice=Advice{explicitBucketBoundaries=null, attributes=null}}, InstrumentDescriptor{name=solr_core_indexsearcher_cache_ops, description=Number of cumulative cache operations (inserts and evictions), unit=, type=OBSERVABLE_COUNTER, valueType=LONG, advice=Advice{explicitBucketBoundaries=null, attributes=null}}, InstrumentDescriptor{name=solr_core_indexsearcher_cache_lookups, description=Number of cumulative cache lookup results (hits and misses), unit=, type=OBSERVABLE_COUNTER, valueType=LONG, advice=Advice{explicitBucketBoundaries=null, attributes=null}}, InstrumentDescriptor{name=solr_core_indexsearcher_cache_warmup_time, description=Cache warmup time (most recent), unit=ms, type=OBSERVABLE_GAUGE, valueType=LONG, advice=Advice{explicitBucketBoundaries=null, attributes=null}}, InstrumentDescriptor{name=solr_core_indexsearcher_cache_size, description=Current number cache entries, unit=, type=OBSERVABLE_GAUGE, valueType=LONG, advice=Advice{explicitBucketBoundaries=null, attributes=null}}]} has called close() multiple times.
2026-04-11 19:14:16.902 WARN  (coreCloseExecutor-42-thread-3-processing-localhost:8983_solr) [c:climate_change_core s:shard1 r:core_node2 x:climate_change_core_shard1_replica_n1] i.o.s.m.SdkObservableInstrument CallbackRegistration{instrumentDescriptors=[InstrumentDescriptor{name=solr_core_indexsearcher_cache_ops, description=Number of cumulative cache operations (inserts and evictions), unit=, type=OBSERVABLE_COUNTER, valueType=LONG, advice=Advice{explicitBucketBoundaries=null, attributes=null}}, InstrumentDescriptor{name=solr_core_indexsearcher_cache_lookups, description=Number of cumulative cache lookup results (hits and misses), unit=, type=OBSERVABLE_COUNTER, valueType=LONG, advice=Advice{explicitBucketBoundaries=null, attributes=null}}, InstrumentDescriptor{name=solr_core_indexsearcher_cache_size, description=Current number cache entries, unit=, type=OBSERVABLE_GAUGE, valueType=LONG, advice=Advice{explicitBucketBoundaries=null, attributes=null}}, InstrumentDescriptor{name=solr_core_indexsearcher_cache_ram_used, description=RAM bytes used by cache, unit=By, type=OBSERVABLE_GAUGE, valueType=LONG, advice=Advice{explicitBucketBoundaries=null, attributes=null}}, InstrumentDescriptor{name=solr_core_indexsearcher_cache_warmup_time, description=Cache warmup time (most recent), unit=ms, type=OBSERVABLE_GAUGE, valueType=LONG, advice=Advice{explicitBucketBoundaries=null, attributes=null}}]} has called close() multiple times.
2026-04-11 19:14:16.903 WARN  (coreCloseExecutor-42-thread-3-processing-localhost:8983_solr) [c:climate_change_core s:shard1 r:core_node2 x:climate_change_core_shard1_replica_n1] i.o.s.m.SdkObservableInstrument CallbackRegistration{instrumentDescriptors=[InstrumentDescriptor{name=solr_core_indexsearcher_cache_ops, description=Number of cumulative cache operations (inserts and evictions), unit=, type=OBSERVABLE_COUNTER, valueType=LONG, advice=Advice{explicitBucketBoundaries=null, attributes=null}}, InstrumentDescriptor{name=solr_core_indexsearcher_cache_size, description=Current number cache entries, unit=, type=OBSERVABLE_GAUGE, valueType=LONG, advice=Advice{explicitBucketBoundaries=null, attributes=null}}, InstrumentDescriptor{name=solr_core_indexsearcher_cache_lookups, description=Number of cumulative cache lookup results (hits and misses), unit=, type=OBSERVABLE_COUNTER, valueType=LONG, advice=Advice{explicitBucketBoundaries=null, attributes=null}}, InstrumentDescriptor{name=solr_core_indexsearcher_cache_warmup_time, description=Cache warmup time (most recent), unit=ms, type=OBSERVABLE_GAUGE, valueType=LONG, advice=Advice{explicitBucketBoundaries=null, attributes=null}}, InstrumentDescriptor{name=solr_core_indexsearcher_cache_ram_used, description=RAM bytes used by cache, unit=By, type=OBSERVABLE_GAUGE, valueType=LONG, advice=Advice{explicitBucketBoundaries=null, attributes=null}}]} has called close() multiple times.
2026-04-11 19:14:16.904 WARN  (coreCloseExecutor-42-thread-3-processing-localhost:8983_solr) [c:climate_change_core s:shard1 r:core_node2 x:climate_change_core_shard1_replica_n1] i.o.s.m.SdkObservableInstrument CallbackRegistration{instrumentDescriptors=[InstrumentDescriptor{name=solr_core_indexsearcher_cache_ram_used, description=RAM bytes used by cache, unit=By, type=OBSERVABLE_GAUGE, valueType=LONG, advice=Advice{explicitBucketBoundaries=null, attributes=null}}, InstrumentDescriptor{name=solr_core_indexsearcher_cache_ops, description=Number of cumulative cache operations (inserts and evictions), unit=, type=OBSERVABLE_COUNTER, valueType=LONG, advice=Advice{explicitBucketBoundaries=null, attributes=null}}, InstrumentDescriptor{name=solr_core_indexsearcher_cache_lookups, description=Number of cumulative cache lookup results (hits and misses), unit=, type=OBSERVABLE_COUNTER, valueType=LONG, advice=Advice{explicitBucketBoundaries=null, attributes=null}}, InstrumentDescriptor{name=solr_core_indexsearcher_cache_warmup_time, description=Cache warmup time (most recent), unit=ms, type=OBSERVABLE_GAUGE, valueType=LONG, advice=Advice{explicitBucketBoundaries=null, attributes=null}}, InstrumentDescriptor{name=solr_core_indexsearcher_cache_size, description=Current number cache entries, unit=, type=OBSERVABLE_GAUGE, valueType=LONG, advice=Advice{explicitBucketBoundaries=null, attributes=null}}]} has called close() multiple times.
2026-04-11 19:14:16.904 WARN  (coreCloseExecutor-42-thread-3-processing-localhost:8983_solr) [c:climate_change_core s:shard1 r:core_node2 x:climate_change_core_shard1_replica_n1] i.o.s.m.SdkObservableInstrument CallbackRegistration{instrumentDescriptors=[InstrumentDescriptor{name=solr_core_indexsearcher_cache_warmup_time, description=Cache warmup time (most recent), unit=ms, type=OBSERVABLE_GAUGE, valueType=LONG, advice=Advice{explicitBucketBoundaries=null, attributes=null}}, InstrumentDescriptor{name=solr_core_indexsearcher_cache_ram_used, description=RAM bytes used by cache, unit=By, type=OBSERVABLE_GAUGE, valueType=LONG, advice=Advice{explicitBucketBoundaries=null, attributes=null}}, InstrumentDescriptor{name=solr_core_indexsearcher_cache_ops, description=Number of cumulative cache operations (inserts and evictions), unit=, type=OBSERVABLE_COUNTER, valueType=LONG, advice=Advice{explicitBucketBoundaries=null, attributes=null}}, InstrumentDescriptor{name=solr_core_indexsearcher_cache_lookups, description=Number of cumulative cache lookup results (hits and misses), unit=, type=OBSERVABLE_COUNTER, valueType=LONG, advice=Advice{explicitBucketBoundaries=null, attributes=null}}, InstrumentDescriptor{name=solr_core_indexsearcher_cache_size, description=Current number cache entries, unit=, type=OBSERVABLE_GAUGE, valueType=LONG, advice=Advice{explicitBucketBoundaries=null, attributes=null}}]} has called close() multiple times.
2026-04-11 19:14:16.904 WARN  (coreCloseExecutor-42-thread-3-processing-localhost:8983_solr) [c:climate_change_core s:shard1 r:core_node2 x:climate_change_core_shard1_replica_n1] i.o.s.m.SdkObservableInstrument CallbackRegistration{instrumentDescriptors=[InstrumentDescriptor{name=solr_core_indexsearcher_termstats_cache, description=Operation counts for the searcher term statistics cache, reported per operation type, unit=, type=OBSERVABLE_GAUGE, valueType=LONG, advice=Advice{explicitBucketBoundaries=null, attributes=null}}]} has called close() multiple times.
2026-04-11 19:14:16.904 WARN  (coreCloseExecutor-42-thread-3-processing-localhost:8983_solr) [c:climate_change_core s:shard1 r:core_node2 x:climate_change_core_shard1_replica_n1] i.o.s.m.SdkObservableInstrument CallbackRegistration{instrumentDescriptors=[InstrumentDescriptor{name=solr_core_indexsearcher_live_docs_cache, description=LiveDocs cache metrics, unit=, type=OBSERVABLE_COUNTER, valueType=LONG, advice=Advice{explicitBucketBoundaries=null, attributes=null}}]} has called close() multiple times.
2026-04-11 19:14:16.905 WARN  (coreCloseExecutor-42-thread-3-processing-localhost:8983_solr) [c:climate_change_core s:shard1 r:core_node2 x:climate_change_core_shard1_replica_n1] i.o.s.m.SdkObservableInstrument CallbackRegistration{instrumentDescriptors=[InstrumentDescriptor{name=solr_core_indexsearcher_index_num_docs, description=Number of live docs in the index, unit=, type=OBSERVABLE_GAUGE, valueType=LONG, advice=Advice{explicitBucketBoundaries=null, attributes=null}}]} has called close() multiple times.
2026-04-11 19:14:16.905 WARN  (coreCloseExecutor-42-thread-3-processing-localhost:8983_solr) [c:climate_change_core s:shard1 r:core_node2 x:climate_change_core_shard1_replica_n1] i.o.s.m.SdkObservableInstrument CallbackRegistration{instrumentDescriptors=[InstrumentDescriptor{name=solr_core_indexsearcher_index_docs, description=Total number of docs in the index (including deletions), unit=, type=OBSERVABLE_GAUGE, valueType=LONG, advice=Advice{explicitBucketBoundaries=null, attributes=null}}]} has called close() multiple times.
2026-04-11 19:14:16.905 WARN  (coreCloseExecutor-42-thread-3-processing-localhost:8983_solr) [c:climate_change_core s:shard1 r:core_node2 x:climate_change_core_shard1_replica_n1] i.o.s.m.SdkObservableInstrument CallbackRegistration{instrumentDescriptors=[InstrumentDescriptor{name=solr_core_indexsearcher_index_version, description=Lucene index version, unit=, type=OBSERVABLE_GAUGE, valueType=LONG, advice=Advice{explicitBucketBoundaries=null, attributes=null}}]} has called close() multiple times.
2026-04-11 19:14:16.910 WARN  (coreCloseExecutor-42-thread-3-processing-localhost:8983_solr) [c:climate_change_core s:shard1 r:core_node2 x:climate_change_core_shard1_replica_n1] i.o.s.m.SdkObservableInstrument CallbackRegistration{instrumentDescriptors=[InstrumentDescriptor{name=solr_core_ref_count, description=The current number of active references to a Solr core, unit=, type=OBSERVABLE_GAUGE, valueType=LONG, advice=Advice{explicitBucketBoundaries=null, attributes=null}}]} has called close() multiple times.
2026-04-11 19:14:16.911 WARN  (coreCloseExecutor-42-thread-3-processing-localhost:8983_solr) [c:climate_change_core s:shard1 r:core_node2 x:climate_change_core_shard1_replica_n1] i.o.s.m.SdkObservableInstrument CallbackRegistration{instrumentDescriptors=[InstrumentDescriptor{name=solr_core_is_leader, description=Indicates whether this Solr core is currently the leader, unit=, type=OBSERVABLE_GAUGE, valueType=LONG, advice=Advice{explicitBucketBoundaries=null, attributes=null}}]} has called close() multiple times.
2026-04-11 19:14:17.149 WARN  (closeThreadPool-40-thread-2-processing-localhost:8983_solr) [] i.o.s.m.SdkObservableInstrument CallbackRegistration{instrumentDescriptors=[InstrumentDescriptor{name=solr_core_executor_thread_pool_size, description=Thread pool size, unit=, type=OBSERVABLE_GAUGE, valueType=LONG, advice=Advice{explicitBucketBoundaries=null, attributes=null}}]} has called close() multiple times.
2026-04-11 19:14:17.150 WARN  (closeThreadPool-40-thread-2-processing-localhost:8983_solr) [] i.o.s.m.SdkObservableInstrument CallbackRegistration{instrumentDescriptors=[InstrumentDescriptor{name=solr_core_executor_thread_pool_tasks, description=Thread pool task counts, unit=, type=OBSERVABLE_GAUGE, valueType=LONG, advice=Advice{explicitBucketBoundaries=null, attributes=null}}]} has called close() multiple times.
2026-04-11 19:14:17.151 WARN  (closeThreadPool-40-thread-2-processing-localhost:8983_solr) [] i.o.s.m.SdkObservableInstrument CallbackRegistration{instrumentDescriptors=[InstrumentDescriptor{name=solr_core_executor_thread_pool_size, description=Thread pool size, unit=, type=OBSERVABLE_GAUGE, valueType=LONG, advice=Advice{explicitBucketBoundaries=null, attributes=null}}]} has called close() multiple times.
2026-04-11 19:14:17.151 WARN  (closeThreadPool-40-thread-1-processing-localhost:8983_solr) [] i.o.s.m.SdkObservableInstrument CallbackRegistration{instrumentDescriptors=[InstrumentDescriptor{name=solr_core_executor_thread_pool_size, description=Thread pool size, unit=, type=OBSERVABLE_GAUGE, valueType=LONG, advice=Advice{explicitBucketBoundaries=null, attributes=null}}]} has called close() multiple times.
2026-04-11 19:14:17.151 WARN  (closeThreadPool-40-thread-2-processing-localhost:8983_solr) [] i.o.s.m.SdkObservableInstrument CallbackRegistration{instrumentDescriptors=[InstrumentDescriptor{name=solr_core_executor_thread_pool_tasks, description=Thread pool task counts, unit=, type=OBSERVABLE_GAUGE, valueType=LONG, advice=Advice{explicitBucketBoundaries=null, attributes=null}}]} has called close() multiple times.
2026-04-11 19:14:17.151 WARN  (closeThreadPool-40-thread-1-processing-localhost:8983_solr) [] i.o.s.m.SdkObservableInstrument CallbackRegistration{instrumentDescriptors=[InstrumentDescriptor{name=solr_core_executor_thread_pool_tasks, description=Thread pool task counts, unit=, type=OBSERVABLE_GAUGE, valueType=LONG, advice=Advice{explicitBucketBoundaries=null, attributes=null}}]} has called close() multiple times.
2026-04-11 19:14:17.154 INFO  (closeThreadPool-43-thread-1-processing-localhost:8983_solr) [] o.a.s.c.Overseer Overseer (id=72071126783950848-localhost:8983_solr-n_0000000333) closing
2026-04-11 19:14:17.155 INFO  (OverseerStateUpdate-72071126783950848-localhost:8983_solr-n_0000000333) [] o.a.s.c.Overseer Overseer Loop exiting : localhost:8983_solr
2026-04-11 19:14:17.156 WARN  (OverseerCollectionConfigSetProcessor-72071126783950848-localhost:8983_solr-n_0000000333) [] i.o.s.m.SdkObservableInstrument CallbackRegistration{instrumentDescriptors=[InstrumentDescriptor{name=solr_overseer_collection_work_queue_size, description=Size of overseer's collection work queue, unit=, type=OBSERVABLE_GAUGE, valueType=LONG, advice=Advice{explicitBucketBoundaries=null, attributes=null}}]} has called close() multiple times.
2026-04-11 19:14:17.159 INFO  (closeThreadPool-43-thread-2-processing-localhost:8983_solr) [] o.a.s.c.Overseer Overseer (id=72071126783950848-localhost:8983_solr-n_0000000333) closing
2026-04-11 19:14:17.162 INFO  (Curator-Framework-0) [] o.a.c.f.i.CuratorFrameworkImpl backgroundOperationsLoop exiting
2026-04-11 19:14:17.345 INFO  (ShutdownMonitor) [] o.a.s.c.Overseer Overseer (id=72071126783950848-localhost:8983_solr-n_0000000333) closing
2026-04-11 19:14:17.347 WARN  (embeddedZkServer) [] o.a.z.s.ZooKeeperServerMain Server interrupted =>java.lang.InterruptedException
	at java.base/java.util.concurrent.locks.AbstractQueuedSynchronizer.acquireSharedInterruptibly(AbstractQueuedSynchronizer.java:1100)

2026-04-11 19:14:17.349 INFO  (embeddedZkServer) [] o.a.s.c.SolrZkServer ZooKeeper Server exited.
2026-04-11 19:14:17.435 INFO  (ShutdownMonitor) [] o.e.j.e.s.ServletContextHandler Stopped oeje10w.WebAppContext@7f9e1534{solr-jetty-context,/solr,b=null,a=AVAILABLE,h=oeje10s.SessionHandler@138a7441{STOPPED}}{C:\Users\zhixu\OneDrive - Nanyang Technological University\Y4S2\SC4021\Assignment\SC4021\solr-10.0.0\server/solr-webapp/webapp}
